{
  "label_aps": {
    "car": {
      "0.5": 0.44080080127938437,
      "1.0": 0.5969672541639546,
      "2.0": 0.6559043893740274,
      "4.0": 0.6898406038835923
    },
    "truck": {
      "0.5": 0.06540709793024156,
      "1.0": 0.1613728305547353,
      "2.0": 0.2125790327819175,
      "4.0": 0.2347059539576739
    },
    "bus": {
      "0.5": 0.07376085023762115,
      "1.0": 0.29955364020212033,
      "2.0": 0.46141326638223007,
      "4.0": 0.4783359104317194
    },
    "trailer": {
      "0.5": 0.00021831197493949177,
      "1.0": 0.055219985275435216,
      "2.0": 0.10080719149244241,
      "4.0": 0.1253114545573681
    },
    "construction_vehicle": {
      "0.5": 0.0,
      "1.0": 0.0011171856769200631,
      "2.0": 0.029974231266940692,
      "4.0": 0.04253234296424804
    },
    "pedestrian": {
      "0.5": 0.29545803372428625,
      "1.0": 0.40626766777288,
      "2.0": 0.4549783507652107,
      "4.0": 0.4982074540750537
    },
    "motorcycle": {
      "0.5": 0.0004067494970882955,
      "1.0": 0.00835101537758086,
      "2.0": 0.011055658798481078,
      "4.0": 0.013891931064171767
    },
    "bicycle": {
      "0.5": 0.0,
      "1.0": 0.0,
      "2.0": 0.0,
      "4.0": 0.0
    },
    "traffic_cone": {
      "0.5": 0.0663723557872077,
      "1.0": 0.1251709108909895,
      "2.0": 0.17960502622571373,
      "4.0": 0.23755123689254698
    },
    "barrier": {
      "0.5": 0.06802630962364288,
      "1.0": 0.32418317336957464,
      "2.0": 0.42727507840846884,
      "4.0": 0.47269419294823284
    }
  },
  "mean_dist_aps": {
    "car": 0.5958782621752396,
    "truck": 0.16851622880614206,
    "bus": 0.32826591681342276,
    "trailer": 0.0703892358250463,
    "construction_vehicle": 0.0184059399770272,
    "pedestrian": 0.41372787658435767,
    "motorcycle": 0.0084263386843305,
    "bicycle": 0.0,
    "traffic_cone": 0.15217488244911448,
    "barrier": 0.3230446885874798
  },
  "mean_ap": 0.20788293699021604,
  "label_tp_errors": {
    "car": {
      "trans_err": 0.3014895295146579,
      "scale_err": 0.17034948338269976,
      "orient_err": 0.37027979227073865,
      "vel_err": 1.0,
      "attr_err": 0.458670434904156
    },
    "truck": {
      "trans_err": 0.46683898800627927,
      "scale_err": 0.22378023565019925,
      "orient_err": 0.39682299212635436,
      "vel_err": 1.0,
      "attr_err": 0.26382671465926916
    },
    "bus": {
      "trans_err": 0.5905870627333386,
      "scale_err": 0.18411166682637925,
      "orient_err": 0.5959414761160227,
      "vel_err": 1.0,
      "attr_err": 0.8430285193920317
    },
    "trailer": {
      "trans_err": 0.7347014417071154,
      "scale_err": 0.1990959101545628,
      "orient_err": 1.6795818361257346,
      "vel_err": 1.0,
      "attr_err": 0.10129050046091471
    },
    "construction_vehicle": {
      "trans_err": 0.9539089686239326,
      "scale_err": 0.5204642675459645,
      "orient_err": 1.2953854031120073,
      "vel_err": 1.0,
      "attr_err": 0.47770809607632486
    },
    "pedestrian": {
      "trans_err": 0.36958001802895957,
      "scale_err": 0.2887848627674158,
      "orient_err": 1.1146475465613717,
      "vel_err": 1.0,
      "attr_err": 0.1752627186135261
    },
    "motorcycle": {
      "trans_err": 0.41643992969089644,
      "scale_err": 0.4053002870454378,
      "orient_err": 1.266198920454993,
      "vel_err": 1.0,
      "attr_err": 0.8685635456406038
    },
    "bicycle": {
      "trans_err": 0.757602205234099,
      "scale_err": 0.4310796429225803,
      "orient_err": 1.3714191249987233,
      "vel_err": 1.0,
      "attr_err": 0.07936556284078378
    },
    "traffic_cone": {
      "trans_err": 0.5104385625920085,
      "scale_err": 0.4066281310450807,
      "orient_err": NaN,
      "vel_err": NaN,
      "attr_err": NaN
    },
    "barrier": {
      "trans_err": 0.6620338102549369,
      "scale_err": 0.3353485506111395,
      "orient_err": 0.11690360732291244,
      "vel_err": NaN,
      "attr_err": NaN
    }
  },
  "tp_errors": {
    "trans_err": 0.5763620516386224,
    "scale_err": 0.316494303795146,
    "orient_err": 0.9119089665654287,
    "vel_err": 1.0,
    "attr_err": 0.40846451157345126
  },
  "tp_scores": {
    "trans_err": 0.4236379483613776,
    "scale_err": 0.683505696204854,
    "orient_err": 0.08809103343457125,
    "vel_err": 0.0,
    "attr_err": 0.5915354884265487
  },
  "nd_score": 0.28261848513784316,
  "eval_time": 76.71918964385986,
  "meta": {
    "use_camera": false,
    "use_lidar": false,
    "use_radar": false,
    "use_map": false,
    "use_external": false
  }
}