{
  "label_aps": {
    "car": {
      "0.5": 0.0,
      "1.0": 0.0009452672672800163,
      "2.0": 0.07577040933799103,
      "4.0": 0.23783133808865264
    },
    "truck": {
      "0.5": 0.0,
      "1.0": 0.0,
      "2.0": 0.0,
      "4.0": 0.0011931613626296842
    },
    "bus": {
      "0.5": 0.0,
      "1.0": 0.0,
      "2.0": 0.0,
      "4.0": 0.02945199677545403
    },
    "trailer": {
      "0.5": 0.0,
      "1.0": 0.0,
      "2.0": 0.0,
      "4.0": 0.0
    },
    "construction_vehicle": {
      "0.5": 0.0,
      "1.0": 0.0,
      "2.0": 0.0,
      "4.0": 0.0
    },
    "pedestrian": {
      "0.5": 0.0,
      "1.0": 0.0,
      "2.0": 0.0,
      "4.0": 0.00270586627055098
    },
    "motorcycle": {
      "0.5": 0.0,
      "1.0": 0.0,
      "2.0": 0.0,
      "4.0": 0.0
    },
    "bicycle": {
      "0.5": 0.0,
      "1.0": 0.0,
      "2.0": 0.0,
      "4.0": 0.0
    },
    "traffic_cone": {
      "0.5": 0.0,
      "1.0": 0.0,
      "2.0": 0.0,
      "4.0": 0.0
    },
    "barrier": {
      "0.5": 0.0,
      "1.0": 0.0,
      "2.0": 0.00010035149303973033,
      "4.0": 0.019843307762621557
    }
  },
  "mean_dist_aps": {
    "car": 0.07863675367348093,
    "truck": 0.00029829034065742105,
    "bus": 0.007362999193863507,
    "trailer": 0.0,
    "construction_vehicle": 0.0,
    "pedestrian": 0.000676466567637745,
    "motorcycle": 0.0,
    "bicycle": 0.0,
    "traffic_cone": 0.0,
    "barrier": 0.004985914813915322
  },
  "mean_ap": 0.009196042458955491,
  "label_tp_errors": {
    "car": {
      "trans_err": 1.189810021545628,
      "scale_err": 0.2537265007602443,
      "orient_err": 1.4454361908959215,
      "vel_err": 1.0,
      "attr_err": 0.47249216880412964
    },
    "truck": {
      "trans_err": 1.2494153293705021,
      "scale_err": 0.4220190582323996,
      "orient_err": 1.3284715545855874,
      "vel_err": 1.0,
      "attr_err": 0.2912306739956527
    },
    "bus": {
      "trans_err": 1.2477350471470856,
      "scale_err": 0.2715489518529845,
      "orient_err": 1.3779448755652017,
      "vel_err": 1.0,
      "attr_err": 0.8403924844940128
    },
    "trailer": {
      "trans_err": 1.3325464422419344,
      "scale_err": 0.3716362592669425,
      "orient_err": 1.8249834459696632,
      "vel_err": 1.0,
      "attr_err": 0.0944493767316882
    },
    "construction_vehicle": {
      "trans_err": 1.0,
      "scale_err": 1.0,
      "orient_err": 1.0,
      "vel_err": 1.0,
      "attr_err": 1.0
    },
    "pedestrian": {
      "trans_err": 1.2676969767945343,
      "scale_err": 0.6592461500761971,
      "orient_err": 1.5259517678622239,
      "vel_err": 1.0,
      "attr_err": 0.2873692496750861
    },
    "motorcycle": {
      "trans_err": 1.0,
      "scale_err": 1.0,
      "orient_err": 1.0,
      "vel_err": 1.0,
      "attr_err": 1.0
    },
    "bicycle": {
      "trans_err": 1.0,
      "scale_err": 1.0,
      "orient_err": 1.0,
      "vel_err": 1.0,
      "attr_err": 1.0
    },
    "traffic_cone": {
      "trans_err": 1.0,
      "scale_err": 1.0,
      "orient_err": NaN,
      "vel_err": NaN,
      "attr_err": NaN
    },
    "barrier": {
      "trans_err": 1.2338214211367484,
      "scale_err": 0.6799460066433914,
      "orient_err": 1.0603774145266036,
      "vel_err": NaN,
      "attr_err": NaN
    }
  },
  "tp_errors": {
    "trans_err": 1.1521025238236433,
    "scale_err": 0.665812292683216,
    "orient_err": 1.2847961388228,
    "vel_err": 1.0,
    "attr_err": 0.6232417442125712
  },
  "tp_scores": {
    "trans_err": 0.0,
    "scale_err": 0.33418770731678404,
    "orient_err": 0.0,
    "vel_err": 0.0,
    "attr_err": 0.37675825578742883
  },
  "nd_score": 0.07569261753989903,
  "eval_time": 113.43477487564087,
  "meta": {
    "use_camera": false,
    "use_lidar": false,
    "use_radar": false,
    "use_map": false,
    "use_external": false
  }
}