{
  "label_aps": {
    "car": {
      "0.5": 0.0029349394880775507,
      "1.0": 0.10990527500755935,
      "2.0": 0.3124878723178291,
      "4.0": 0.46113843251506553
    },
    "truck": {
      "0.5": 0.0,
      "1.0": 0.0003117467642760919,
      "2.0": 0.023100984512648717,
      "4.0": 0.043564186162521605
    },
    "bus": {
      "0.5": 0.0,
      "1.0": 0.010594048658528548,
      "2.0": 0.08099014578401123,
      "4.0": 0.2275142494096911
    },
    "trailer": {
      "0.5": 0.0,
      "1.0": 0.0,
      "2.0": 0.0014737744504099168,
      "4.0": 0.014882028245078966
    },
    "construction_vehicle": {
      "0.5": 0.0,
      "1.0": 0.0,
      "2.0": 0.0,
      "4.0": 0.0
    },
    "pedestrian": {
      "0.5": 0.0,
      "1.0": 0.0,
      "2.0": 0.004338986341870863,
      "4.0": 0.040779607950509576
    },
    "motorcycle": {
      "0.5": 0.0,
      "1.0": 0.0,
      "2.0": 0.0,
      "4.0": 0.0
    },
    "bicycle": {
      "0.5": 0.0,
      "1.0": 0.0,
      "2.0": 0.0,
      "4.0": 0.0
    },
    "traffic_cone": {
      "0.5": 0.0,
      "1.0": 0.0,
      "2.0": 0.0,
      "4.0": 0.0032637639495433214
    },
    "barrier": {
      "0.5": 0.0,
      "1.0": 0.017553512176422408,
      "2.0": 0.17324785272302964,
      "4.0": 0.3742851526688419
    }
  },
  "mean_dist_aps": {
    "car": 0.22161662983213287,
    "truck": 0.016744229359861605,
    "bus": 0.07977461096305771,
    "trailer": 0.004088950673872221,
    "construction_vehicle": 0.0,
    "pedestrian": 0.01127964857309511,
    "motorcycle": 0.0,
    "bicycle": 0.0,
    "traffic_cone": 0.0008159409873858303,
    "barrier": 0.1412716293920735
  },
  "mean_ap": 0.04755916397814789,
  "label_tp_errors": {
    "car": {
      "trans_err": 0.8725063801488304,
      "scale_err": 0.20580069388659397,
      "orient_err": 1.0884398256475851,
      "vel_err": 1.0,
      "attr_err": 0.4202900466951345
    },
    "truck": {
      "trans_err": 0.9600914595705975,
      "scale_err": 0.31690312480765126,
      "orient_err": 1.3669382422170802,
      "vel_err": 1.0,
      "attr_err": 0.3178945346032111
    },
    "bus": {
      "trans_err": 0.9339343513337979,
      "scale_err": 0.22316141802389303,
      "orient_err": 1.1421750847630379,
      "vel_err": 1.0,
      "attr_err": 0.8733533927088657
    },
    "trailer": {
      "trans_err": 1.1611235243911655,
      "scale_err": 0.23948980355331473,
      "orient_err": 1.6734225054580907,
      "vel_err": 1.0,
      "attr_err": 0.14510950978585455
    },
    "construction_vehicle": {
      "trans_err": 1.0,
      "scale_err": 1.0,
      "orient_err": 1.0,
      "vel_err": 1.0,
      "attr_err": 1.0
    },
    "pedestrian": {
      "trans_err": 1.1597470010512094,
      "scale_err": 0.3995701102723798,
      "orient_err": 1.6074522675769518,
      "vel_err": 1.0,
      "attr_err": 0.2863589632773732
    },
    "motorcycle": {
      "trans_err": 1.0,
      "scale_err": 1.0,
      "orient_err": 1.0,
      "vel_err": 1.0,
      "attr_err": 1.0
    },
    "bicycle": {
      "trans_err": 1.0,
      "scale_err": 1.0,
      "orient_err": 1.0,
      "vel_err": 1.0,
      "attr_err": 1.0
    },
    "traffic_cone": {
      "trans_err": 1.206402720929825,
      "scale_err": 0.593157770370168,
      "orient_err": NaN,
      "vel_err": NaN,
      "attr_err": NaN
    },
    "barrier": {
      "trans_err": 1.0906501285570231,
      "scale_err": 0.41423345694686675,
      "orient_err": 0.3807219819034779,
      "vel_err": NaN,
      "attr_err": NaN
    }
  },
  "tp_errors": {
    "trans_err": 1.0384455565982447,
    "scale_err": 0.5392316377860867,
    "orient_err": 1.1399055452851359,
    "vel_err": 1.0,
    "attr_err": 0.6303758058838049
  },
  "tp_scores": {
    "trans_err": 0.0,
    "scale_err": 0.46076836221391326,
    "orient_err": 0.0,
    "vel_err": 0.0,
    "attr_err": 0.36962419411619507
  },
  "nd_score": 0.10681883762208477,
  "eval_time": 111.68876218795776,
  "meta": {
    "use_camera": false,
    "use_lidar": false,
    "use_radar": false,
    "use_map": false,
    "use_external": false
  }
}