{
  "label_aps": {
    "car": {
      "0.5": 0.0,
      "1.0": 0.06692446863286022,
      "2.0": 0.2781589734037689,
      "4.0": 0.4815358477768029
    },
    "truck": {
      "0.5": 0.0,
      "1.0": 0.0,
      "2.0": 0.005307370186399905,
      "4.0": 0.03607080624042229
    },
    "bus": {
      "0.5": 0.0,
      "1.0": 0.012853014768426051,
      "2.0": 0.10902421028185935,
      "4.0": 0.2624595262726179
    },
    "trailer": {
      "0.5": 0.0,
      "1.0": 0.0,
      "2.0": 0.0,
      "4.0": 0.007158762992445173
    },
    "construction_vehicle": {
      "0.5": 0.0,
      "1.0": 0.0,
      "2.0": 0.0,
      "4.0": 0.0
    },
    "pedestrian": {
      "0.5": 0.0,
      "1.0": 0.004190971971665517,
      "2.0": 0.06075182915162876,
      "4.0": 0.15970627723883926
    },
    "motorcycle": {
      "0.5": 0.0,
      "1.0": 0.0,
      "2.0": 0.0,
      "4.0": 0.0
    },
    "bicycle": {
      "0.5": 0.0,
      "1.0": 0.0,
      "2.0": 0.0,
      "4.0": 0.0
    },
    "traffic_cone": {
      "0.5": 0.0,
      "1.0": 0.0,
      "2.0": 0.004321063830010339,
      "4.0": 0.05463447051432865
    },
    "barrier": {
      "0.5": 0.0,
      "1.0": 0.007145886898634536,
      "2.0": 0.11205975810902394,
      "4.0": 0.3476121504094248
    }
  },
  "mean_dist_aps": {
    "car": 0.206654822453358,
    "truck": 0.010344544106705548,
    "bus": 0.09608418783072584,
    "trailer": 0.0017896907481112932,
    "construction_vehicle": 0.0,
    "pedestrian": 0.05616226959053339,
    "motorcycle": 0.0,
    "bicycle": 0.0,
    "traffic_cone": 0.014738883586084746,
    "barrier": 0.11670444885427081
  },
  "mean_ap": 0.05024788471697896,
  "label_tp_errors": {
    "car": {
      "trans_err": 0.9382278779874377,
      "scale_err": 0.19664269813977736,
      "orient_err": 0.9197470187800387,
      "vel_err": 1.0,
      "attr_err": 0.44888646187184794
    },
    "truck": {
      "trans_err": 1.0074616038324236,
      "scale_err": 0.3516901913303964,
      "orient_err": 0.9783840325896929,
      "vel_err": 1.0,
      "attr_err": 0.307847210991306
    },
    "bus": {
      "trans_err": 0.9713000328238904,
      "scale_err": 0.2363244309846285,
      "orient_err": 0.7994366127449318,
      "vel_err": 1.0,
      "attr_err": 0.8241626215922061
    },
    "trailer": {
      "trans_err": 1.221339919484175,
      "scale_err": 0.3157504020791858,
      "orient_err": 1.2808290628991805,
      "vel_err": 1.0,
      "attr_err": 0.16508696550229437
    },
    "construction_vehicle": {
      "trans_err": 1.0,
      "scale_err": 1.0,
      "orient_err": 1.0,
      "vel_err": 1.0,
      "attr_err": 1.0
    },
    "pedestrian": {
      "trans_err": 1.1143797605711412,
      "scale_err": 0.3837054869925305,
      "orient_err": 1.5112207050599182,
      "vel_err": 1.0,
      "attr_err": 0.21275844163761454
    },
    "motorcycle": {
      "trans_err": 1.0,
      "scale_err": 1.0,
      "orient_err": 1.0,
      "vel_err": 1.0,
      "attr_err": 1.0
    },
    "bicycle": {
      "trans_err": 1.0,
      "scale_err": 1.0,
      "orient_err": 1.0,
      "vel_err": 1.0,
      "attr_err": 1.0
    },
    "traffic_cone": {
      "trans_err": 1.2822249872174372,
      "scale_err": 0.5588111941158983,
      "orient_err": NaN,
      "vel_err": NaN,
      "attr_err": NaN
    },
    "barrier": {
      "trans_err": 1.1426657640902038,
      "scale_err": 0.4015790306363089,
      "orient_err": 0.37042793211397335,
      "vel_err": NaN,
      "attr_err": NaN
    }
  },
  "tp_errors": {
    "trans_err": 1.067759994600671,
    "scale_err": 0.5444503434278725,
    "orient_err": 0.9844494849097482,
    "vel_err": 1.0,
    "attr_err": 0.6198427126994086
  },
  "tp_scores": {
    "trans_err": 0.0,
    "scale_err": 0.45554965657212754,
    "orient_err": 0.015550515090251849,
    "vel_err": 0.0,
    "attr_err": 0.3801572873005914
  },
  "nd_score": 0.11024968825478657,
  "eval_time": 100.37769079208374,
  "meta": {
    "use_camera": false,
    "use_lidar": false,
    "use_radar": false,
    "use_map": false,
    "use_external": false
  }
}