{
  "label_aps": {
    "car": {
      "0.5": 0.0,
      "1.0": 0.065837797768292,
      "2.0": 0.2438374160934213,
      "4.0": 0.4177763630110025
    },
    "truck": {
      "0.5": 0.0,
      "1.0": 0.0,
      "2.0": 7.587709068534769e-06,
      "4.0": 0.005283865472629058
    },
    "bus": {
      "0.5": 0.0,
      "1.0": 0.0023700747405012426,
      "2.0": 0.07374011335409887,
      "4.0": 0.15530082676949647
    },
    "trailer": {
      "0.5": 0.0,
      "1.0": 0.0,
      "2.0": 0.0,
      "4.0": 0.0036749709774462724
    },
    "construction_vehicle": {
      "0.5": 0.0,
      "1.0": 0.0,
      "2.0": 0.0,
      "4.0": 0.0
    },
    "pedestrian": {
      "0.5": 0.0,
      "1.0": 0.0015637515372084957,
      "2.0": 0.04696402744482644,
      "4.0": 0.15096795527449136
    },
    "motorcycle": {
      "0.5": 0.0,
      "1.0": 0.0,
      "2.0": 0.0,
      "4.0": 0.0
    },
    "bicycle": {
      "0.5": 0.0,
      "1.0": 0.0,
      "2.0": 0.0,
      "4.0": 0.0
    },
    "traffic_cone": {
      "0.5": 0.0,
      "1.0": 0.0,
      "2.0": 0.005478760251721683,
      "4.0": 0.042170355541305896
    },
    "barrier": {
      "0.5": 0.0,
      "1.0": 0.005535097710298057,
      "2.0": 0.08606733083634392,
      "4.0": 0.26943407535096314
    }
  },
  "mean_dist_aps": {
    "car": 0.18186289421817897,
    "truck": 0.0013228632954243981,
    "bus": 0.05785275371602415,
    "trailer": 0.0009187427443615681,
    "construction_vehicle": 0.0,
    "pedestrian": 0.04987393356413157,
    "motorcycle": 0.0,
    "bicycle": 0.0,
    "traffic_cone": 0.011912278948256895,
    "barrier": 0.09025912597440128
  },
  "mean_ap": 0.03940025924607789,
  "label_tp_errors": {
    "car": {
      "trans_err": 0.9169047213971606,
      "scale_err": 0.21861543303739572,
      "orient_err": 0.740164269384923,
      "vel_err": 1.0,
      "attr_err": 0.41814225186311854
    },
    "truck": {
      "trans_err": 1.0618443506027944,
      "scale_err": 0.35326327688794595,
      "orient_err": 1.0280881591328892,
      "vel_err": 1.0,
      "attr_err": 0.35039166228166785
    },
    "bus": {
      "trans_err": 1.0544360751489033,
      "scale_err": 0.22193946816230767,
      "orient_err": 1.1025303947669294,
      "vel_err": 1.0,
      "attr_err": 0.8440600257008659
    },
    "trailer": {
      "trans_err": 1.2636681363968316,
      "scale_err": 0.28559481572600276,
      "orient_err": 1.4257196460156325,
      "vel_err": 1.0,
      "attr_err": 0.11420207631520074
    },
    "construction_vehicle": {
      "trans_err": 1.0,
      "scale_err": 1.0,
      "orient_err": 1.0,
      "vel_err": 1.0,
      "attr_err": 1.0
    },
    "pedestrian": {
      "trans_err": 1.1343983266787085,
      "scale_err": 0.38706448240620944,
      "orient_err": 1.6221675401545494,
      "vel_err": 1.0,
      "attr_err": 0.22349713663676607
    },
    "motorcycle": {
      "trans_err": 1.0,
      "scale_err": 1.0,
      "orient_err": 1.0,
      "vel_err": 1.0,
      "attr_err": 1.0
    },
    "bicycle": {
      "trans_err": 1.0,
      "scale_err": 1.0,
      "orient_err": 1.0,
      "vel_err": 1.0,
      "attr_err": 1.0
    },
    "traffic_cone": {
      "trans_err": 1.1702427449114166,
      "scale_err": 0.6129748526221862,
      "orient_err": NaN,
      "vel_err": NaN,
      "attr_err": NaN
    },
    "barrier": {
      "trans_err": 1.1415731352536334,
      "scale_err": 0.45579999412380406,
      "orient_err": 0.3244801306051028,
      "vel_err": NaN,
      "attr_err": NaN
    }
  },
  "tp_errors": {
    "trans_err": 1.0743067490389446,
    "scale_err": 0.5535252322965853,
    "orient_err": 1.027016682228892,
    "vel_err": 1.0,
    "attr_err": 0.6187866440997024
  },
  "tp_scores": {
    "trans_err": 0.0,
    "scale_err": 0.44647476770341465,
    "orient_err": 0.0,
    "vel_err": 0.0,
    "attr_err": 0.3812133559002976
  },
  "nd_score": 0.10246894198341017,
  "eval_time": 99.89420652389526,
  "meta": {
    "use_camera": false,
    "use_lidar": false,
    "use_radar": false,
    "use_map": false,
    "use_external": false
  }
}