{
  "label_aps": {
    "car": {
      "0.5": 0.4689188605700209,
      "1.0": 0.6253695802503795,
      "2.0": 0.676753050898832,
      "4.0": 0.7078270616682866
    },
    "truck": {
      "0.5": 0.06979820153232749,
      "1.0": 0.17659617262318075,
      "2.0": 0.2129654217643706,
      "4.0": 0.23135089561508734
    },
    "bus": {
      "0.5": 0.046194954983423735,
      "1.0": 0.3437684443161377,
      "2.0": 0.504773199325119,
      "4.0": 0.5474542415103393
    },
    "trailer": {
      "0.5": 0.0,
      "1.0": 0.042263955692735854,
      "2.0": 0.10910504054386778,
      "4.0": 0.139505493726967
    },
    "construction_vehicle": {
      "0.5": 0.0,
      "1.0": 0.005271119911144087,
      "2.0": 0.02928001307072327,
      "4.0": 0.04844333771483658
    },
    "pedestrian": {
      "0.5": 0.32485720563735826,
      "1.0": 0.4579641448426441,
      "2.0": 0.5090967214333697,
      "4.0": 0.5523980889193438
    },
    "motorcycle": {
      "0.5": 0.0063305362429415726,
      "1.0": 0.0203261057608798,
      "2.0": 0.023045735121630575,
      "4.0": 0.02506398883136301
    },
    "bicycle": {
      "0.5": 0.0,
      "1.0": 0.0002774786105784646,
      "2.0": 0.004828000032073446,
      "4.0": 0.006196908524206384
    },
    "traffic_cone": {
      "0.5": 0.08312835859254748,
      "1.0": 0.1523831909165383,
      "2.0": 0.20959769995544197,
      "4.0": 0.2861074880852067
    },
    "barrier": {
      "0.5": 0.06658796180682756,
      "1.0": 0.3186090252485944,
      "2.0": 0.39446303309408476,
      "4.0": 0.43287924906228076
    }
  },
  "mean_dist_aps": {
    "car": 0.6197171383468797,
    "truck": 0.17267767288374156,
    "bus": 0.36054771003375496,
    "trailer": 0.07271862249089266,
    "construction_vehicle": 0.020748617674175983,
    "pedestrian": 0.46107904020817897,
    "motorcycle": 0.01869159148920374,
    "bicycle": 0.0028255967917145738,
    "traffic_cone": 0.18280418438743362,
    "barrier": 0.3031348173029469
  },
  "mean_ap": 0.2214944991608923,
  "label_tp_errors": {
    "car": {
      "trans_err": 0.29603745226586925,
      "scale_err": 0.16878113206225437,
      "orient_err": 0.4023586392268775,
      "vel_err": 1.0,
      "attr_err": 0.4438784145934351
    },
    "truck": {
      "trans_err": 0.4466734334913387,
      "scale_err": 0.22240429568257586,
      "orient_err": 0.2777305241006681,
      "vel_err": 1.0,
      "attr_err": 0.2714914927272791
    },
    "bus": {
      "trans_err": 0.6070423902189456,
      "scale_err": 0.17277595248484875,
      "orient_err": 0.4603698572161083,
      "vel_err": 1.0,
      "attr_err": 0.8618827006534804
    },
    "trailer": {
      "trans_err": 0.7889210457535691,
      "scale_err": 0.21776401006337642,
      "orient_err": 1.5025588494319218,
      "vel_err": 1.0,
      "attr_err": 0.11068202485618302
    },
    "construction_vehicle": {
      "trans_err": 0.9106792149840558,
      "scale_err": 0.4983848033348899,
      "orient_err": 1.2689986213610813,
      "vel_err": 1.0,
      "attr_err": 0.39955861735137543
    },
    "pedestrian": {
      "trans_err": 0.3668075352849289,
      "scale_err": 0.2941921649418214,
      "orient_err": 0.6496195003171317,
      "vel_err": 1.0,
      "attr_err": 0.17038220359379103
    },
    "motorcycle": {
      "trans_err": 0.4076462413371036,
      "scale_err": 0.3382650013281962,
      "orient_err": 0.48450562572118444,
      "vel_err": 1.0,
      "attr_err": 0.9186048753271654
    },
    "bicycle": {
      "trans_err": 0.59098401513168,
      "scale_err": 0.3029523871891863,
      "orient_err": 1.3357936600593439,
      "vel_err": 1.0,
      "attr_err": 0.16078142237678103
    },
    "traffic_cone": {
      "trans_err": 0.49254786638849235,
      "scale_err": 0.41507260509640137,
      "orient_err": NaN,
      "vel_err": NaN,
      "attr_err": NaN
    },
    "barrier": {
      "trans_err": 0.63352175395601,
      "scale_err": 0.3486093128280559,
      "orient_err": 0.11577457739651306,
      "vel_err": NaN,
      "attr_err": NaN
    }
  },
  "tp_errors": {
    "trans_err": 0.5540860948811993,
    "scale_err": 0.29792016650116065,
    "orient_err": 0.7219677616478699,
    "vel_err": 1.0,
    "attr_err": 0.4171577189349363
  },
  "tp_scores": {
    "trans_err": 0.4459139051188007,
    "scale_err": 0.7020798334988394,
    "orient_err": 0.2780322383521301,
    "vel_err": 0.0,
    "attr_err": 0.5828422810650637
  },
  "nd_score": 0.31163407538392957,
  "eval_time": 67.4704704284668,
  "meta": {
    "use_camera": false,
    "use_lidar": false,
    "use_radar": false,
    "use_map": false,
    "use_external": false
  }
}