{
  "label_aps": {
    "car": {
      "0.5": 0.0816832605105446,
      "1.0": 0.3224876171397218,
      "2.0": 0.4934135046409585,
      "4.0": 0.5710715680171582
    },
    "truck": {
      "0.5": 0.0,
      "1.0": 0.029264115939489802,
      "2.0": 0.09109554926902927,
      "4.0": 0.1281473292309393
    },
    "bus": {
      "0.5": 0.0,
      "1.0": 0.042242597404182014,
      "2.0": 0.15548084553491015,
      "4.0": 0.4389468953949953
    },
    "trailer": {
      "0.5": 0.0,
      "1.0": 0.0,
      "2.0": 0.0034335672907319084,
      "4.0": 0.013245319566187196
    },
    "construction_vehicle": {
      "0.5": 0.0,
      "1.0": 0.0,
      "2.0": 0.0,
      "4.0": 0.000943193532138336
    },
    "pedestrian": {
      "0.5": 0.028975869754233483,
      "1.0": 0.15412182459590054,
      "2.0": 0.23514136092144075,
      "4.0": 0.27755959311389594
    },
    "motorcycle": {
      "0.5": 0.0,
      "1.0": 0.0,
      "2.0": 0.0,
      "4.0": 0.0
    },
    "bicycle": {
      "0.5": 0.0,
      "1.0": 0.0,
      "2.0": 0.0,
      "4.0": 0.0
    },
    "traffic_cone": {
      "0.5": 0.0,
      "1.0": 0.0037335608703882948,
      "2.0": 0.02491301455005908,
      "4.0": 0.05456329180393373
    },
    "barrier": {
      "0.5": 0.0,
      "1.0": 0.036205586600533864,
      "2.0": 0.15655839271918617,
      "4.0": 0.22105769222194377
    }
  },
  "mean_dist_aps": {
    "car": 0.3671639875770958,
    "truck": 0.06212674860986459,
    "bus": 0.15916758458352187,
    "trailer": 0.004169721714229776,
    "construction_vehicle": 0.000235798383034584,
    "pedestrian": 0.1739496620963677,
    "motorcycle": 0.0,
    "bicycle": 0.0,
    "traffic_cone": 0.020802466806095276,
    "barrier": 0.10345541788541596
  },
  "mean_ap": 0.08910713876556256,
  "label_tp_errors": {
    "car": {
      "trans_err": 0.6147538633982158,
      "scale_err": 0.19997048167331744,
      "orient_err": 0.8235316463549748,
      "vel_err": 1.0,
      "attr_err": 0.37920146010601763
    },
    "truck": {
      "trans_err": 0.825109184785091,
      "scale_err": 0.283113397398008,
      "orient_err": 0.7721434435857776,
      "vel_err": 1.0,
      "attr_err": 0.30971829948542107
    },
    "bus": {
      "trans_err": 0.8662688562581223,
      "scale_err": 0.17987862838403323,
      "orient_err": 0.8623310098138726,
      "vel_err": 1.0,
      "attr_err": 0.837665283921758
    },
    "trailer": {
      "trans_err": 1.1291717963034176,
      "scale_err": 0.19287462949542367,
      "orient_err": 1.9175611550384288,
      "vel_err": 1.0,
      "attr_err": 0.11545599249627696
    },
    "construction_vehicle": {
      "trans_err": 1.0,
      "scale_err": 1.0,
      "orient_err": 1.0,
      "vel_err": 1.0,
      "attr_err": 1.0
    },
    "pedestrian": {
      "trans_err": 0.7161522456572833,
      "scale_err": 0.3494679952894253,
      "orient_err": 1.6147224868584247,
      "vel_err": 1.0,
      "attr_err": 0.18907060120748448
    },
    "motorcycle": {
      "trans_err": 1.0,
      "scale_err": 1.0,
      "orient_err": 1.0,
      "vel_err": 1.0,
      "attr_err": 1.0
    },
    "bicycle": {
      "trans_err": 1.0,
      "scale_err": 1.0,
      "orient_err": 1.0,
      "vel_err": 1.0,
      "attr_err": 1.0
    },
    "traffic_cone": {
      "trans_err": 0.9269398614784105,
      "scale_err": 0.5651725617601253,
      "orient_err": NaN,
      "vel_err": NaN,
      "attr_err": NaN
    },
    "barrier": {
      "trans_err": 0.948158050273687,
      "scale_err": 0.4419530224962545,
      "orient_err": 0.34013784823398613,
      "vel_err": NaN,
      "attr_err": NaN
    }
  },
  "tp_errors": {
    "trans_err": 0.9026553858154227,
    "scale_err": 0.5212430716496587,
    "orient_err": 1.0367141766539403,
    "vel_err": 1.0,
    "attr_err": 0.6038889546521198
  },
  "tp_scores": {
    "trans_err": 0.0973446141845773,
    "scale_err": 0.47875692835034134,
    "orient_err": 0.0,
    "vel_err": 0.0,
    "attr_err": 0.3961110453478802
  },
  "nd_score": 0.14177482817106118,
  "eval_time": 82.79517579078674,
  "meta": {
    "use_camera": false,
    "use_lidar": false,
    "use_radar": false,
    "use_map": false,
    "use_external": false
  }
}