{
  "label_aps": {
    "car": {
      "0.5": 0.0,
      "1.0": 0.049482507429062544,
      "2.0": 0.22528577895783872,
      "4.0": 0.4173693474645891
    },
    "truck": {
      "0.5": 0.0,
      "1.0": 0.0,
      "2.0": 0.001090134838217735,
      "4.0": 0.011563330924239579
    },
    "bus": {
      "0.5": 0.0,
      "1.0": 0.011285129376165407,
      "2.0": 0.086641307395213,
      "4.0": 0.17484592026742132
    },
    "trailer": {
      "0.5": 0.0,
      "1.0": 0.0,
      "2.0": 0.0,
      "4.0": 0.0006883954596593175
    },
    "construction_vehicle": {
      "0.5": 0.0,
      "1.0": 0.0,
      "2.0": 0.0,
      "4.0": 0.0
    },
    "pedestrian": {
      "0.5": 0.0,
      "1.0": 0.0,
      "2.0": 0.013976216712603993,
      "4.0": 0.0809867293543891
    },
    "motorcycle": {
      "0.5": 0.0,
      "1.0": 0.0,
      "2.0": 0.0,
      "4.0": 0.0
    },
    "bicycle": {
      "0.5": 0.0,
      "1.0": 0.0,
      "2.0": 0.0,
      "4.0": 0.0
    },
    "traffic_cone": {
      "0.5": 0.0,
      "1.0": 0.0,
      "2.0": 0.0,
      "4.0": 0.004656843394132736
    },
    "barrier": {
      "0.5": 0.0,
      "1.0": 0.004443296485378504,
      "2.0": 0.10135483301272882,
      "4.0": 0.305431466061404
    }
  },
  "mean_dist_aps": {
    "car": 0.1730344084628726,
    "truck": 0.0031633664406143284,
    "bus": 0.06819308925969994,
    "trailer": 0.00017209886491482938,
    "construction_vehicle": 0.0,
    "pedestrian": 0.02374073651674827,
    "motorcycle": 0.0,
    "bicycle": 0.0,
    "traffic_cone": 0.001164210848533184,
    "barrier": 0.10280739888987783
  },
  "mean_ap": 0.037227530928326105,
  "label_tp_errors": {
    "car": {
      "trans_err": 0.9578642956387463,
      "scale_err": 0.21908185751795803,
      "orient_err": 0.8281521078951798,
      "vel_err": 1.0,
      "attr_err": 0.42651633611240897
    },
    "truck": {
      "trans_err": 1.056343404282312,
      "scale_err": 0.3591146976401589,
      "orient_err": 0.9663406901799745,
      "vel_err": 1.0,
      "attr_err": 0.3305260665861007
    },
    "bus": {
      "trans_err": 0.9394763963258327,
      "scale_err": 0.21322325578718335,
      "orient_err": 0.9598870275503419,
      "vel_err": 1.0,
      "attr_err": 0.8514918980541198
    },
    "trailer": {
      "trans_err": 1.2880888259484713,
      "scale_err": 0.30775323712954067,
      "orient_err": 1.273219063367566,
      "vel_err": 1.0,
      "attr_err": 0.16806318168345843
    },
    "construction_vehicle": {
      "trans_err": 1.0,
      "scale_err": 1.0,
      "orient_err": 1.0,
      "vel_err": 1.0,
      "attr_err": 1.0
    },
    "pedestrian": {
      "trans_err": 1.1777852193760812,
      "scale_err": 0.42509497665344087,
      "orient_err": 1.6794326208087837,
      "vel_err": 1.0,
      "attr_err": 0.26910530411868233
    },
    "motorcycle": {
      "trans_err": 1.0,
      "scale_err": 1.0,
      "orient_err": 1.0,
      "vel_err": 1.0,
      "attr_err": 1.0
    },
    "bicycle": {
      "trans_err": 1.0,
      "scale_err": 1.0,
      "orient_err": 1.0,
      "vel_err": 1.0,
      "attr_err": 1.0
    },
    "traffic_cone": {
      "trans_err": 1.2591253981604476,
      "scale_err": 0.6045050003592567,
      "orient_err": NaN,
      "vel_err": NaN,
      "attr_err": NaN
    },
    "barrier": {
      "trans_err": 1.1436386999389148,
      "scale_err": 0.4176936978039932,
      "orient_err": 0.3431752019397588,
      "vel_err": NaN,
      "attr_err": NaN
    }
  },
  "tp_errors": {
    "trans_err": 1.0822322239670805,
    "scale_err": 0.5546466722891531,
    "orient_err": 1.0055785235268453,
    "vel_err": 1.0,
    "attr_err": 0.6307128483193463
  },
  "tp_scores": {
    "trans_err": 0.0,
    "scale_err": 0.4453533277108469,
    "orient_err": 0.0,
    "vel_err": 0.0,
    "attr_err": 0.36928715168065374
  },
  "nd_score": 0.10007781340331312,
  "eval_time": 109.73398065567017,
  "meta": {
    "use_camera": false,
    "use_lidar": false,
    "use_radar": false,
    "use_map": false,
    "use_external": false
  }
}