{
  "label_aps": {
    "car": {
      "0.5": 0.0,
      "1.0": 0.05458801809271237,
      "2.0": 0.2614686186927258,
      "4.0": 0.4674199206141406
    },
    "truck": {
      "0.5": 0.0,
      "1.0": 0.0,
      "2.0": 0.001547903136469806,
      "4.0": 0.018640297640643098
    },
    "bus": {
      "0.5": 0.0,
      "1.0": 0.0016591173043501556,
      "2.0": 0.0757746015368389,
      "4.0": 0.2142147612856099
    },
    "trailer": {
      "0.5": 0.0,
      "1.0": 0.0,
      "2.0": 0.0,
      "4.0": 0.00775376081354683
    },
    "construction_vehicle": {
      "0.5": 0.0,
      "1.0": 0.0,
      "2.0": 0.0,
      "4.0": 0.0
    },
    "pedestrian": {
      "0.5": 0.0,
      "1.0": 0.0010176492051055493,
      "2.0": 0.03967851063373593,
      "4.0": 0.13702276857129894
    },
    "motorcycle": {
      "0.5": 0.0,
      "1.0": 0.0,
      "2.0": 0.0,
      "4.0": 0.0
    },
    "bicycle": {
      "0.5": 0.0,
      "1.0": 0.0,
      "2.0": 0.0,
      "4.0": 0.0
    },
    "traffic_cone": {
      "0.5": 0.0,
      "1.0": 0.0,
      "2.0": 0.001923318705137037,
      "4.0": 0.04607101415378847
    },
    "barrier": {
      "0.5": 0.0,
      "1.0": 0.004683088585700135,
      "2.0": 0.08846715075579999,
      "4.0": 0.31605697776088704
    }
  },
  "mean_dist_aps": {
    "car": 0.1958691393498947,
    "truck": 0.005047050194278226,
    "bus": 0.07291212003169974,
    "trailer": 0.0019384402033867075,
    "construction_vehicle": 0.0,
    "pedestrian": 0.044429732102535105,
    "motorcycle": 0.0,
    "bicycle": 0.0,
    "traffic_cone": 0.011998583214731377,
    "barrier": 0.10230180427559679
  },
  "mean_ap": 0.04344968693721226,
  "label_tp_errors": {
    "car": {
      "trans_err": 0.9844751842788939,
      "scale_err": 0.20722661716681687,
      "orient_err": 0.9385621657715103,
      "vel_err": 1.0,
      "attr_err": 0.44870921001001063
    },
    "truck": {
      "trans_err": 1.1220308609037677,
      "scale_err": 0.35653251840167866,
      "orient_err": 0.8796791116763867,
      "vel_err": 1.0,
      "attr_err": 0.31042748964276434
    },
    "bus": {
      "trans_err": 1.083289886236919,
      "scale_err": 0.2482925114883159,
      "orient_err": 0.8162437254466289,
      "vel_err": 1.0,
      "attr_err": 0.882892113523756
    },
    "trailer": {
      "trans_err": 1.2516182047169908,
      "scale_err": 0.29668460813567016,
      "orient_err": 1.356282654883568,
      "vel_err": 1.0,
      "attr_err": 0.11941878074156494
    },
    "construction_vehicle": {
      "trans_err": 1.0,
      "scale_err": 1.0,
      "orient_err": 1.0,
      "vel_err": 1.0,
      "attr_err": 1.0
    },
    "pedestrian": {
      "trans_err": 1.1401607055702296,
      "scale_err": 0.40543273496535276,
      "orient_err": 1.5733017149451043,
      "vel_err": 1.0,
      "attr_err": 0.26449742253746505
    },
    "motorcycle": {
      "trans_err": 1.0,
      "scale_err": 1.0,
      "orient_err": 1.0,
      "vel_err": 1.0,
      "attr_err": 1.0
    },
    "bicycle": {
      "trans_err": 1.0,
      "scale_err": 1.0,
      "orient_err": 1.0,
      "vel_err": 1.0,
      "attr_err": 1.0
    },
    "traffic_cone": {
      "trans_err": 1.2584245224339543,
      "scale_err": 0.6115312154296012,
      "orient_err": NaN,
      "vel_err": NaN,
      "attr_err": NaN
    },
    "barrier": {
      "trans_err": 1.169020119720751,
      "scale_err": 0.4140548206981421,
      "orient_err": 0.48524437271688103,
      "vel_err": NaN,
      "attr_err": NaN
    }
  },
  "tp_errors": {
    "trans_err": 1.1009019483861504,
    "scale_err": 0.5539755026285579,
    "orient_err": 1.005479305048898,
    "vel_err": 1.0,
    "attr_err": 0.6282431270569451
  },
  "tp_scores": {
    "trans_err": 0.0,
    "scale_err": 0.4460244973714421,
    "orient_err": 0.0,
    "vel_err": 0.0,
    "attr_err": 0.37175687294305493
  },
  "nd_score": 0.10350298050005584,
  "eval_time": 93.17297887802124,
  "meta": {
    "use_camera": false,
    "use_lidar": false,
    "use_radar": false,
    "use_map": false,
    "use_external": false
  }
}