{
  "label_aps": {
    "car": {
      "0.5": 0.0,
      "1.0": 0.0060749802952162705,
      "2.0": 0.11671734388019281,
      "4.0": 0.29945540373116813
    },
    "truck": {
      "0.5": 0.0,
      "1.0": 0.0,
      "2.0": 0.0,
      "4.0": 0.00013952305357572284
    },
    "bus": {
      "0.5": 0.0,
      "1.0": 0.0,
      "2.0": 0.009169488515874366,
      "4.0": 0.08155738481399796
    },
    "trailer": {
      "0.5": 0.0,
      "1.0": 0.0,
      "2.0": 0.0,
      "4.0": 0.0
    },
    "construction_vehicle": {
      "0.5": 0.0,
      "1.0": 0.0,
      "2.0": 0.0,
      "4.0": 0.0
    },
    "pedestrian": {
      "0.5": 0.0,
      "1.0": 0.0,
      "2.0": 0.0,
      "4.0": 0.003767286675338734
    },
    "motorcycle": {
      "0.5": 0.0,
      "1.0": 0.0,
      "2.0": 0.0,
      "4.0": 0.0
    },
    "bicycle": {
      "0.5": 0.0,
      "1.0": 0.0,
      "2.0": 0.0,
      "4.0": 0.0
    },
    "traffic_cone": {
      "0.5": 0.0,
      "1.0": 0.0,
      "2.0": 0.0,
      "4.0": 0.0
    },
    "barrier": {
      "0.5": 0.0,
      "1.0": 0.0,
      "2.0": 0.024344879657791235,
      "4.0": 0.09900306174412954
    }
  },
  "mean_dist_aps": {
    "car": 0.1055619319766443,
    "truck": 3.488076339393071e-05,
    "bus": 0.02268171833246808,
    "trailer": 0.0,
    "construction_vehicle": 0.0,
    "pedestrian": 0.0009418216688346835,
    "motorcycle": 0.0,
    "bicycle": 0.0,
    "traffic_cone": 0.0,
    "barrier": 0.030836985350480194
  },
  "mean_ap": 0.01600573380918212,
  "label_tp_errors": {
    "car": {
      "trans_err": 1.1333297033572551,
      "scale_err": 0.23310309690974354,
      "orient_err": 1.3676516839213466,
      "vel_err": 1.0,
      "attr_err": 0.44327151756519895
    },
    "truck": {
      "trans_err": 1.2404189761647002,
      "scale_err": 0.4107469527615381,
      "orient_err": 1.3187834967140577,
      "vel_err": 1.0,
      "attr_err": 0.31297880976312764
    },
    "bus": {
      "trans_err": 1.1475068683242082,
      "scale_err": 0.27552206221365566,
      "orient_err": 0.9861390012383044,
      "vel_err": 1.0,
      "attr_err": 0.835367765684027
    },
    "trailer": {
      "trans_err": 1.3481964972183877,
      "scale_err": 0.3541459304989793,
      "orient_err": 1.6304355930361707,
      "vel_err": 1.0,
      "attr_err": 0.14728888047111777
    },
    "construction_vehicle": {
      "trans_err": 1.0,
      "scale_err": 1.0,
      "orient_err": 1.0,
      "vel_err": 1.0,
      "attr_err": 1.0
    },
    "pedestrian": {
      "trans_err": 1.259337706633722,
      "scale_err": 0.5789397018119509,
      "orient_err": 1.405412682598788,
      "vel_err": 1.0,
      "attr_err": 0.292455556121526
    },
    "motorcycle": {
      "trans_err": 1.0,
      "scale_err": 1.0,
      "orient_err": 1.0,
      "vel_err": 1.0,
      "attr_err": 1.0
    },
    "bicycle": {
      "trans_err": 1.0,
      "scale_err": 1.0,
      "orient_err": 1.0,
      "vel_err": 1.0,
      "attr_err": 1.0
    },
    "traffic_cone": {
      "trans_err": 1.0,
      "scale_err": 1.0,
      "orient_err": NaN,
      "vel_err": NaN,
      "attr_err": NaN
    },
    "barrier": {
      "trans_err": 1.1940034996415412,
      "scale_err": 0.5832286565784942,
      "orient_err": 0.41975273099162935,
      "vel_err": NaN,
      "attr_err": NaN
    }
  },
  "tp_errors": {
    "trans_err": 1.1322793251339813,
    "scale_err": 0.6435686400774361,
    "orient_err": 1.1253527987222551,
    "vel_err": 1.0,
    "attr_err": 0.6289203162006247
  },
  "tp_scores": {
    "trans_err": 0.0,
    "scale_err": 0.3564313599225639,
    "orient_err": 0.0,
    "vel_err": 0.0,
    "attr_err": 0.3710796837993753
  },
  "nd_score": 0.08075397127678498,
  "eval_time": 112.9722273349762,
  "meta": {
    "use_camera": false,
    "use_lidar": false,
    "use_radar": false,
    "use_map": false,
    "use_external": false
  }
}