{
  "label_aps": {
    "car": {
      "0.5": 0.0,
      "1.0": 0.0002806767228714478,
      "2.0": 0.06318012166747394,
      "4.0": 0.21735605066908067
    },
    "truck": {
      "0.5": 0.0,
      "1.0": 0.0,
      "2.0": 0.0,
      "4.0": 0.0020434425313093575
    },
    "bus": {
      "0.5": 0.0,
      "1.0": 0.0,
      "2.0": 0.0009269508876066392,
      "4.0": 0.04251471485745762
    },
    "trailer": {
      "0.5": 0.0,
      "1.0": 0.0,
      "2.0": 0.0,
      "4.0": 0.0
    },
    "construction_vehicle": {
      "0.5": 0.0,
      "1.0": 0.0,
      "2.0": 0.0,
      "4.0": 0.0
    },
    "pedestrian": {
      "0.5": 0.0,
      "1.0": 0.0,
      "2.0": 0.0,
      "4.0": 0.0005804100673237483
    },
    "motorcycle": {
      "0.5": 0.0,
      "1.0": 0.0,
      "2.0": 0.0,
      "4.0": 0.0
    },
    "bicycle": {
      "0.5": 0.0,
      "1.0": 0.0,
      "2.0": 0.0,
      "4.0": 0.0
    },
    "traffic_cone": {
      "0.5": 0.0,
      "1.0": 0.0,
      "2.0": 0.0,
      "4.0": 0.0
    },
    "barrier": {
      "0.5": 0.0,
      "1.0": 0.0,
      "2.0": 0.0017395205049152741,
      "4.0": 0.03329859729891373
    }
  },
  "mean_dist_aps": {
    "car": 0.07020421226485651,
    "truck": 0.0005108606328273394,
    "bus": 0.010860416436266064,
    "trailer": 0.0,
    "construction_vehicle": 0.0,
    "pedestrian": 0.00014510251683093708,
    "motorcycle": 0.0,
    "bicycle": 0.0,
    "traffic_cone": 0.0,
    "barrier": 0.008759529450957253
  },
  "mean_ap": 0.00904801213017381,
  "label_tp_errors": {
    "car": {
      "trans_err": 1.1774975569247588,
      "scale_err": 0.2921444176562309,
      "orient_err": 1.37789257873606,
      "vel_err": 1.0,
      "attr_err": 0.44073601923858396
    },
    "truck": {
      "trans_err": 1.23896552944833,
      "scale_err": 0.44779525400301246,
      "orient_err": 1.3159561636145047,
      "vel_err": 1.0,
      "attr_err": 0.3284928130562616
    },
    "bus": {
      "trans_err": 1.1631795821307982,
      "scale_err": 0.2690997948169352,
      "orient_err": 1.1026851790519245,
      "vel_err": 1.0,
      "attr_err": 0.8108405903948898
    },
    "trailer": {
      "trans_err": 1.3272067167142865,
      "scale_err": 0.3685526386992583,
      "orient_err": 1.5155903700252946,
      "vel_err": 1.0,
      "attr_err": 0.0751282637681706
    },
    "construction_vehicle": {
      "trans_err": 1.0,
      "scale_err": 1.0,
      "orient_err": 1.0,
      "vel_err": 1.0,
      "attr_err": 1.0
    },
    "pedestrian": {
      "trans_err": 1.275484678061308,
      "scale_err": 0.6415472362702619,
      "orient_err": 1.6257150467668577,
      "vel_err": 1.0,
      "attr_err": 0.3083374426132853
    },
    "motorcycle": {
      "trans_err": 1.0,
      "scale_err": 1.0,
      "orient_err": 1.0,
      "vel_err": 1.0,
      "attr_err": 1.0
    },
    "bicycle": {
      "trans_err": 1.0,
      "scale_err": 1.0,
      "orient_err": 1.0,
      "vel_err": 1.0,
      "attr_err": 1.0
    },
    "traffic_cone": {
      "trans_err": 1.0,
      "scale_err": 1.0,
      "orient_err": NaN,
      "vel_err": NaN,
      "attr_err": NaN
    },
    "barrier": {
      "trans_err": 1.2484580207055065,
      "scale_err": 0.7055399473103237,
      "orient_err": 1.0368087708592006,
      "vel_err": NaN,
      "attr_err": NaN
    }
  },
  "tp_errors": {
    "trans_err": 1.1430792083984986,
    "scale_err": 0.6724679288756022,
    "orient_err": 1.219405345450427,
    "vel_err": 1.0,
    "attr_err": 0.6204418911338989
  },
  "tp_scores": {
    "trans_err": 0.0,
    "scale_err": 0.32753207112439775,
    "orient_err": 0.0,
    "vel_err": 0.0,
    "attr_err": 0.3795581088661011
  },
  "nd_score": 0.07523302406413679,
  "eval_time": 105.65150904655457,
  "meta": {
    "use_camera": false,
    "use_lidar": false,
    "use_radar": false,
    "use_map": false,
    "use_external": false
  }
}