{
  "label_aps": {
    "car": {
      "0.5": 0.0,
      "1.0": 0.03374900566756429,
      "2.0": 0.2125314595459148,
      "4.0": 0.4219777762679718
    },
    "truck": {
      "0.5": 0.0,
      "1.0": 0.0,
      "2.0": 0.00036756151568134905,
      "4.0": 0.012589223586509594
    },
    "bus": {
      "0.5": 0.0,
      "1.0": 0.0,
      "2.0": 0.024478328307008884,
      "4.0": 0.12584047742541782
    },
    "trailer": {
      "0.5": 0.0,
      "1.0": 0.0,
      "2.0": 0.0,
      "4.0": 0.001332988812103878
    },
    "construction_vehicle": {
      "0.5": 0.0,
      "1.0": 0.0,
      "2.0": 0.0,
      "4.0": 0.0
    },
    "pedestrian": {
      "0.5": 0.0,
      "1.0": 0.0,
      "2.0": 0.005720322165023066,
      "4.0": 0.06292372466247308
    },
    "motorcycle": {
      "0.5": 0.0,
      "1.0": 0.0,
      "2.0": 0.0,
      "4.0": 0.0
    },
    "bicycle": {
      "0.5": 0.0,
      "1.0": 0.0,
      "2.0": 0.0,
      "4.0": 0.0
    },
    "traffic_cone": {
      "0.5": 0.0,
      "1.0": 0.0,
      "2.0": 0.0,
      "4.0": 0.013575168602534762
    },
    "barrier": {
      "0.5": 0.0,
      "1.0": 0.0014961135671471629,
      "2.0": 0.06113545681277573,
      "4.0": 0.21791300866425295
    }
  },
  "mean_dist_aps": {
    "car": 0.1670645603703627,
    "truck": 0.003239196275547736,
    "bus": 0.037579701433106676,
    "trailer": 0.0003332472030259695,
    "construction_vehicle": 0.0,
    "pedestrian": 0.017161011706874035,
    "motorcycle": 0.0,
    "bicycle": 0.0,
    "traffic_cone": 0.0033937921506336905,
    "barrier": 0.07013614476104396
  },
  "mean_ap": 0.029890765390059477,
  "label_tp_errors": {
    "car": {
      "trans_err": 1.0227021083133545,
      "scale_err": 0.20988858089016607,
      "orient_err": 1.2877106608589546,
      "vel_err": 1.0,
      "attr_err": 0.4173560332889999
    },
    "truck": {
      "trans_err": 1.048747127372581,
      "scale_err": 0.35855114530949855,
      "orient_err": 1.1041741746979798,
      "vel_err": 1.0,
      "attr_err": 0.34777881791067056
    },
    "bus": {
      "trans_err": 1.1023908289655866,
      "scale_err": 0.23149468290899947,
      "orient_err": 1.5102807088743773,
      "vel_err": 1.0,
      "attr_err": 0.8478595338937667
    },
    "trailer": {
      "trans_err": 1.3008013567255554,
      "scale_err": 0.33772032768720933,
      "orient_err": 1.4576249551233182,
      "vel_err": 1.0,
      "attr_err": 0.11719948783428108
    },
    "construction_vehicle": {
      "trans_err": 1.0,
      "scale_err": 1.0,
      "orient_err": 1.0,
      "vel_err": 1.0,
      "attr_err": 1.0
    },
    "pedestrian": {
      "trans_err": 1.1883385221218117,
      "scale_err": 0.4598243222238728,
      "orient_err": 1.54658677286761,
      "vel_err": 1.0,
      "attr_err": 0.31482115862241317
    },
    "motorcycle": {
      "trans_err": 1.0,
      "scale_err": 1.0,
      "orient_err": 1.0,
      "vel_err": 1.0,
      "attr_err": 1.0
    },
    "bicycle": {
      "trans_err": 1.0,
      "scale_err": 1.0,
      "orient_err": 1.0,
      "vel_err": 1.0,
      "attr_err": 1.0
    },
    "traffic_cone": {
      "trans_err": 1.318039702441499,
      "scale_err": 0.6089204962690249,
      "orient_err": NaN,
      "vel_err": NaN,
      "attr_err": NaN
    },
    "barrier": {
      "trans_err": 1.1561430754134572,
      "scale_err": 0.48755007341991785,
      "orient_err": 0.48756538839657454,
      "vel_err": NaN,
      "attr_err": NaN
    }
  },
  "tp_errors": {
    "trans_err": 1.1137162721353846,
    "scale_err": 0.5693949628708689,
    "orient_err": 1.1548825178687574,
    "vel_err": 1.0,
    "attr_err": 0.6306268789437665
  },
  "tp_scores": {
    "trans_err": 0.0,
    "scale_err": 0.4306050371291311,
    "orient_err": 0.0,
    "vel_err": 0.0,
    "attr_err": 0.36937312105623354
  },
  "nd_score": 0.09494319851356621,
  "eval_time": 104.2758629322052,
  "meta": {
    "use_camera": false,
    "use_lidar": false,
    "use_radar": false,
    "use_map": false,
    "use_external": false
  }
}