{
  "label_aps": {
    "car": {
      "0.5": 0.0,
      "1.0": 0.07357859699443331,
      "2.0": 0.27110216773179696,
      "4.0": 0.47161696758572075
    },
    "truck": {
      "0.5": 0.0,
      "1.0": 0.0,
      "2.0": 0.009959553553119798,
      "4.0": 0.02542193537173822
    },
    "bus": {
      "0.5": 0.0,
      "1.0": 0.03472615926444733,
      "2.0": 0.14919604621754484,
      "4.0": 0.21611585157392624
    },
    "trailer": {
      "0.5": 0.0,
      "1.0": 0.0,
      "2.0": 0.0,
      "4.0": 0.009971179102443262
    },
    "construction_vehicle": {
      "0.5": 0.0,
      "1.0": 0.0,
      "2.0": 0.0,
      "4.0": 0.0
    },
    "pedestrian": {
      "0.5": 0.0,
      "1.0": 0.00614057597894832,
      "2.0": 0.07628007212418171,
      "4.0": 0.19273838869197096
    },
    "motorcycle": {
      "0.5": 0.0,
      "1.0": 0.0,
      "2.0": 0.0,
      "4.0": 0.0
    },
    "bicycle": {
      "0.5": 0.0,
      "1.0": 0.0,
      "2.0": 0.0,
      "4.0": 0.0
    },
    "traffic_cone": {
      "0.5": 0.0,
      "1.0": 0.0,
      "2.0": 0.017881253922599406,
      "4.0": 0.0811839528511799
    },
    "barrier": {
      "0.5": 0.0,
      "1.0": 0.006593366947619406,
      "2.0": 0.11547032991906027,
      "4.0": 0.3298718771123303
    }
  },
  "mean_dist_aps": {
    "car": 0.20407443307798775,
    "truck": 0.008845372231214505,
    "bus": 0.10000951426397961,
    "trailer": 0.0024927947756108156,
    "construction_vehicle": 0.0,
    "pedestrian": 0.06878975919877525,
    "motorcycle": 0.0,
    "bicycle": 0.0,
    "traffic_cone": 0.024766301693444827,
    "barrier": 0.11298389349475249
  },
  "mean_ap": 0.052196206873576526,
  "label_tp_errors": {
    "car": {
      "trans_err": 0.9117152575151201,
      "scale_err": 0.21965990086737192,
      "orient_err": 0.7065791132232396,
      "vel_err": 1.0,
      "attr_err": 0.4347286651810872
    },
    "truck": {
      "trans_err": 1.0120714788896397,
      "scale_err": 0.3078517690212899,
      "orient_err": 1.1926247637723784,
      "vel_err": 1.0,
      "attr_err": 0.32662514375402946
    },
    "bus": {
      "trans_err": 0.8873766381881312,
      "scale_err": 0.22148559618004451,
      "orient_err": 1.0029243639267582,
      "vel_err": 1.0,
      "attr_err": 0.8144953506844417
    },
    "trailer": {
      "trans_err": 1.2482405863249824,
      "scale_err": 0.27175218660680117,
      "orient_err": 1.5905224903056674,
      "vel_err": 1.0,
      "attr_err": 0.12746142717659079
    },
    "construction_vehicle": {
      "trans_err": 1.0,
      "scale_err": 1.0,
      "orient_err": 1.0,
      "vel_err": 1.0,
      "attr_err": 1.0
    },
    "pedestrian": {
      "trans_err": 1.1018909959973233,
      "scale_err": 0.38266319731628945,
      "orient_err": 1.509839639829752,
      "vel_err": 1.0,
      "attr_err": 0.22058214775107005
    },
    "motorcycle": {
      "trans_err": 1.0,
      "scale_err": 1.0,
      "orient_err": 1.0,
      "vel_err": 1.0,
      "attr_err": 1.0
    },
    "bicycle": {
      "trans_err": 1.0,
      "scale_err": 1.0,
      "orient_err": 1.0,
      "vel_err": 1.0,
      "attr_err": 1.0
    },
    "traffic_cone": {
      "trans_err": 1.2477896265530073,
      "scale_err": 0.5331981758689543,
      "orient_err": NaN,
      "vel_err": NaN,
      "attr_err": NaN
    },
    "barrier": {
      "trans_err": 1.1708024793430167,
      "scale_err": 0.41941564662330666,
      "orient_err": 0.2857997383347706,
      "vel_err": NaN,
      "attr_err": NaN
    }
  },
  "tp_errors": {
    "trans_err": 1.057988706281122,
    "scale_err": 0.5356026472484058,
    "orient_err": 1.0320322343769517,
    "vel_err": 1.0,
    "attr_err": 0.6154865918184025
  },
  "tp_scores": {
    "trans_err": 0.0,
    "scale_err": 0.4643973527515942,
    "orient_err": 0.0,
    "vel_err": 0.0,
    "attr_err": 0.3845134081815975
  },
  "nd_score": 0.11098917953010742,
  "eval_time": 99.66999292373657,
  "meta": {
    "use_camera": false,
    "use_lidar": false,
    "use_radar": false,
    "use_map": false,
    "use_external": false
  }
}