{
  "label_aps": {
    "car": {
      "0.5": 0.0,
      "1.0": 0.025393938849198067,
      "2.0": 0.17514298769093586,
      "4.0": 0.36464082901021705
    },
    "truck": {
      "0.5": 0.0,
      "1.0": 0.0,
      "2.0": 0.0,
      "4.0": 0.003071390272610786
    },
    "bus": {
      "0.5": 0.0,
      "1.0": 0.0006956575367260032,
      "2.0": 0.023515970917398394,
      "4.0": 0.09287830641437239
    },
    "trailer": {
      "0.5": 0.0,
      "1.0": 0.0,
      "2.0": 0.0,
      "4.0": 5.268793330902487e-06
    },
    "construction_vehicle": {
      "0.5": 0.0,
      "1.0": 0.0,
      "2.0": 0.0,
      "4.0": 0.0
    },
    "pedestrian": {
      "0.5": 0.0,
      "1.0": 0.0,
      "2.0": 2.8991108042771562e-05,
      "4.0": 0.020442773381062214
    },
    "motorcycle": {
      "0.5": 0.0,
      "1.0": 0.0,
      "2.0": 0.0,
      "4.0": 0.0
    },
    "bicycle": {
      "0.5": 0.0,
      "1.0": 0.0,
      "2.0": 0.0,
      "4.0": 0.0
    },
    "traffic_cone": {
      "0.5": 0.0,
      "1.0": 0.0,
      "2.0": 0.0,
      "4.0": 0.0
    },
    "barrier": {
      "0.5": 0.0,
      "1.0": 0.0007661094171871307,
      "2.0": 0.05894754695451806,
      "4.0": 0.22351659256922599
    }
  },
  "mean_dist_aps": {
    "car": 0.14129443888758775,
    "truck": 0.0007678475681526965,
    "bus": 0.029272483717124195,
    "trailer": 1.3171983327256217e-06,
    "construction_vehicle": 0.0,
    "pedestrian": 0.005117941122276246,
    "motorcycle": 0.0,
    "bicycle": 0.0,
    "traffic_cone": 0.0,
    "barrier": 0.0708075622352328
  },
  "mean_ap": 0.024726159072870645,
  "label_tp_errors": {
    "car": {
      "trans_err": 1.0288430585072705,
      "scale_err": 0.23040438732206836,
      "orient_err": 1.176530536805449,
      "vel_err": 1.0,
      "attr_err": 0.4445232372578253
    },
    "truck": {
      "trans_err": 1.0852510323058735,
      "scale_err": 0.38031597056134425,
      "orient_err": 1.1205895333168623,
      "vel_err": 1.0,
      "attr_err": 0.2831724470019171
    },
    "bus": {
      "trans_err": 0.9820560545784959,
      "scale_err": 0.25450216741597825,
      "orient_err": 1.2413402653663126,
      "vel_err": 1.0,
      "attr_err": 0.8682485316358413
    },
    "trailer": {
      "trans_err": 1.2793775440423765,
      "scale_err": 0.32306007725503605,
      "orient_err": 1.669472397470881,
      "vel_err": 1.0,
      "attr_err": 0.10852048192612525
    },
    "construction_vehicle": {
      "trans_err": 1.0,
      "scale_err": 1.0,
      "orient_err": 1.0,
      "vel_err": 1.0,
      "attr_err": 1.0
    },
    "pedestrian": {
      "trans_err": 1.2042033673771868,
      "scale_err": 0.47128235863737933,
      "orient_err": 1.5724050801396157,
      "vel_err": 1.0,
      "attr_err": 0.2997334128213669
    },
    "motorcycle": {
      "trans_err": 1.0,
      "scale_err": 1.0,
      "orient_err": 1.0,
      "vel_err": 1.0,
      "attr_err": 1.0
    },
    "bicycle": {
      "trans_err": 1.0,
      "scale_err": 1.0,
      "orient_err": 1.0,
      "vel_err": 1.0,
      "attr_err": 1.0
    },
    "traffic_cone": {
      "trans_err": 1.0,
      "scale_err": 1.0,
      "orient_err": NaN,
      "vel_err": NaN,
      "attr_err": NaN
    },
    "barrier": {
      "trans_err": 1.1738725089826443,
      "scale_err": 0.49391192744733886,
      "orient_err": 0.478332184680943,
      "vel_err": NaN,
      "attr_err": NaN
    }
  },
  "tp_errors": {
    "trans_err": 1.0753603565793848,
    "scale_err": 0.6153476888639146,
    "orient_err": 1.1398522219755625,
    "vel_err": 1.0,
    "attr_err": 0.6255247638303845
  },
  "tp_scores": {
    "trans_err": 0.0,
    "scale_err": 0.38465231113608545,
    "orient_err": 0.0,
    "vel_err": 0.0,
    "attr_err": 0.37447523616961553
  },
  "nd_score": 0.08827583426700543,
  "eval_time": 109.53617739677429,
  "meta": {
    "use_camera": false,
    "use_lidar": false,
    "use_radar": false,
    "use_map": false,
    "use_external": false
  }
}