{
  "label_aps": {
    "car": {
      "0.5": 0.06025181775563504,
      "1.0": 0.23799553038025129,
      "2.0": 0.3831723407103427,
      "4.0": 0.4622196659557508
    },
    "truck": {
      "0.5": 0.0,
      "1.0": 0.004385372434172697,
      "2.0": 0.033014815756659814,
      "4.0": 0.062407953057971435
    },
    "bus": {
      "0.5": 0.0,
      "1.0": 0.010806987615063369,
      "2.0": 0.08321031739913252,
      "4.0": 0.13187417831958534
    },
    "trailer": {
      "0.5": 0.0,
      "1.0": 0.0,
      "2.0": 0.0,
      "4.0": 0.0
    },
    "construction_vehicle": {
      "0.5": 0.0,
      "1.0": 0.0,
      "2.0": 0.0,
      "4.0": 0.0
    },
    "pedestrian": {
      "0.5": 0.009751857858837002,
      "1.0": 0.07702954026376205,
      "2.0": 0.13462727240311345,
      "4.0": 0.1699267633479107
    },
    "motorcycle": {
      "0.5": 0.0,
      "1.0": 0.0,
      "2.0": 0.0,
      "4.0": 0.0
    },
    "bicycle": {
      "0.5": 0.0,
      "1.0": 0.0,
      "2.0": 0.0,
      "4.0": 0.0
    },
    "traffic_cone": {
      "0.5": 0.0,
      "1.0": 0.004697450365687783,
      "2.0": 0.031810731290826795,
      "4.0": 0.07187121921848692
    },
    "barrier": {
      "0.5": 0.0,
      "1.0": 0.01791917758837325,
      "2.0": 0.09839761067838938,
      "4.0": 0.14673052981075926
    }
  },
  "mean_dist_aps": {
    "car": 0.2859098387004949,
    "truck": 0.024952035312200985,
    "bus": 0.05647287083344531,
    "trailer": 0.0,
    "construction_vehicle": 0.0,
    "pedestrian": 0.09783385846840581,
    "motorcycle": 0.0,
    "bicycle": 0.0,
    "traffic_cone": 0.027094850218750376,
    "barrier": 0.06576182951938048
  },
  "mean_ap": 0.05580252830526779,
  "label_tp_errors": {
    "car": {
      "trans_err": 0.6368924045439739,
      "scale_err": 0.1949398127349098,
      "orient_err": 1.054006349678705,
      "vel_err": 1.0,
      "attr_err": 0.4142756141516419
    },
    "truck": {
      "trans_err": 0.8881326668730694,
      "scale_err": 0.3308108613734689,
      "orient_err": 1.1629514288921687,
      "vel_err": 1.0,
      "attr_err": 0.3369621168623879
    },
    "bus": {
      "trans_err": 0.8976372513161688,
      "scale_err": 0.18918458149142212,
      "orient_err": 1.2557680935310946,
      "vel_err": 1.0,
      "attr_err": 0.7962863478162994
    },
    "trailer": {
      "trans_err": 1.2300630730898332,
      "scale_err": 0.27714958053401906,
      "orient_err": 1.4967663726734624,
      "vel_err": 1.0,
      "attr_err": 0.22298136645962732
    },
    "construction_vehicle": {
      "trans_err": 1.0,
      "scale_err": 1.0,
      "orient_err": 1.0,
      "vel_err": 1.0,
      "attr_err": 1.0
    },
    "pedestrian": {
      "trans_err": 0.7596769324384038,
      "scale_err": 0.33128092750098376,
      "orient_err": 1.543063070775443,
      "vel_err": 1.0,
      "attr_err": 0.19536090936648817
    },
    "motorcycle": {
      "trans_err": 1.0,
      "scale_err": 1.0,
      "orient_err": 1.0,
      "vel_err": 1.0,
      "attr_err": 1.0
    },
    "bicycle": {
      "trans_err": 1.0,
      "scale_err": 1.0,
      "orient_err": 1.0,
      "vel_err": 1.0,
      "attr_err": 1.0
    },
    "traffic_cone": {
      "trans_err": 0.9685059592191936,
      "scale_err": 0.5053502339249335,
      "orient_err": NaN,
      "vel_err": NaN,
      "attr_err": NaN
    },
    "barrier": {
      "trans_err": 0.9506971045973185,
      "scale_err": 0.4545769984681404,
      "orient_err": 0.32175874511256725,
      "vel_err": NaN,
      "attr_err": NaN
    }
  },
  "tp_errors": {
    "trans_err": 0.9331605392077961,
    "scale_err": 0.5283292996027878,
    "orient_err": 1.092701562295938,
    "vel_err": 1.0,
    "attr_err": 0.6207332943320556
  },
  "tp_scores": {
    "trans_err": 0.06683946079220393,
    "scale_err": 0.47167070039721215,
    "orient_err": 0.0,
    "vel_err": 0.0,
    "attr_err": 0.3792667056679444
  },
  "nd_score": 0.11967895083836995,
  "eval_time": 96.30998611450195,
  "meta": {
    "use_camera": false,
    "use_lidar": false,
    "use_radar": false,
    "use_map": false,
    "use_external": false
  }
}