{
  "label_aps": {
    "car": {
      "0.5": 0.009150608891747538,
      "1.0": 0.15620207212748788,
      "2.0": 0.3859301033608273,
      "4.0": 0.5335301809464824
    },
    "truck": {
      "0.5": 0.0,
      "1.0": 0.002083290928318126,
      "2.0": 0.026718552706337318,
      "4.0": 0.04597256252030007
    },
    "bus": {
      "0.5": 0.0,
      "1.0": 0.025539861315507617,
      "2.0": 0.11031095283376652,
      "4.0": 0.279733657956488
    },
    "trailer": {
      "0.5": 0.0,
      "1.0": 0.0,
      "2.0": 0.003581764583856772,
      "4.0": 0.03394547221645861
    },
    "construction_vehicle": {
      "0.5": 0.0,
      "1.0": 0.0,
      "2.0": 0.0,
      "4.0": 0.0024156603348111077
    },
    "pedestrian": {
      "0.5": 0.0,
      "1.0": 0.00484376563241189,
      "2.0": 0.046628417858360825,
      "4.0": 0.10306720765357355
    },
    "motorcycle": {
      "0.5": 0.0,
      "1.0": 0.0,
      "2.0": 0.0,
      "4.0": 0.0
    },
    "bicycle": {
      "0.5": 0.0,
      "1.0": 0.0,
      "2.0": 0.0,
      "4.0": 0.0
    },
    "traffic_cone": {
      "0.5": 0.0,
      "1.0": 0.0,
      "2.0": 0.00787122808540401,
      "4.0": 0.05554489338597656
    },
    "barrier": {
      "0.5": 0.0,
      "1.0": 0.022424718000428015,
      "2.0": 0.15539117397143773,
      "4.0": 0.32520810335522804
    }
  },
  "mean_dist_aps": {
    "car": 0.2712032413316363,
    "truck": 0.018693601538738877,
    "bus": 0.10389611802644054,
    "trailer": 0.009381809200078845,
    "construction_vehicle": 0.0006039150837027769,
    "pedestrian": 0.03863484778608657,
    "motorcycle": 0.0,
    "bicycle": 0.0,
    "traffic_cone": 0.01585403036784514,
    "barrier": 0.12575599883177346
  },
  "mean_ap": 0.05840235621663026,
  "label_tp_errors": {
    "car": {
      "trans_err": 0.8196387145682658,
      "scale_err": 0.20737278546518367,
      "orient_err": 0.632271917839965,
      "vel_err": 1.0,
      "attr_err": 0.39239521328279353
    },
    "truck": {
      "trans_err": 0.9363210077862297,
      "scale_err": 0.30929734360284006,
      "orient_err": 0.8896998074912625,
      "vel_err": 1.0,
      "attr_err": 0.332199401011368
    },
    "bus": {
      "trans_err": 0.925584799322733,
      "scale_err": 0.2012299978261441,
      "orient_err": 0.8979322045475499,
      "vel_err": 1.0,
      "attr_err": 0.8305204880682893
    },
    "trailer": {
      "trans_err": 1.1312869637829501,
      "scale_err": 0.22723706544680491,
      "orient_err": 1.5054665060611696,
      "vel_err": 1.0,
      "attr_err": 0.07475299501419351
    },
    "construction_vehicle": {
      "trans_err": 1.0,
      "scale_err": 1.0,
      "orient_err": 1.0,
      "vel_err": 1.0,
      "attr_err": 1.0
    },
    "pedestrian": {
      "trans_err": 1.0940926218627038,
      "scale_err": 0.34647536380527644,
      "orient_err": 1.560210232398327,
      "vel_err": 1.0,
      "attr_err": 0.23954089421270033
    },
    "motorcycle": {
      "trans_err": 1.0,
      "scale_err": 1.0,
      "orient_err": 1.0,
      "vel_err": 1.0,
      "attr_err": 1.0
    },
    "bicycle": {
      "trans_err": 1.0,
      "scale_err": 1.0,
      "orient_err": 1.0,
      "vel_err": 1.0,
      "attr_err": 1.0
    },
    "traffic_cone": {
      "trans_err": 1.1787638140220786,
      "scale_err": 0.5120222256122661,
      "orient_err": NaN,
      "vel_err": NaN,
      "attr_err": NaN
    },
    "barrier": {
      "trans_err": 1.0717848011041422,
      "scale_err": 0.3533492507773968,
      "orient_err": 0.22494476788798418,
      "vel_err": NaN,
      "attr_err": NaN
    }
  },
  "tp_errors": {
    "trans_err": 1.0157472722449103,
    "scale_err": 0.5156984032535912,
    "orient_err": 0.9678361595806955,
    "vel_err": 1.0,
    "attr_err": 0.608676123948668
  },
  "tp_scores": {
    "trans_err": 0.0,
    "scale_err": 0.4843015967464088,
    "orient_err": 0.032163840419304535,
    "vel_err": 0.0,
    "attr_err": 0.391323876051332
  },
  "nd_score": 0.11998010943001966,
  "eval_time": 97.4773280620575,
  "meta": {
    "use_camera": false,
    "use_lidar": false,
    "use_radar": false,
    "use_map": false,
    "use_external": false
  }
}