{
  "label_aps": {
    "car": {
      "0.5": 0.0,
      "1.0": 0.04947076219956839,
      "2.0": 0.23681874158659655,
      "4.0": 0.4490809252080724
    },
    "truck": {
      "0.5": 0.0,
      "1.0": 0.0,
      "2.0": 0.00911092171847967,
      "4.0": 0.03388640488173619
    },
    "bus": {
      "0.5": 0.0,
      "1.0": 0.0036704897324705155,
      "2.0": 0.06586606263173325,
      "4.0": 0.20190114391936553
    },
    "trailer": {
      "0.5": 0.0,
      "1.0": 0.0,
      "2.0": 0.0,
      "4.0": 0.008383626943968372
    },
    "construction_vehicle": {
      "0.5": 0.0,
      "1.0": 0.0,
      "2.0": 0.0,
      "4.0": 0.0
    },
    "pedestrian": {
      "0.5": 0.0,
      "1.0": 0.0,
      "2.0": 0.017629894707551667,
      "4.0": 0.09307525724078762
    },
    "motorcycle": {
      "0.5": 0.0,
      "1.0": 0.0,
      "2.0": 0.0,
      "4.0": 0.0
    },
    "bicycle": {
      "0.5": 0.0,
      "1.0": 0.0,
      "2.0": 0.0,
      "4.0": 0.0
    },
    "traffic_cone": {
      "0.5": 0.0,
      "1.0": 0.0,
      "2.0": 0.0006567175953348812,
      "4.0": 0.029035517440674546
    },
    "barrier": {
      "0.5": 0.0,
      "1.0": 0.003217255245452029,
      "2.0": 0.08751632520497406,
      "4.0": 0.28638186842550767
    }
  },
  "mean_dist_aps": {
    "car": 0.18384260724855933,
    "truck": 0.010749331650053966,
    "bus": 0.06785942407089232,
    "trailer": 0.002095906735992093,
    "construction_vehicle": 0.0,
    "pedestrian": 0.02767628798708482,
    "motorcycle": 0.0,
    "bicycle": 0.0,
    "traffic_cone": 0.007423058759002356,
    "barrier": 0.09427886221898343
  },
  "mean_ap": 0.03939254786705683,
  "label_tp_errors": {
    "car": {
      "trans_err": 0.9765562144296792,
      "scale_err": 0.2013389750535092,
      "orient_err": 0.88182853310912,
      "vel_err": 1.0,
      "attr_err": 0.44049295141914185
    },
    "truck": {
      "trans_err": 0.9998485431906,
      "scale_err": 0.34864479542349264,
      "orient_err": 1.0856950631103401,
      "vel_err": 1.0,
      "attr_err": 0.2824264396294517
    },
    "bus": {
      "trans_err": 0.9996741881004493,
      "scale_err": 0.22731180814879748,
      "orient_err": 1.04593801787776,
      "vel_err": 1.0,
      "attr_err": 0.8222362807243714
    },
    "trailer": {
      "trans_err": 1.277916295700341,
      "scale_err": 0.28688974672096407,
      "orient_err": 1.5807625995314483,
      "vel_err": 1.0,
      "attr_err": 0.14546129920745202
    },
    "construction_vehicle": {
      "trans_err": 1.0,
      "scale_err": 1.0,
      "orient_err": 1.0,
      "vel_err": 1.0,
      "attr_err": 1.0
    },
    "pedestrian": {
      "trans_err": 1.180474954616649,
      "scale_err": 0.42067732222949017,
      "orient_err": 1.6470903635373286,
      "vel_err": 1.0,
      "attr_err": 0.2779710202407272
    },
    "motorcycle": {
      "trans_err": 1.0,
      "scale_err": 1.0,
      "orient_err": 1.0,
      "vel_err": 1.0,
      "attr_err": 1.0
    },
    "bicycle": {
      "trans_err": 1.0,
      "scale_err": 1.0,
      "orient_err": 1.0,
      "vel_err": 1.0,
      "attr_err": 1.0
    },
    "traffic_cone": {
      "trans_err": 1.3076030642101617,
      "scale_err": 0.567968061283294,
      "orient_err": NaN,
      "vel_err": NaN,
      "attr_err": NaN
    },
    "barrier": {
      "trans_err": 1.1825948544989098,
      "scale_err": 0.4280816526714371,
      "orient_err": 0.34269300302971,
      "vel_err": NaN,
      "attr_err": NaN
    }
  },
  "tp_errors": {
    "trans_err": 1.092466811474679,
    "scale_err": 0.5480912361530985,
    "orient_err": 1.0648897311328565,
    "vel_err": 1.0,
    "attr_err": 0.621073498902643
  },
  "tp_scores": {
    "trans_err": 0.0,
    "scale_err": 0.4519087638469015,
    "orient_err": 0.0,
    "vel_err": 0.0,
    "attr_err": 0.37892650109735704
  },
  "nd_score": 0.10277980042795427,
  "eval_time": 100.09222793579102,
  "meta": {
    "use_camera": false,
    "use_lidar": false,
    "use_radar": false,
    "use_map": false,
    "use_external": false
  }
}