{
  "label_aps": {
    "car": {
      "0.5": 0.0,
      "1.0": 0.0729838658379463,
      "2.0": 0.26518400679218534,
      "4.0": 0.4654909457846118
    },
    "truck": {
      "0.5": 0.0,
      "1.0": 0.0,
      "2.0": 0.001430123583532192,
      "4.0": 0.01384138014470011
    },
    "bus": {
      "0.5": 0.0,
      "1.0": 0.009608141342899952,
      "2.0": 0.07723411491869693,
      "4.0": 0.18690420097691224
    },
    "trailer": {
      "0.5": 0.0,
      "1.0": 0.0,
      "2.0": 0.0,
      "4.0": 0.001181963878356211
    },
    "construction_vehicle": {
      "0.5": 0.0,
      "1.0": 0.0,
      "2.0": 0.0,
      "4.0": 0.0
    },
    "pedestrian": {
      "0.5": 0.0,
      "1.0": 0.003655345706303744,
      "2.0": 0.05798395884013363,
      "4.0": 0.15716415318309582
    },
    "motorcycle": {
      "0.5": 0.0,
      "1.0": 0.0,
      "2.0": 0.0,
      "4.0": 0.0
    },
    "bicycle": {
      "0.5": 0.0,
      "1.0": 0.0,
      "2.0": 0.0,
      "4.0": 0.0
    },
    "traffic_cone": {
      "0.5": 0.0,
      "1.0": 0.0,
      "2.0": 0.003747224301489952,
      "4.0": 0.03787293904512627
    },
    "barrier": {
      "0.5": 0.0,
      "1.0": 0.005562797442989279,
      "2.0": 0.12142847367340616,
      "4.0": 0.36155466646158896
    }
  },
  "mean_dist_aps": {
    "car": 0.20091470460368588,
    "truck": 0.0038178759320580753,
    "bus": 0.06843661430962727,
    "trailer": 0.00029549096958905274,
    "construction_vehicle": 0.0,
    "pedestrian": 0.0547008644323833,
    "motorcycle": 0.0,
    "bicycle": 0.0,
    "traffic_cone": 0.010405040836654056,
    "barrier": 0.12213648439449609
  },
  "mean_ap": 0.04607070754784938,
  "label_tp_errors": {
    "car": {
      "trans_err": 0.9069519918059695,
      "scale_err": 0.21421071842071357,
      "orient_err": 0.71883448085097,
      "vel_err": 1.0,
      "attr_err": 0.43458790789716595
    },
    "truck": {
      "trans_err": 1.0464456502933563,
      "scale_err": 0.346784811502857,
      "orient_err": 0.8723262205608334,
      "vel_err": 1.0,
      "attr_err": 0.3293245780087984
    },
    "bus": {
      "trans_err": 0.9547801363821636,
      "scale_err": 0.22098307060637268,
      "orient_err": 1.1461184345391153,
      "vel_err": 1.0,
      "attr_err": 0.8471218278516182
    },
    "trailer": {
      "trans_err": 1.2277843190385183,
      "scale_err": 0.2901821099667009,
      "orient_err": 1.6495192068115285,
      "vel_err": 1.0,
      "attr_err": 0.143279314187711
    },
    "construction_vehicle": {
      "trans_err": 1.0,
      "scale_err": 1.0,
      "orient_err": 1.0,
      "vel_err": 1.0,
      "attr_err": 1.0
    },
    "pedestrian": {
      "trans_err": 1.1137286857296433,
      "scale_err": 0.4008552129052042,
      "orient_err": 1.5603373687686741,
      "vel_err": 1.0,
      "attr_err": 0.20845120556193145
    },
    "motorcycle": {
      "trans_err": 1.0,
      "scale_err": 1.0,
      "orient_err": 1.0,
      "vel_err": 1.0,
      "attr_err": 1.0
    },
    "bicycle": {
      "trans_err": 1.0,
      "scale_err": 1.0,
      "orient_err": 1.0,
      "vel_err": 1.0,
      "attr_err": 1.0
    },
    "traffic_cone": {
      "trans_err": 1.187608780592466,
      "scale_err": 0.5836989570502662,
      "orient_err": NaN,
      "vel_err": NaN,
      "attr_err": NaN
    },
    "barrier": {
      "trans_err": 1.1859554898257838,
      "scale_err": 0.3861569186793272,
      "orient_err": 0.26950665093459614,
      "vel_err": NaN,
      "attr_err": NaN
    }
  },
  "tp_errors": {
    "trans_err": 1.0623255053667902,
    "scale_err": 0.5442871799131441,
    "orient_err": 1.024071373607302,
    "vel_err": 1.0,
    "attr_err": 0.620345604188403
  },
  "tp_scores": {
    "trans_err": 0.0,
    "scale_err": 0.4557128200868559,
    "orient_err": 0.0,
    "vel_err": 0.0,
    "attr_err": 0.379654395811597
  },
  "nd_score": 0.10657207536376997,
  "eval_time": 91.89960050582886,
  "meta": {
    "use_camera": false,
    "use_lidar": false,
    "use_radar": false,
    "use_map": false,
    "use_external": false
  }
}