{
  "label_aps": {
    "car": {
      "0.5": 0.0,
      "1.0": 0.07001832087422653,
      "2.0": 0.2870739658753732,
      "4.0": 0.4894797357576855
    },
    "truck": {
      "0.5": 0.0,
      "1.0": 0.0,
      "2.0": 0.0019857878800788424,
      "4.0": 0.023245770706571252
    },
    "bus": {
      "0.5": 0.0,
      "1.0": 0.016429216745121097,
      "2.0": 0.12850668820386904,
      "4.0": 0.3171950393245911
    },
    "trailer": {
      "0.5": 0.0,
      "1.0": 0.0,
      "2.0": 0.0,
      "4.0": 0.006745696455160435
    },
    "construction_vehicle": {
      "0.5": 0.0,
      "1.0": 0.0,
      "2.0": 0.0,
      "4.0": 0.0
    },
    "pedestrian": {
      "0.5": 0.0,
      "1.0": 0.008110272514213956,
      "2.0": 0.07105137120946409,
      "4.0": 0.17432457983921007
    },
    "motorcycle": {
      "0.5": 0.0,
      "1.0": 0.0,
      "2.0": 0.0,
      "4.0": 0.0
    },
    "bicycle": {
      "0.5": 0.0,
      "1.0": 0.0,
      "2.0": 0.0,
      "4.0": 0.0
    },
    "traffic_cone": {
      "0.5": 0.0,
      "1.0": 0.0,
      "2.0": 0.0049244876828615294,
      "4.0": 0.05344146296152327
    },
    "barrier": {
      "0.5": 0.0,
      "1.0": 0.005758672211744288,
      "2.0": 0.09827194336136974,
      "4.0": 0.3157662505199665
    }
  },
  "mean_dist_aps": {
    "car": 0.2116430056268213,
    "truck": 0.0063078896466625236,
    "bus": 0.11553273606839531,
    "trailer": 0.0016864241137901088,
    "construction_vehicle": 0.0,
    "pedestrian": 0.06337155589072202,
    "motorcycle": 0.0,
    "bicycle": 0.0,
    "traffic_cone": 0.0145914876610962,
    "barrier": 0.10494921652327013
  },
  "mean_ap": 0.051808231553075755,
  "label_tp_errors": {
    "car": {
      "trans_err": 0.934516949956273,
      "scale_err": 0.19676510421180765,
      "orient_err": 0.7915288070392756,
      "vel_err": 1.0,
      "attr_err": 0.4396985196139608
    },
    "truck": {
      "trans_err": 1.029764988589975,
      "scale_err": 0.35307944568625427,
      "orient_err": 1.0015322751241322,
      "vel_err": 1.0,
      "attr_err": 0.2792932571635989
    },
    "bus": {
      "trans_err": 1.0030406623768737,
      "scale_err": 0.2124789909213866,
      "orient_err": 1.1677862691097431,
      "vel_err": 1.0,
      "attr_err": 0.8289735562020533
    },
    "trailer": {
      "trans_err": 1.1491014112633662,
      "scale_err": 0.2810802657940044,
      "orient_err": 1.6761011994945318,
      "vel_err": 1.0,
      "attr_err": 0.09705098117466426
    },
    "construction_vehicle": {
      "trans_err": 1.0,
      "scale_err": 1.0,
      "orient_err": 1.0,
      "vel_err": 1.0,
      "attr_err": 1.0
    },
    "pedestrian": {
      "trans_err": 1.0936847032834391,
      "scale_err": 0.38774512298947433,
      "orient_err": 1.5514489857803966,
      "vel_err": 1.0,
      "attr_err": 0.21252642014499837
    },
    "motorcycle": {
      "trans_err": 1.0,
      "scale_err": 1.0,
      "orient_err": 1.0,
      "vel_err": 1.0,
      "attr_err": 1.0
    },
    "bicycle": {
      "trans_err": 1.0,
      "scale_err": 1.0,
      "orient_err": 1.0,
      "vel_err": 1.0,
      "attr_err": 1.0
    },
    "traffic_cone": {
      "trans_err": 1.2789618036544381,
      "scale_err": 0.5866772372797183,
      "orient_err": NaN,
      "vel_err": NaN,
      "attr_err": NaN
    },
    "barrier": {
      "trans_err": 1.1652161864311825,
      "scale_err": 0.43189556012808616,
      "orient_err": 0.38019647573277604,
      "vel_err": NaN,
      "attr_err": NaN
    }
  },
  "tp_errors": {
    "trans_err": 1.065428670555555,
    "scale_err": 0.5449721727010732,
    "orient_err": 1.0631771124756506,
    "vel_err": 1.0,
    "attr_err": 0.6071928417874095
  },
  "tp_scores": {
    "trans_err": 0.0,
    "scale_err": 0.45502782729892677,
    "orient_err": 0.0,
    "vel_err": 0.0,
    "attr_err": 0.3928071582125905
  },
  "nd_score": 0.11068761432768962,
  "eval_time": 93.98283076286316,
  "meta": {
    "use_camera": false,
    "use_lidar": false,
    "use_radar": false,
    "use_map": false,
    "use_external": false
  }
}