{
  "label_aps": {
    "car": {
      "0.5": 0.0,
      "1.0": 0.07552594692173027,
      "2.0": 0.2980961163033954,
      "4.0": 0.5013555493696337
    },
    "truck": {
      "0.5": 0.0,
      "1.0": 0.00023458993739389284,
      "2.0": 0.017345912036865075,
      "4.0": 0.03698811812425113
    },
    "bus": {
      "0.5": 0.0,
      "1.0": 0.043406041744022156,
      "2.0": 0.1767908204821289,
      "4.0": 0.28181696640868326
    },
    "trailer": {
      "0.5": 0.0,
      "1.0": 0.0,
      "2.0": 0.0,
      "4.0": 0.006247553406277126
    },
    "construction_vehicle": {
      "0.5": 0.0,
      "1.0": 0.0,
      "2.0": 0.0,
      "4.0": 0.0
    },
    "pedestrian": {
      "0.5": 0.0,
      "1.0": 0.008399977590944765,
      "2.0": 0.07887852927989952,
      "4.0": 0.18594166775466361
    },
    "motorcycle": {
      "0.5": 0.0,
      "1.0": 0.0,
      "2.0": 0.0,
      "4.0": 0.0
    },
    "bicycle": {
      "0.5": 0.0,
      "1.0": 0.0,
      "2.0": 0.0,
      "4.0": 0.0
    },
    "traffic_cone": {
      "0.5": 0.0,
      "1.0": 0.0,
      "2.0": 0.008343574219079875,
      "4.0": 0.05664618593523144
    },
    "barrier": {
      "0.5": 0.0,
      "1.0": 0.010922832202197797,
      "2.0": 0.1190946247385592,
      "4.0": 0.3506800002452478
    }
  },
  "mean_dist_aps": {
    "car": 0.21874440314868981,
    "truck": 0.013642155024627525,
    "bus": 0.1255034571587086,
    "trailer": 0.0015618883515692815,
    "construction_vehicle": 0.0,
    "pedestrian": 0.06830504365637698,
    "motorcycle": 0.0,
    "bicycle": 0.0,
    "traffic_cone": 0.01624744003857783,
    "barrier": 0.1201743642965012
  },
  "mean_ap": 0.05641787516750511,
  "label_tp_errors": {
    "car": {
      "trans_err": 0.9370604446156319,
      "scale_err": 0.21049408925506727,
      "orient_err": 0.7522309809126793,
      "vel_err": 1.0,
      "attr_err": 0.41586346981328626
    },
    "truck": {
      "trans_err": 0.9182982600590859,
      "scale_err": 0.2955021711544504,
      "orient_err": 1.0437922028904207,
      "vel_err": 1.0,
      "attr_err": 0.2734704025045727
    },
    "bus": {
      "trans_err": 0.8879800080040344,
      "scale_err": 0.19709454942788857,
      "orient_err": 1.2407041615909076,
      "vel_err": 1.0,
      "attr_err": 0.8455289483244433
    },
    "trailer": {
      "trans_err": 1.142962136252586,
      "scale_err": 0.2776648300027031,
      "orient_err": 1.5775748561457623,
      "vel_err": 1.0,
      "attr_err": 0.11928063106835829
    },
    "construction_vehicle": {
      "trans_err": 1.0,
      "scale_err": 1.0,
      "orient_err": 1.0,
      "vel_err": 1.0,
      "attr_err": 1.0
    },
    "pedestrian": {
      "trans_err": 1.1005470610343338,
      "scale_err": 0.3927855012170347,
      "orient_err": 1.5512607142764274,
      "vel_err": 1.0,
      "attr_err": 0.19749999940145582
    },
    "motorcycle": {
      "trans_err": 1.0,
      "scale_err": 1.0,
      "orient_err": 1.0,
      "vel_err": 1.0,
      "attr_err": 1.0
    },
    "bicycle": {
      "trans_err": 1.0,
      "scale_err": 1.0,
      "orient_err": 1.0,
      "vel_err": 1.0,
      "attr_err": 1.0
    },
    "traffic_cone": {
      "trans_err": 1.2407737120011946,
      "scale_err": 0.5915495879271782,
      "orient_err": NaN,
      "vel_err": NaN,
      "attr_err": NaN
    },
    "barrier": {
      "trans_err": 1.105725445916418,
      "scale_err": 0.37165900046821115,
      "orient_err": 0.273799195706096,
      "vel_err": NaN,
      "attr_err": NaN
    }
  },
  "tp_errors": {
    "trans_err": 1.0333347067883285,
    "scale_err": 0.5336749729452533,
    "orient_err": 1.048818012391366,
    "vel_err": 1.0,
    "attr_err": 0.6064554313890146
  },
  "tp_scores": {
    "trans_err": 0.0,
    "scale_err": 0.46632502705474665,
    "orient_err": 0.0,
    "vel_err": 0.0,
    "attr_err": 0.3935445686109854
  },
  "nd_score": 0.11419589715032577,
  "eval_time": 96.83059620857239,
  "meta": {
    "use_camera": false,
    "use_lidar": false,
    "use_radar": false,
    "use_map": false,
    "use_external": false
  }
}