{
  "label_aps": {
    "car": {
      "0.5": 0.0,
      "1.0": 0.02850573551728587,
      "2.0": 0.1865607655301871,
      "4.0": 0.374210697544911
    },
    "truck": {
      "0.5": 0.0,
      "1.0": 0.0,
      "2.0": 0.00146399684438498,
      "4.0": 0.009067664632246024
    },
    "bus": {
      "0.5": 0.0,
      "1.0": 0.0014934084645167388,
      "2.0": 0.033628016734368146,
      "4.0": 0.11378228009338368
    },
    "trailer": {
      "0.5": 0.0,
      "1.0": 0.0,
      "2.0": 0.0,
      "4.0": 0.00023608260687337488
    },
    "construction_vehicle": {
      "0.5": 0.0,
      "1.0": 0.0,
      "2.0": 0.0,
      "4.0": 0.0
    },
    "pedestrian": {
      "0.5": 0.0,
      "1.0": 0.0,
      "2.0": 0.0,
      "4.0": 0.01878702461764785
    },
    "motorcycle": {
      "0.5": 0.0,
      "1.0": 0.0,
      "2.0": 0.0,
      "4.0": 0.0
    },
    "bicycle": {
      "0.5": 0.0,
      "1.0": 0.0,
      "2.0": 0.0,
      "4.0": 0.0
    },
    "traffic_cone": {
      "0.5": 0.0,
      "1.0": 0.0,
      "2.0": 0.0,
      "4.0": 0.0019356367000672545
    },
    "barrier": {
      "0.5": 0.0,
      "1.0": 6.343715936008055e-06,
      "2.0": 0.030680851486183932,
      "4.0": 0.1370794125203393
    }
  },
  "mean_dist_aps": {
    "car": 0.14731929964809598,
    "truck": 0.0026329153691577512,
    "bus": 0.03722592632306714,
    "trailer": 5.902065171834372e-05,
    "construction_vehicle": 0.0,
    "pedestrian": 0.004696756154411962,
    "motorcycle": 0.0,
    "bicycle": 0.0,
    "traffic_cone": 0.00048390917501681363,
    "barrier": 0.04194165193061481
  },
  "mean_ap": 0.023435947925208277,
  "label_tp_errors": {
    "car": {
      "trans_err": 1.0244426621366995,
      "scale_err": 0.2245448130460176,
      "orient_err": 1.1798176837003778,
      "vel_err": 1.0,
      "attr_err": 0.4359219301438691
    },
    "truck": {
      "trans_err": 1.1467903717616013,
      "scale_err": 0.37322905556686936,
      "orient_err": 1.236845986526729,
      "vel_err": 1.0,
      "attr_err": 0.3356420344493755
    },
    "bus": {
      "trans_err": 1.0454620030282424,
      "scale_err": 0.2560708714768668,
      "orient_err": 1.28490438752823,
      "vel_err": 1.0,
      "attr_err": 0.8272067850528587
    },
    "trailer": {
      "trans_err": 1.2707239049108532,
      "scale_err": 0.31166100056073637,
      "orient_err": 1.4986162059051447,
      "vel_err": 1.0,
      "attr_err": 0.1332707550066707
    },
    "construction_vehicle": {
      "trans_err": 1.0,
      "scale_err": 1.0,
      "orient_err": 1.0,
      "vel_err": 1.0,
      "attr_err": 1.0
    },
    "pedestrian": {
      "trans_err": 1.2515317306681442,
      "scale_err": 0.480146750618568,
      "orient_err": 1.5788583624045016,
      "vel_err": 1.0,
      "attr_err": 0.2839844657824431
    },
    "motorcycle": {
      "trans_err": 1.0,
      "scale_err": 1.0,
      "orient_err": 1.0,
      "vel_err": 1.0,
      "attr_err": 1.0
    },
    "bicycle": {
      "trans_err": 1.0,
      "scale_err": 1.0,
      "orient_err": 1.0,
      "vel_err": 1.0,
      "attr_err": 1.0
    },
    "traffic_cone": {
      "trans_err": 1.0,
      "scale_err": 1.0,
      "orient_err": NaN,
      "vel_err": NaN,
      "attr_err": NaN
    },
    "barrier": {
      "trans_err": 1.219924883868959,
      "scale_err": 0.5076121397235022,
      "orient_err": 0.4516108958261907,
      "vel_err": NaN,
      "attr_err": NaN
    }
  },
  "tp_errors": {
    "trans_err": 1.09588755563745,
    "scale_err": 0.615326463099256,
    "orient_err": 1.1367392802101302,
    "vel_err": 1.0,
    "attr_err": 0.6270032463044022
  },
  "tp_scores": {
    "trans_err": 0.0,
    "scale_err": 0.384673536900744,
    "orient_err": 0.0,
    "vel_err": 0.0,
    "attr_err": 0.3729967536955978
  },
  "nd_score": 0.08748500302223831,
  "eval_time": 104.02098679542542,
  "meta": {
    "use_camera": false,
    "use_lidar": false,
    "use_radar": false,
    "use_map": false,
    "use_external": false
  }
}