{
  "label_aps": {
    "car": {
      "0.5": 0.0,
      "1.0": 0.06637021447673565,
      "2.0": 0.259634812859649,
      "4.0": 0.4509916660897855
    },
    "truck": {
      "0.5": 0.0,
      "1.0": 0.000830965838223896,
      "2.0": 0.026110768603258835,
      "4.0": 0.06117685263826659
    },
    "bus": {
      "0.5": 0.0,
      "1.0": 0.005352723388305145,
      "2.0": 0.07121437255052046,
      "4.0": 0.2639652904899727
    },
    "trailer": {
      "0.5": 0.0,
      "1.0": 0.0,
      "2.0": 0.0008866587536646363,
      "4.0": 0.025378047133153163
    },
    "construction_vehicle": {
      "0.5": 0.0,
      "1.0": 0.0,
      "2.0": 0.0,
      "4.0": 0.0
    },
    "pedestrian": {
      "0.5": 0.0,
      "1.0": 0.00940141957603032,
      "2.0": 0.0794938686105618,
      "4.0": 0.17962591885723322
    },
    "motorcycle": {
      "0.5": 0.0,
      "1.0": 0.0,
      "2.0": 0.0,
      "4.0": 0.0
    },
    "bicycle": {
      "0.5": 0.0,
      "1.0": 0.0,
      "2.0": 0.0,
      "4.0": 0.0
    },
    "traffic_cone": {
      "0.5": 0.0,
      "1.0": 0.0,
      "2.0": 0.011189313126408177,
      "4.0": 0.07742437822183205
    },
    "barrier": {
      "0.5": 0.0,
      "1.0": 0.015285752085079167,
      "2.0": 0.12975338579915127,
      "4.0": 0.333949472164845
    }
  },
  "mean_dist_aps": {
    "car": 0.19424917335654254,
    "truck": 0.02202964676993733,
    "bus": 0.08513309660719957,
    "trailer": 0.00656617647170445,
    "construction_vehicle": 0.0,
    "pedestrian": 0.06713030176095633,
    "motorcycle": 0.0,
    "bicycle": 0.0,
    "traffic_cone": 0.02215342283706006,
    "barrier": 0.11974715251226886
  },
  "mean_ap": 0.051700897031566904,
  "label_tp_errors": {
    "car": {
      "trans_err": 0.9282848266349648,
      "scale_err": 0.21662943883282412,
      "orient_err": 0.7356232905751582,
      "vel_err": 1.0,
      "attr_err": 0.4320975596586639
    },
    "truck": {
      "trans_err": 0.9809307009218873,
      "scale_err": 0.28213106778240343,
      "orient_err": 0.873338203302792,
      "vel_err": 1.0,
      "attr_err": 0.36635742030254037
    },
    "bus": {
      "trans_err": 0.9998246457642103,
      "scale_err": 0.2314004706204703,
      "orient_err": 0.9003915914706399,
      "vel_err": 1.0,
      "attr_err": 0.8348455534623588
    },
    "trailer": {
      "trans_err": 1.1801890697645463,
      "scale_err": 0.278350981077108,
      "orient_err": 1.2712567440720852,
      "vel_err": 1.0,
      "attr_err": 0.13121822539907405
    },
    "construction_vehicle": {
      "trans_err": 1.0,
      "scale_err": 1.0,
      "orient_err": 1.0,
      "vel_err": 1.0,
      "attr_err": 1.0
    },
    "pedestrian": {
      "trans_err": 1.0853440808076824,
      "scale_err": 0.4001732539700612,
      "orient_err": 1.4946992178853662,
      "vel_err": 1.0,
      "attr_err": 0.19421858739124143
    },
    "motorcycle": {
      "trans_err": 1.0,
      "scale_err": 1.0,
      "orient_err": 1.0,
      "vel_err": 1.0,
      "attr_err": 1.0
    },
    "bicycle": {
      "trans_err": 1.0,
      "scale_err": 1.0,
      "orient_err": 1.0,
      "vel_err": 1.0,
      "attr_err": 1.0
    },
    "traffic_cone": {
      "trans_err": 1.2245765034376541,
      "scale_err": 0.5646292856938507,
      "orient_err": NaN,
      "vel_err": NaN,
      "attr_err": NaN
    },
    "barrier": {
      "trans_err": 1.1234703580137373,
      "scale_err": 0.41163578288340513,
      "orient_err": 0.3164251071642728,
      "vel_err": NaN,
      "attr_err": NaN
    }
  },
  "tp_errors": {
    "trans_err": 1.0522620185344682,
    "scale_err": 0.5384950280860122,
    "orient_err": 0.9546371282744794,
    "vel_err": 1.0,
    "attr_err": 0.6198421682767348
  },
  "tp_scores": {
    "trans_err": 0.0,
    "scale_err": 0.46150497191398776,
    "orient_err": 0.04536287172552056,
    "vel_err": 0.0,
    "attr_err": 0.3801578317232652
  },
  "nd_score": 0.11455301605206081,
  "eval_time": 120.39010286331177,
  "meta": {
    "use_camera": false,
    "use_lidar": false,
    "use_radar": false,
    "use_map": false,
    "use_external": false
  }
}