{
  "label_aps": {
    "car": {
      "0.5": 0.0,
      "1.0": 0.021805944210094304,
      "2.0": 0.18503292822191247,
      "4.0": 0.37568375221134365
    },
    "truck": {
      "0.5": 0.0,
      "1.0": 0.0,
      "2.0": 0.0037507100568630043,
      "4.0": 0.019854992620588173
    },
    "bus": {
      "0.5": 0.0,
      "1.0": 0.0,
      "2.0": 0.022225447269086016,
      "4.0": 0.09262729366407281
    },
    "trailer": {
      "0.5": 0.0,
      "1.0": 0.0,
      "2.0": 0.0,
      "4.0": 0.00020942800135979913
    },
    "construction_vehicle": {
      "0.5": 0.0,
      "1.0": 0.0,
      "2.0": 0.0,
      "4.0": 0.0
    },
    "pedestrian": {
      "0.5": 0.0,
      "1.0": 0.0,
      "2.0": 0.0,
      "4.0": 0.006663174958121935
    },
    "motorcycle": {
      "0.5": 0.0,
      "1.0": 0.0,
      "2.0": 0.0,
      "4.0": 0.0
    },
    "bicycle": {
      "0.5": 0.0,
      "1.0": 0.0,
      "2.0": 0.0,
      "4.0": 0.0
    },
    "traffic_cone": {
      "0.5": 0.0,
      "1.0": 0.0,
      "2.0": 0.0,
      "4.0": 0.01125146662536002
    },
    "barrier": {
      "0.5": 0.0,
      "1.0": 0.0013728313304711573,
      "2.0": 0.06785182506958921,
      "4.0": 0.2630043917069519
    }
  },
  "mean_dist_aps": {
    "car": 0.1456306561608376,
    "truck": 0.005901425669362794,
    "bus": 0.028713185233289706,
    "trailer": 5.235700033994978e-05,
    "construction_vehicle": 0.0,
    "pedestrian": 0.0016657937395304838,
    "motorcycle": 0.0,
    "bicycle": 0.0,
    "traffic_cone": 0.002812866656340005,
    "barrier": 0.08305726202675306
  },
  "mean_ap": 0.026783354648645362,
  "label_tp_errors": {
    "car": {
      "trans_err": 1.0553144697999548,
      "scale_err": 0.20392145811528709,
      "orient_err": 1.297031643719382,
      "vel_err": 1.0,
      "attr_err": 0.4098732662555138
    },
    "truck": {
      "trans_err": 1.0856723689731913,
      "scale_err": 0.3965070219931967,
      "orient_err": 1.4773048133137634,
      "vel_err": 1.0,
      "attr_err": 0.29200206377786986
    },
    "bus": {
      "trans_err": 1.0250690346172155,
      "scale_err": 0.26252696836592454,
      "orient_err": 1.2577502474847138,
      "vel_err": 1.0,
      "attr_err": 0.8023609857060146
    },
    "trailer": {
      "trans_err": 1.3063285538539915,
      "scale_err": 0.38533171455342813,
      "orient_err": 1.5737514964448434,
      "vel_err": 1.0,
      "attr_err": 0.17143838835036324
    },
    "construction_vehicle": {
      "trans_err": 1.0,
      "scale_err": 1.0,
      "orient_err": 1.0,
      "vel_err": 1.0,
      "attr_err": 1.0
    },
    "pedestrian": {
      "trans_err": 1.2349148656793691,
      "scale_err": 0.48941422787646843,
      "orient_err": 1.5827129589850377,
      "vel_err": 1.0,
      "attr_err": 0.31466419949167157
    },
    "motorcycle": {
      "trans_err": 1.0,
      "scale_err": 1.0,
      "orient_err": 1.0,
      "vel_err": 1.0,
      "attr_err": 1.0
    },
    "bicycle": {
      "trans_err": 1.0,
      "scale_err": 1.0,
      "orient_err": 1.0,
      "vel_err": 1.0,
      "attr_err": 1.0
    },
    "traffic_cone": {
      "trans_err": 1.25296016715559,
      "scale_err": 0.6922455386170452,
      "orient_err": NaN,
      "vel_err": NaN,
      "attr_err": NaN
    },
    "barrier": {
      "trans_err": 1.1652730450783917,
      "scale_err": 0.43362030540126495,
      "orient_err": 0.505154064692377,
      "vel_err": NaN,
      "attr_err": NaN
    }
  },
  "tp_errors": {
    "trans_err": 1.1125532505157705,
    "scale_err": 0.5863567234922614,
    "orient_err": 1.1881894694044575,
    "vel_err": 1.0,
    "attr_err": 0.6237923629476791
  },
  "tp_scores": {
    "trans_err": 0.0,
    "scale_err": 0.4136432765077386,
    "orient_err": 0.0,
    "vel_err": 0.0,
    "attr_err": 0.37620763705232085
  },
  "nd_score": 0.09237676868032862,
  "eval_time": 97.83364701271057,
  "meta": {
    "use_camera": false,
    "use_lidar": false,
    "use_radar": false,
    "use_map": false,
    "use_external": false
  }
}