{
  "label_aps": {
    "car": {
      "0.5": 0.0,
      "1.0": 0.0007086761348110787,
      "2.0": 0.056897751390995864,
      "4.0": 0.21068908010292364
    },
    "truck": {
      "0.5": 0.0,
      "1.0": 0.0,
      "2.0": 0.0,
      "4.0": 0.004369516918471312
    },
    "bus": {
      "0.5": 0.0,
      "1.0": 0.0,
      "2.0": 0.0026718536736207226,
      "4.0": 0.03417995514971786
    },
    "trailer": {
      "0.5": 0.0,
      "1.0": 0.0,
      "2.0": 0.0,
      "4.0": 0.0
    },
    "construction_vehicle": {
      "0.5": 0.0,
      "1.0": 0.0,
      "2.0": 0.0,
      "4.0": 0.0
    },
    "pedestrian": {
      "0.5": 0.0,
      "1.0": 0.0,
      "2.0": 0.0,
      "4.0": 0.003993622562547941
    },
    "motorcycle": {
      "0.5": 0.0,
      "1.0": 0.0,
      "2.0": 0.0,
      "4.0": 0.0
    },
    "bicycle": {
      "0.5": 0.0,
      "1.0": 0.0,
      "2.0": 0.0,
      "4.0": 0.0
    },
    "traffic_cone": {
      "0.5": 0.0,
      "1.0": 0.0,
      "2.0": 0.0,
      "4.0": 0.0003163055356498341
    },
    "barrier": {
      "0.5": 0.0,
      "1.0": 0.0,
      "2.0": 0.0036577859306613897,
      "4.0": 0.04426012714501884
    }
  },
  "mean_dist_aps": {
    "car": 0.06707387690718264,
    "truck": 0.001092379229617828,
    "bus": 0.009212952205834646,
    "trailer": 0.0,
    "construction_vehicle": 0.0,
    "pedestrian": 0.0009984056406369853,
    "motorcycle": 0.0,
    "bicycle": 0.0,
    "traffic_cone": 7.907638391245852e-05,
    "barrier": 0.011979478268920058
  },
  "mean_ap": 0.009043616863610462,
  "label_tp_errors": {
    "car": {
      "trans_err": 1.1716814849314958,
      "scale_err": 0.25761870418089816,
      "orient_err": 1.434000316404177,
      "vel_err": 1.0,
      "attr_err": 0.45035731356237324
    },
    "truck": {
      "trans_err": 1.2331568401767516,
      "scale_err": 0.42660836340007585,
      "orient_err": 1.3409110731225293,
      "vel_err": 1.0,
      "attr_err": 0.32780605194451956
    },
    "bus": {
      "trans_err": 1.2203438697848705,
      "scale_err": 0.29836379559242393,
      "orient_err": 1.780061414697392,
      "vel_err": 1.0,
      "attr_err": 0.8251115016545324
    },
    "trailer": {
      "trans_err": 1.3719927631122495,
      "scale_err": 0.3508389470905328,
      "orient_err": 1.399194490484035,
      "vel_err": 1.0,
      "attr_err": 0.11696932073454468
    },
    "construction_vehicle": {
      "trans_err": 1.0,
      "scale_err": 1.0,
      "orient_err": 1.0,
      "vel_err": 1.0,
      "attr_err": 1.0
    },
    "pedestrian": {
      "trans_err": 1.2342903835446668,
      "scale_err": 0.6307675998673614,
      "orient_err": 1.5335262053992045,
      "vel_err": 1.0,
      "attr_err": 0.3372514545042945
    },
    "motorcycle": {
      "trans_err": 1.0,
      "scale_err": 1.0,
      "orient_err": 1.0,
      "vel_err": 1.0,
      "attr_err": 1.0
    },
    "bicycle": {
      "trans_err": 1.0,
      "scale_err": 1.0,
      "orient_err": 1.0,
      "vel_err": 1.0,
      "attr_err": 1.0
    },
    "traffic_cone": {
      "trans_err": 1.0,
      "scale_err": 1.0,
      "orient_err": NaN,
      "vel_err": NaN,
      "attr_err": NaN
    },
    "barrier": {
      "trans_err": 1.2501892018756957,
      "scale_err": 0.6697659453885036,
      "orient_err": 0.9692266384238407,
      "vel_err": NaN,
      "attr_err": NaN
    }
  },
  "tp_errors": {
    "trans_err": 1.148165454342573,
    "scale_err": 0.6633963355519796,
    "orient_err": 1.2729911265034641,
    "vel_err": 1.0,
    "attr_err": 0.632186955300033
  },
  "tp_scores": {
    "trans_err": 0.0,
    "scale_err": 0.33660366444802037,
    "orient_err": 0.0,
    "vel_err": 0.0,
    "attr_err": 0.367813044699967
  },
  "nd_score": 0.07496347934660397,
  "eval_time": 131.40733933448792,
  "meta": {
    "use_camera": false,
    "use_lidar": false,
    "use_radar": false,
    "use_map": false,
    "use_external": false
  }
}