{
  "label_aps": {
    "car": {
      "0.5": 0.0,
      "1.0": 0.0636689796159436,
      "2.0": 0.2673710859907809,
      "4.0": 0.46594294580975804
    },
    "truck": {
      "0.5": 0.0,
      "1.0": 0.0,
      "2.0": 0.01299926361772919,
      "4.0": 0.03443426209659442
    },
    "bus": {
      "0.5": 0.0,
      "1.0": 0.03974404215252587,
      "2.0": 0.15535511862448773,
      "4.0": 0.26221302207677477
    },
    "trailer": {
      "0.5": 0.0,
      "1.0": 0.0,
      "2.0": 0.0,
      "4.0": 0.006126999541809893
    },
    "construction_vehicle": {
      "0.5": 0.0,
      "1.0": 0.0,
      "2.0": 0.0,
      "4.0": 0.0
    },
    "pedestrian": {
      "0.5": 0.0,
      "1.0": 0.004249554688533135,
      "2.0": 0.07377174959008712,
      "4.0": 0.20381020920686946
    },
    "motorcycle": {
      "0.5": 0.0,
      "1.0": 0.0,
      "2.0": 0.0,
      "4.0": 0.0
    },
    "bicycle": {
      "0.5": 0.0,
      "1.0": 0.0,
      "2.0": 0.0,
      "4.0": 0.0
    },
    "traffic_cone": {
      "0.5": 0.0,
      "1.0": 0.0,
      "2.0": 0.008625876100875484,
      "4.0": 0.05806784221621344
    },
    "barrier": {
      "0.5": 0.0,
      "1.0": 0.0064842127945907765,
      "2.0": 0.11678016137327829,
      "4.0": 0.33631590095004105
    }
  },
  "mean_dist_aps": {
    "car": 0.19924575285412063,
    "truck": 0.011858381428580903,
    "bus": 0.1143280457134471,
    "trailer": 0.0015317498854524733,
    "construction_vehicle": 0.0,
    "pedestrian": 0.07045787837137243,
    "motorcycle": 0.0,
    "bicycle": 0.0,
    "traffic_cone": 0.01667342957927223,
    "barrier": 0.11489506877947753
  },
  "mean_ap": 0.05289903066117233,
  "label_tp_errors": {
    "car": {
      "trans_err": 0.9458227240927659,
      "scale_err": 0.20296892858439447,
      "orient_err": 0.6453102975363796,
      "vel_err": 1.0,
      "attr_err": 0.4264824409096027
    },
    "truck": {
      "trans_err": 0.943183005190121,
      "scale_err": 0.32618104172618223,
      "orient_err": 0.9393774247736919,
      "vel_err": 1.0,
      "attr_err": 0.30434384738325027
    },
    "bus": {
      "trans_err": 0.8900415045661303,
      "scale_err": 0.2047898535367055,
      "orient_err": 0.7760580517037874,
      "vel_err": 1.0,
      "attr_err": 0.8456579670427989
    },
    "trailer": {
      "trans_err": 1.1889638329548278,
      "scale_err": 0.2626209852286092,
      "orient_err": 1.4441277831220072,
      "vel_err": 1.0,
      "attr_err": 0.16055000555165394
    },
    "construction_vehicle": {
      "trans_err": 1.0,
      "scale_err": 1.0,
      "orient_err": 1.0,
      "vel_err": 1.0,
      "attr_err": 1.0
    },
    "pedestrian": {
      "trans_err": 1.1305196657361316,
      "scale_err": 0.3829214248367535,
      "orient_err": 1.5934310506247347,
      "vel_err": 1.0,
      "attr_err": 0.2204027262647621
    },
    "motorcycle": {
      "trans_err": 1.0,
      "scale_err": 1.0,
      "orient_err": 1.0,
      "vel_err": 1.0,
      "attr_err": 1.0
    },
    "bicycle": {
      "trans_err": 1.0,
      "scale_err": 1.0,
      "orient_err": 1.0,
      "vel_err": 1.0,
      "attr_err": 1.0
    },
    "traffic_cone": {
      "trans_err": 1.1733011649279828,
      "scale_err": 0.6271882352992664,
      "orient_err": NaN,
      "vel_err": NaN,
      "attr_err": NaN
    },
    "barrier": {
      "trans_err": 1.1530264948645075,
      "scale_err": 0.41534356898416697,
      "orient_err": 0.33328830533528014,
      "vel_err": NaN,
      "attr_err": NaN
    }
  },
  "tp_errors": {
    "trans_err": 1.0424858392332468,
    "scale_err": 0.5422014038196079,
    "orient_err": 0.9701769903439867,
    "vel_err": 1.0,
    "attr_err": 0.6196796233940085
  },
  "tp_scores": {
    "trans_err": 0.0,
    "scale_err": 0.4577985961803921,
    "orient_err": 0.029823009656013255,
    "vel_err": 0.0,
    "attr_err": 0.3803203766059915
  },
  "nd_score": 0.11324371357482585,
  "eval_time": 100.22760105133057,
  "meta": {
    "use_camera": false,
    "use_lidar": false,
    "use_radar": false,
    "use_map": false,
    "use_external": false
  }
}