{
  "label_aps": {
    "car": {
      "0.5": 0.4719155764835136,
      "1.0": 0.6254510284841772,
      "2.0": 0.677980828344134,
      "4.0": 0.7091236793608773
    },
    "truck": {
      "0.5": 0.048630250325913484,
      "1.0": 0.1321304600422101,
      "2.0": 0.16440139764085293,
      "4.0": 0.17557638243677293
    },
    "bus": {
      "0.5": 0.09080874278828316,
      "1.0": 0.34797264565949937,
      "2.0": 0.49349217216787833,
      "4.0": 0.5127644722649811
    },
    "trailer": {
      "0.5": 0.0005292038125733401,
      "1.0": 0.04015487268551122,
      "2.0": 0.07624173817229295,
      "4.0": 0.09083212636400127
    },
    "construction_vehicle": {
      "0.5": 0.0,
      "1.0": 0.0014449325167209396,
      "2.0": 0.017162255296421566,
      "4.0": 0.021812614427267354
    },
    "pedestrian": {
      "0.5": 0.32251960995103707,
      "1.0": 0.4292832826801037,
      "2.0": 0.4730024789275302,
      "4.0": 0.5105364587847729
    },
    "motorcycle": {
      "0.5": 0.0019420180198107552,
      "1.0": 0.0075235090901283,
      "2.0": 0.0075235090901283,
      "4.0": 0.008233856039145199
    },
    "bicycle": {
      "0.5": 0.0,
      "1.0": 3.585804874022522e-05,
      "2.0": 0.001937987243112052,
      "4.0": 0.004080163070700992
    },
    "traffic_cone": {
      "0.5": 0.07246621204457028,
      "1.0": 0.12587888360877908,
      "2.0": 0.1852072140444143,
      "4.0": 0.2448140568906847
    },
    "barrier": {
      "0.5": 0.06032192303564984,
      "1.0": 0.25424431722325386,
      "2.0": 0.3353961866150303,
      "4.0": 0.374162375725883
    }
  },
  "mean_dist_aps": {
    "car": 0.6211177781681756,
    "truck": 0.13018462261143737,
    "bus": 0.3612595082201605,
    "trailer": 0.051939485258594695,
    "construction_vehicle": 0.010104950560102466,
    "pedestrian": 0.43383545758586095,
    "motorcycle": 0.006305723059803139,
    "bicycle": 0.0015135020906383175,
    "traffic_cone": 0.1570915916471121,
    "barrier": 0.2560312006499542
  },
  "mean_ap": 0.20293838198518394,
  "label_tp_errors": {
    "car": {
      "trans_err": 0.29551879421827615,
      "scale_err": 0.16936000621340389,
      "orient_err": 0.3843405037592535,
      "vel_err": 1.0,
      "attr_err": 0.4528571725362326
    },
    "truck": {
      "trans_err": 0.48352709869131705,
      "scale_err": 0.23145065996138361,
      "orient_err": 0.46051254238306844,
      "vel_err": 1.0,
      "attr_err": 0.26985796431693454
    },
    "bus": {
      "trans_err": 0.5387783253378565,
      "scale_err": 0.16935849359984284,
      "orient_err": 0.5784914151680057,
      "vel_err": 1.0,
      "attr_err": 0.8458311615821175
    },
    "trailer": {
      "trans_err": 0.6923798556825747,
      "scale_err": 0.2126588492254364,
      "orient_err": 1.367651816525504,
      "vel_err": 1.0,
      "attr_err": 0.10236410191593799
    },
    "construction_vehicle": {
      "trans_err": 1.0033913682430706,
      "scale_err": 0.532488159623693,
      "orient_err": 1.1920387634860834,
      "vel_err": 1.0,
      "attr_err": 0.35934555571235527
    },
    "pedestrian": {
      "trans_err": 0.3474738620011545,
      "scale_err": 0.2937429102905106,
      "orient_err": 0.6259511742027267,
      "vel_err": 1.0,
      "attr_err": 0.15469186020841477
    },
    "motorcycle": {
      "trans_err": 0.3260203838045984,
      "scale_err": 0.3824008029643888,
      "orient_err": 1.1509955550979103,
      "vel_err": 1.0,
      "attr_err": 0.8661264246094347
    },
    "bicycle": {
      "trans_err": 0.6377137297648668,
      "scale_err": 0.3500341513143725,
      "orient_err": 1.3090809547125768,
      "vel_err": 1.0,
      "attr_err": 0.1576637758926044
    },
    "traffic_cone": {
      "trans_err": 0.5182619890816343,
      "scale_err": 0.41462059821933367,
      "orient_err": NaN,
      "vel_err": NaN,
      "attr_err": NaN
    },
    "barrier": {
      "trans_err": 0.647999086516931,
      "scale_err": 0.3432556637921998,
      "orient_err": 0.13947235538646496,
      "vel_err": NaN,
      "attr_err": NaN
    }
  },
  "tp_errors": {
    "trans_err": 0.549106449334228,
    "scale_err": 0.30993702952045654,
    "orient_err": 0.8009483423023993,
    "vel_err": 1.0,
    "attr_err": 0.401092252096754
  },
  "tp_scores": {
    "trans_err": 0.45089355066577197,
    "scale_err": 0.6900629704795435,
    "orient_err": 0.1990516576976007,
    "vel_err": 0.0,
    "attr_err": 0.5989077479032461
  },
  "nd_score": 0.2953607836672082,
  "eval_time": 75.50844144821167,
  "meta": {
    "use_camera": false,
    "use_lidar": false,
    "use_radar": false,
    "use_map": false,
    "use_external": false
  }
}