{
  "label_aps": {
    "car": {
      "0.5": 0.35352639028941507,
      "1.0": 0.5163390536573684,
      "2.0": 0.5787711976221094,
      "4.0": 0.6216066891550546
    },
    "truck": {
      "0.5": 0.03801889331969682,
      "1.0": 0.09997204293751674,
      "2.0": 0.14922824619612188,
      "4.0": 0.17260612728494268
    },
    "bus": {
      "0.5": 0.039061078110758915,
      "1.0": 0.24854309878966738,
      "2.0": 0.4074463191357333,
      "4.0": 0.47091994701149376
    },
    "trailer": {
      "0.5": 0.0,
      "1.0": 0.003421771729141231,
      "2.0": 0.028340270589887154,
      "4.0": 0.053359254035607546
    },
    "construction_vehicle": {
      "0.5": 0.0,
      "1.0": 0.0,
      "2.0": 0.0,
      "4.0": 0.0
    },
    "pedestrian": {
      "0.5": 0.1834014182023291,
      "1.0": 0.2943294662302204,
      "2.0": 0.33171367687213876,
      "4.0": 0.3738358975761763
    },
    "motorcycle": {
      "0.5": 0.0,
      "1.0": 0.0,
      "2.0": 0.0,
      "4.0": 0.0
    },
    "bicycle": {
      "0.5": 0.0,
      "1.0": 0.0,
      "2.0": 0.0,
      "4.0": 0.0
    },
    "traffic_cone": {
      "0.5": 0.02363070982766314,
      "1.0": 0.0551170915103134,
      "2.0": 0.07580612390702175,
      "4.0": 0.12021789237184619
    },
    "barrier": {
      "0.5": 0.02726167738330438,
      "1.0": 0.23649515760236525,
      "2.0": 0.33275563414824566,
      "4.0": 0.3746430278546337
    }
  },
  "mean_dist_aps": {
    "car": 0.5175608326809868,
    "truck": 0.11495632743456953,
    "bus": 0.29149261076191335,
    "trailer": 0.021280324088658983,
    "construction_vehicle": 0.0,
    "pedestrian": 0.2958201147202162,
    "motorcycle": 0.0,
    "bicycle": 0.0,
    "traffic_cone": 0.06869295440421111,
    "barrier": 0.24278887424713724
  },
  "mean_ap": 0.15525920383376932,
  "label_tp_errors": {
    "car": {
      "trans_err": 0.3370667152335958,
      "scale_err": 0.17200029312995188,
      "orient_err": 0.7639961261935617,
      "vel_err": 1.0,
      "attr_err": 0.4172678072402509
    },
    "truck": {
      "trans_err": 0.5048374476360036,
      "scale_err": 0.2415604645836706,
      "orient_err": 0.634922467257373,
      "vel_err": 1.0,
      "attr_err": 0.2820825407807772
    },
    "bus": {
      "trans_err": 0.6191773314883379,
      "scale_err": 0.17618083703670392,
      "orient_err": 1.4275744305729687,
      "vel_err": 1.0,
      "attr_err": 0.8707172851103039
    },
    "trailer": {
      "trans_err": 0.8604372908534,
      "scale_err": 0.2391517392826642,
      "orient_err": 1.38022926350022,
      "vel_err": 1.0,
      "attr_err": 0.12554187298057792
    },
    "construction_vehicle": {
      "trans_err": 1.0,
      "scale_err": 1.0,
      "orient_err": 1.0,
      "vel_err": 1.0,
      "attr_err": 1.0
    },
    "pedestrian": {
      "trans_err": 0.4175559185534196,
      "scale_err": 0.29269118593657373,
      "orient_err": 1.585615313060963,
      "vel_err": 1.0,
      "attr_err": 0.17916554618202557
    },
    "motorcycle": {
      "trans_err": 1.0,
      "scale_err": 1.0,
      "orient_err": 1.0,
      "vel_err": 1.0,
      "attr_err": 1.0
    },
    "bicycle": {
      "trans_err": 1.0,
      "scale_err": 1.0,
      "orient_err": 1.0,
      "vel_err": 1.0,
      "attr_err": 1.0
    },
    "traffic_cone": {
      "trans_err": 0.5336747851035605,
      "scale_err": 0.44949459824881083,
      "orient_err": NaN,
      "vel_err": NaN,
      "attr_err": NaN
    },
    "barrier": {
      "trans_err": 0.6961840347346,
      "scale_err": 0.36246234392204724,
      "orient_err": 0.1435385617337245,
      "vel_err": NaN,
      "attr_err": NaN
    }
  },
  "tp_errors": {
    "trans_err": 0.6968933523602917,
    "scale_err": 0.4933541462140423,
    "orient_err": 0.9928751291465344,
    "vel_err": 1.0,
    "attr_err": 0.609346881536742
  },
  "tp_scores": {
    "trans_err": 0.3031066476397083,
    "scale_err": 0.5066458537859577,
    "orient_err": 0.007124870853465581,
    "vel_err": 0.0,
    "attr_err": 0.390653118463258
  },
  "nd_score": 0.19838265099112362,
  "eval_time": 96.99951577186584,
  "meta": {
    "use_camera": false,
    "use_lidar": false,
    "use_radar": false,
    "use_map": false,
    "use_external": false
  }
}