{
  "label_aps": {
    "car": {
      "0.5": 0.0035373622976286583,
      "1.0": 0.12963605690449842,
      "2.0": 0.33808883857961924,
      "4.0": 0.489791393754109
    },
    "truck": {
      "0.5": 0.0,
      "1.0": 0.001915665671787303,
      "2.0": 0.020889618726947085,
      "4.0": 0.040701466490913184
    },
    "bus": {
      "0.5": 0.0,
      "1.0": 0.0057905315737788714,
      "2.0": 0.05262748179620648,
      "4.0": 0.18729039651143567
    },
    "trailer": {
      "0.5": 0.0,
      "1.0": 0.0,
      "2.0": 0.00402117714826336,
      "4.0": 0.015938201203679524
    },
    "construction_vehicle": {
      "0.5": 0.0,
      "1.0": 0.0,
      "2.0": 0.0,
      "4.0": 0.0
    },
    "pedestrian": {
      "0.5": 0.0,
      "1.0": 0.0,
      "2.0": 0.009488124614856258,
      "4.0": 0.047638374812880656
    },
    "motorcycle": {
      "0.5": 0.0,
      "1.0": 0.0,
      "2.0": 0.0,
      "4.0": 0.0
    },
    "bicycle": {
      "0.5": 0.0,
      "1.0": 0.0,
      "2.0": 0.0,
      "4.0": 0.0
    },
    "traffic_cone": {
      "0.5": 0.0,
      "1.0": 0.0,
      "2.0": 0.0001016723664910748,
      "4.0": 0.02441906597723608
    },
    "barrier": {
      "0.5": 0.0,
      "1.0": 0.0164657665337343,
      "2.0": 0.1487994836516846,
      "4.0": 0.3576078291441251
    }
  },
  "mean_dist_aps": {
    "car": 0.24026341288396386,
    "truck": 0.015876687722411895,
    "bus": 0.06142710247035525,
    "trailer": 0.004989844587985721,
    "construction_vehicle": 0.0,
    "pedestrian": 0.014281624856934228,
    "motorcycle": 0.0,
    "bicycle": 0.0,
    "traffic_cone": 0.006130184585931789,
    "barrier": 0.130718269832386
  },
  "mean_ap": 0.047368712693996874,
  "label_tp_errors": {
    "car": {
      "trans_err": 0.848989020947613,
      "scale_err": 0.1999244283397013,
      "orient_err": 0.7219677288318056,
      "vel_err": 1.0,
      "attr_err": 0.4407113700161258
    },
    "truck": {
      "trans_err": 0.9031131572798551,
      "scale_err": 0.3200273901207582,
      "orient_err": 0.9485820806882206,
      "vel_err": 1.0,
      "attr_err": 0.31672792050136755
    },
    "bus": {
      "trans_err": 0.9071015063124657,
      "scale_err": 0.20774202910465542,
      "orient_err": 0.9906625168628548,
      "vel_err": 1.0,
      "attr_err": 0.8511409407165381
    },
    "trailer": {
      "trans_err": 1.0731683648631687,
      "scale_err": 0.2386171909736777,
      "orient_err": 1.7102174332021691,
      "vel_err": 1.0,
      "attr_err": 0.1121365415675048
    },
    "construction_vehicle": {
      "trans_err": 1.0,
      "scale_err": 1.0,
      "orient_err": 1.0,
      "vel_err": 1.0,
      "attr_err": 1.0
    },
    "pedestrian": {
      "trans_err": 1.1613551455294946,
      "scale_err": 0.3941579451239276,
      "orient_err": 1.5519014669323101,
      "vel_err": 1.0,
      "attr_err": 0.2739228206294619
    },
    "motorcycle": {
      "trans_err": 1.0,
      "scale_err": 1.0,
      "orient_err": 1.0,
      "vel_err": 1.0,
      "attr_err": 1.0
    },
    "bicycle": {
      "trans_err": 1.0,
      "scale_err": 1.0,
      "orient_err": 1.0,
      "vel_err": 1.0,
      "attr_err": 1.0
    },
    "traffic_cone": {
      "trans_err": 1.2329484136836353,
      "scale_err": 0.5611413841421251,
      "orient_err": NaN,
      "vel_err": NaN,
      "attr_err": NaN
    },
    "barrier": {
      "trans_err": 1.124150040900197,
      "scale_err": 0.38184090560643913,
      "orient_err": 0.2472584904801086,
      "vel_err": NaN,
      "attr_err": NaN
    }
  },
  "tp_errors": {
    "trans_err": 1.0250825649516428,
    "scale_err": 0.5303451273411285,
    "orient_err": 1.0189544129997188,
    "vel_err": 1.0,
    "attr_err": 0.6243299491788747
  },
  "tp_scores": {
    "trans_err": 0.0,
    "scale_err": 0.4696548726588715,
    "orient_err": 0.0,
    "vel_err": 0.0,
    "attr_err": 0.37567005082112526
  },
  "nd_score": 0.1082168486949981,
  "eval_time": 96.8093626499176,
  "meta": {
    "use_camera": false,
    "use_lidar": false,
    "use_radar": false,
    "use_map": false,
    "use_external": false
  }
}