{
  "label_aps": {
    "car": {
      "0.5": 0.06207923555476199,
      "1.0": 0.28959251383936285,
      "2.0": 0.461850090769464,
      "4.0": 0.5370396092629846
    },
    "truck": {
      "0.5": 0.0,
      "1.0": 0.021759802653940567,
      "2.0": 0.06343624526593097,
      "4.0": 0.08391700535223787
    },
    "bus": {
      "0.5": 0.0,
      "1.0": 0.02118624412411964,
      "2.0": 0.10650405027643488,
      "4.0": 0.18625624777199914
    },
    "trailer": {
      "0.5": 0.0,
      "1.0": 0.0,
      "2.0": 0.0,
      "4.0": 0.0010711887611835275
    },
    "construction_vehicle": {
      "0.5": 0.0,
      "1.0": 0.0,
      "2.0": 0.0,
      "4.0": 0.0
    },
    "pedestrian": {
      "0.5": 0.00824006420933099,
      "1.0": 0.09406868711933296,
      "2.0": 0.17267805336165992,
      "4.0": 0.2147478489959127
    },
    "motorcycle": {
      "0.5": 0.0,
      "1.0": 0.0,
      "2.0": 0.0,
      "4.0": 0.0
    },
    "bicycle": {
      "0.5": 0.0,
      "1.0": 0.0,
      "2.0": 0.0,
      "4.0": 0.0
    },
    "traffic_cone": {
      "0.5": 0.0,
      "1.0": 0.003526702357772296,
      "2.0": 0.03846788994841281,
      "4.0": 0.08176258816310066
    },
    "barrier": {
      "0.5": 0.0,
      "1.0": 0.025481070162408616,
      "2.0": 0.12718670791910106,
      "4.0": 0.17864128757939726
    }
  },
  "mean_dist_aps": {
    "car": 0.33764036235664335,
    "truck": 0.04227826331802735,
    "bus": 0.07848663554313842,
    "trailer": 0.0002677971902958819,
    "construction_vehicle": 0.0,
    "pedestrian": 0.12243366342155915,
    "motorcycle": 0.0,
    "bicycle": 0.0,
    "traffic_cone": 0.030939295117321443,
    "barrier": 0.08282726641522672
  },
  "mean_ap": 0.06948732833622123,
  "label_tp_errors": {
    "car": {
      "trans_err": 0.633702007149265,
      "scale_err": 0.2030648125652867,
      "orient_err": 0.9788310270070163,
      "vel_err": 1.0,
      "attr_err": 0.3604430237180959
    },
    "truck": {
      "trans_err": 0.7800662411179565,
      "scale_err": 0.30869853950040077,
      "orient_err": 1.2677099822601186,
      "vel_err": 1.0,
      "attr_err": 0.30530764222835155
    },
    "bus": {
      "trans_err": 0.9055300911795374,
      "scale_err": 0.20141227446151605,
      "orient_err": 1.127906929907695,
      "vel_err": 1.0,
      "attr_err": 0.7918167125009749
    },
    "trailer": {
      "trans_err": 1.099367247864128,
      "scale_err": 0.22757891134023642,
      "orient_err": 1.7635797013157148,
      "vel_err": 1.0,
      "attr_err": 0.11221685005243354
    },
    "construction_vehicle": {
      "trans_err": 1.0,
      "scale_err": 1.0,
      "orient_err": 1.0,
      "vel_err": 1.0,
      "attr_err": 1.0
    },
    "pedestrian": {
      "trans_err": 0.7991525106556443,
      "scale_err": 0.34464769269572065,
      "orient_err": 1.5055287067281953,
      "vel_err": 1.0,
      "attr_err": 0.18254712981826748
    },
    "motorcycle": {
      "trans_err": 1.0,
      "scale_err": 1.0,
      "orient_err": 1.0,
      "vel_err": 1.0,
      "attr_err": 1.0
    },
    "bicycle": {
      "trans_err": 1.0,
      "scale_err": 1.0,
      "orient_err": 1.0,
      "vel_err": 1.0,
      "attr_err": 1.0
    },
    "traffic_cone": {
      "trans_err": 0.971097581533475,
      "scale_err": 0.5558080001750773,
      "orient_err": NaN,
      "vel_err": NaN,
      "attr_err": NaN
    },
    "barrier": {
      "trans_err": 0.9561825492733739,
      "scale_err": 0.402377234860435,
      "orient_err": 0.23712958905165427,
      "vel_err": NaN,
      "attr_err": NaN
    }
  },
  "tp_errors": {
    "trans_err": 0.914509822877338,
    "scale_err": 0.5243587465598673,
    "orient_err": 1.0978539929189328,
    "vel_err": 1.0,
    "attr_err": 0.5940414197897654
  },
  "tp_scores": {
    "trans_err": 0.08549017712266205,
    "scale_err": 0.47564125344013275,
    "orient_err": 0.0,
    "vel_err": 0.0,
    "attr_err": 0.40595858021023457
  },
  "nd_score": 0.13145266524541355,
  "eval_time": 79.43654346466064,
  "meta": {
    "use_camera": false,
    "use_lidar": false,
    "use_radar": false,
    "use_map": false,
    "use_external": false
  }
}