{
  "label_aps": {
    "car": {
      "0.5": 0.0934930587694576,
      "1.0": 0.31863744928748017,
      "2.0": 0.4719371993782744,
      "4.0": 0.5435085691089799
    },
    "truck": {
      "0.5": 0.0,
      "1.0": 0.018955352280887846,
      "2.0": 0.07092665425958974,
      "4.0": 0.10627414329381912
    },
    "bus": {
      "0.5": 0.0,
      "1.0": 0.02552982739056159,
      "2.0": 0.15093366948942222,
      "4.0": 0.2556576191165561
    },
    "trailer": {
      "0.5": 0.0,
      "1.0": 0.0,
      "2.0": 0.0,
      "4.0": 0.003397940322040429
    },
    "construction_vehicle": {
      "0.5": 0.0,
      "1.0": 0.0,
      "2.0": 0.0,
      "4.0": 0.0005285087268818088
    },
    "pedestrian": {
      "0.5": 0.019940193053667826,
      "1.0": 0.14221229714780723,
      "2.0": 0.22570274035457394,
      "4.0": 0.27656973397187334
    },
    "motorcycle": {
      "0.5": 0.0,
      "1.0": 0.0,
      "2.0": 0.0,
      "4.0": 0.0
    },
    "bicycle": {
      "0.5": 0.0,
      "1.0": 0.0,
      "2.0": 0.0,
      "4.0": 0.0
    },
    "traffic_cone": {
      "0.5": 0.0,
      "1.0": 0.0,
      "2.0": 0.0,
      "4.0": 0.007431129918603531
    },
    "barrier": {
      "0.5": 0.00048061814017540615,
      "1.0": 0.060164657034838594,
      "2.0": 0.2102330729841624,
      "4.0": 0.2800023321727998
    }
  },
  "mean_dist_aps": {
    "car": 0.35689406913604804,
    "truck": 0.04903903745857418,
    "bus": 0.10803027899913498,
    "trailer": 0.0008494850805101072,
    "construction_vehicle": 0.0001321271817204522,
    "pedestrian": 0.16610624113198058,
    "motorcycle": 0.0,
    "bicycle": 0.0,
    "traffic_cone": 0.0018577824796508827,
    "barrier": 0.13772017008299406
  },
  "mean_ap": 0.08206291915506134,
  "label_tp_errors": {
    "car": {
      "trans_err": 0.5849409928627181,
      "scale_err": 0.19799737406063408,
      "orient_err": 0.980888703051488,
      "vel_err": 1.0,
      "attr_err": 0.4009740764961521
    },
    "truck": {
      "trans_err": 0.812875077877693,
      "scale_err": 0.31379947993769464,
      "orient_err": 0.8764884199654145,
      "vel_err": 1.0,
      "attr_err": 0.3450070692437858
    },
    "bus": {
      "trans_err": 0.9163959422179075,
      "scale_err": 0.22563460203107674,
      "orient_err": 1.4834278472728306,
      "vel_err": 1.0,
      "attr_err": 0.8347388947304356
    },
    "trailer": {
      "trans_err": 1.1493286033696724,
      "scale_err": 0.244262721068789,
      "orient_err": 1.40238996986474,
      "vel_err": 1.0,
      "attr_err": 0.17764737881912865
    },
    "construction_vehicle": {
      "trans_err": 1.0,
      "scale_err": 1.0,
      "orient_err": 1.0,
      "vel_err": 1.0,
      "attr_err": 1.0
    },
    "pedestrian": {
      "trans_err": 0.7429452976867017,
      "scale_err": 0.3409153887882547,
      "orient_err": 1.4958804533833048,
      "vel_err": 1.0,
      "attr_err": 0.19009372423403587
    },
    "motorcycle": {
      "trans_err": 1.0,
      "scale_err": 1.0,
      "orient_err": 1.0,
      "vel_err": 1.0,
      "attr_err": 1.0
    },
    "bicycle": {
      "trans_err": 1.0,
      "scale_err": 1.0,
      "orient_err": 1.0,
      "vel_err": 1.0,
      "attr_err": 1.0
    },
    "traffic_cone": {
      "trans_err": 1.0,
      "scale_err": 1.0,
      "orient_err": NaN,
      "vel_err": NaN,
      "attr_err": NaN
    },
    "barrier": {
      "trans_err": 0.8816674853646673,
      "scale_err": 0.375370136931391,
      "orient_err": 0.19832641537005596,
      "vel_err": NaN,
      "attr_err": NaN
    }
  },
  "tp_errors": {
    "trans_err": 0.908815339937936,
    "scale_err": 0.569797970281784,
    "orient_err": 1.0486002009897595,
    "vel_err": 1.0,
    "attr_err": 0.6185576429404422
  },
  "tp_scores": {
    "trans_err": 0.09118466006206405,
    "scale_err": 0.430202029718216,
    "orient_err": 0.0,
    "vel_err": 0.0,
    "attr_err": 0.38144235705955776
  },
  "nd_score": 0.13131436426151444,
  "eval_time": 83.53706979751587,
  "meta": {
    "use_camera": false,
    "use_lidar": false,
    "use_radar": false,
    "use_map": false,
    "use_external": false
  }
}