{
  "label_aps": {
    "car": {
      "0.5": 0.0,
      "1.0": 0.06593866477079231,
      "2.0": 0.2785970883267184,
      "4.0": 0.4812339458823475
    },
    "truck": {
      "0.5": 0.0,
      "1.0": 0.0,
      "2.0": 0.009642516598860182,
      "4.0": 0.028480974710728756
    },
    "bus": {
      "0.5": 0.0,
      "1.0": 0.011302581666232147,
      "2.0": 0.11736022421359076,
      "4.0": 0.3129116313298952
    },
    "trailer": {
      "0.5": 0.0,
      "1.0": 0.0,
      "2.0": 0.0,
      "4.0": 0.005237752676101856
    },
    "construction_vehicle": {
      "0.5": 0.0,
      "1.0": 0.0,
      "2.0": 0.0,
      "4.0": 0.0
    },
    "pedestrian": {
      "0.5": 0.0,
      "1.0": 0.00436647322765048,
      "2.0": 0.0633612861852,
      "4.0": 0.1783317221866926
    },
    "motorcycle": {
      "0.5": 0.0,
      "1.0": 0.0,
      "2.0": 0.0,
      "4.0": 0.0
    },
    "bicycle": {
      "0.5": 0.0,
      "1.0": 0.0,
      "2.0": 0.0,
      "4.0": 0.0
    },
    "traffic_cone": {
      "0.5": 0.0,
      "1.0": 0.0,
      "2.0": 0.021801758125739198,
      "4.0": 0.09505275236362527
    },
    "barrier": {
      "0.5": 0.0,
      "1.0": 0.010331009923334406,
      "2.0": 0.11773609395452872,
      "4.0": 0.36126556955494254
    }
  },
  "mean_dist_aps": {
    "car": 0.20644242474496455,
    "truck": 0.009530872827397235,
    "bus": 0.11039360930242953,
    "trailer": 0.001309438169025464,
    "construction_vehicle": 0.0,
    "pedestrian": 0.06151487039988577,
    "motorcycle": 0.0,
    "bicycle": 0.0,
    "traffic_cone": 0.02921362762234112,
    "barrier": 0.12233316835820142
  },
  "mean_ap": 0.054073801142424514,
  "label_tp_errors": {
    "car": {
      "trans_err": 0.9463218564418437,
      "scale_err": 0.20590424657987585,
      "orient_err": 0.7215146293303243,
      "vel_err": 1.0,
      "attr_err": 0.4046514080508102
    },
    "truck": {
      "trans_err": 0.9485644639317938,
      "scale_err": 0.33417414126950445,
      "orient_err": 1.0367926912958725,
      "vel_err": 1.0,
      "attr_err": 0.24593210072748958
    },
    "bus": {
      "trans_err": 1.0113795224689681,
      "scale_err": 0.22231750536675712,
      "orient_err": 0.8141473929714861,
      "vel_err": 1.0,
      "attr_err": 0.8556223181584159
    },
    "trailer": {
      "trans_err": 1.1510822535467355,
      "scale_err": 0.2758114170054317,
      "orient_err": 1.726768955457818,
      "vel_err": 1.0,
      "attr_err": 0.1077571656565682
    },
    "construction_vehicle": {
      "trans_err": 1.0,
      "scale_err": 1.0,
      "orient_err": 1.0,
      "vel_err": 1.0,
      "attr_err": 1.0
    },
    "pedestrian": {
      "trans_err": 1.1156524715159208,
      "scale_err": 0.3987099534271823,
      "orient_err": 1.5889216480705002,
      "vel_err": 1.0,
      "attr_err": 0.20204808114101175
    },
    "motorcycle": {
      "trans_err": 1.0,
      "scale_err": 1.0,
      "orient_err": 1.0,
      "vel_err": 1.0,
      "attr_err": 1.0
    },
    "bicycle": {
      "trans_err": 1.0,
      "scale_err": 1.0,
      "orient_err": 1.0,
      "vel_err": 1.0,
      "attr_err": 1.0
    },
    "traffic_cone": {
      "trans_err": 1.1928196873276486,
      "scale_err": 0.5849385342919182,
      "orient_err": NaN,
      "vel_err": NaN,
      "attr_err": NaN
    },
    "barrier": {
      "trans_err": 1.12667506150985,
      "scale_err": 0.41126500115774145,
      "orient_err": 0.34341189099656844,
      "vel_err": NaN,
      "attr_err": NaN
    }
  },
  "tp_errors": {
    "trans_err": 1.0492495316742763,
    "scale_err": 0.5433120799098412,
    "orient_err": 1.0257285786802857,
    "vel_err": 1.0,
    "attr_err": 0.602001384216787
  },
  "tp_scores": {
    "trans_err": 0.0,
    "scale_err": 0.4566879200901588,
    "orient_err": 0.0,
    "vel_err": 0.0,
    "attr_err": 0.39799861578321305
  },
  "nd_score": 0.11250555415854943,
  "eval_time": 98.24981594085693,
  "meta": {
    "use_camera": false,
    "use_lidar": false,
    "use_radar": false,
    "use_map": false,
    "use_external": false
  }
}