{
  "label_aps": {
    "car": {
      "0.5": 0.00010141796057027754,
      "1.0": 0.07151022229073588,
      "2.0": 0.28073474582147767,
      "4.0": 0.4889022209321147
    },
    "truck": {
      "0.5": 0.0,
      "1.0": 0.0,
      "2.0": 0.010542249050299183,
      "4.0": 0.029893932805865896
    },
    "bus": {
      "0.5": 0.0,
      "1.0": 0.012745276118990397,
      "2.0": 0.103962959774775,
      "4.0": 0.25786297974180183
    },
    "trailer": {
      "0.5": 0.0,
      "1.0": 0.0,
      "2.0": 0.0,
      "4.0": 0.004343485265909332
    },
    "construction_vehicle": {
      "0.5": 0.0,
      "1.0": 0.0,
      "2.0": 0.0,
      "4.0": 0.0
    },
    "pedestrian": {
      "0.5": 0.0,
      "1.0": 0.005610027462356428,
      "2.0": 0.0728008304903034,
      "4.0": 0.1892046000693607
    },
    "motorcycle": {
      "0.5": 0.0,
      "1.0": 0.0,
      "2.0": 0.0,
      "4.0": 0.0
    },
    "bicycle": {
      "0.5": 0.0,
      "1.0": 0.0,
      "2.0": 0.0,
      "4.0": 0.0
    },
    "traffic_cone": {
      "0.5": 0.0,
      "1.0": 0.0,
      "2.0": 0.013504150948023408,
      "4.0": 0.08429809632326761
    },
    "barrier": {
      "0.5": 0.0,
      "1.0": 0.011872915825073535,
      "2.0": 0.11785490329338652,
      "4.0": 0.3201483704593095
    }
  },
  "mean_dist_aps": {
    "car": 0.21031215175122464,
    "truck": 0.01010904546404127,
    "bus": 0.0936428039088918,
    "trailer": 0.001085871316477333,
    "construction_vehicle": 0.0,
    "pedestrian": 0.06690386450550515,
    "motorcycle": 0.0,
    "bicycle": 0.0,
    "traffic_cone": 0.024450561817822753,
    "barrier": 0.11246904739444238
  },
  "mean_ap": 0.05189733461584053,
  "label_tp_errors": {
    "car": {
      "trans_err": 0.9289737312821725,
      "scale_err": 0.21023425603998852,
      "orient_err": 0.7043106526414543,
      "vel_err": 1.0,
      "attr_err": 0.4033717748172432
    },
    "truck": {
      "trans_err": 0.9959960545275379,
      "scale_err": 0.3493229828315704,
      "orient_err": 1.0508496706511354,
      "vel_err": 1.0,
      "attr_err": 0.2902038750159448
    },
    "bus": {
      "trans_err": 1.0127104034588645,
      "scale_err": 0.2416219487240998,
      "orient_err": 1.0004956612938416,
      "vel_err": 1.0,
      "attr_err": 0.8253767410914449
    },
    "trailer": {
      "trans_err": 1.2984495649142516,
      "scale_err": 0.3094644474747353,
      "orient_err": 1.569678543792019,
      "vel_err": 1.0,
      "attr_err": 0.14369854856761854
    },
    "construction_vehicle": {
      "trans_err": 1.0,
      "scale_err": 1.0,
      "orient_err": 1.0,
      "vel_err": 1.0,
      "attr_err": 1.0
    },
    "pedestrian": {
      "trans_err": 1.104211741338548,
      "scale_err": 0.37649644175709046,
      "orient_err": 1.5932479787001879,
      "vel_err": 1.0,
      "attr_err": 0.2252276651614445
    },
    "motorcycle": {
      "trans_err": 1.0,
      "scale_err": 1.0,
      "orient_err": 1.0,
      "vel_err": 1.0,
      "attr_err": 1.0
    },
    "bicycle": {
      "trans_err": 1.0,
      "scale_err": 1.0,
      "orient_err": 1.0,
      "vel_err": 1.0,
      "attr_err": 1.0
    },
    "traffic_cone": {
      "trans_err": 1.2343995602577604,
      "scale_err": 0.5338579876854553,
      "orient_err": NaN,
      "vel_err": NaN,
      "attr_err": NaN
    },
    "barrier": {
      "trans_err": 1.0860102252661519,
      "scale_err": 0.3771451298071447,
      "orient_err": 0.3051563138839151,
      "vel_err": NaN,
      "attr_err": NaN
    }
  },
  "tp_errors": {
    "trans_err": 1.0660751281045289,
    "scale_err": 0.5398143194320085,
    "orient_err": 1.024859868995839,
    "vel_err": 1.0,
    "attr_err": 0.610984825581712
  },
  "tp_scores": {
    "trans_err": 0.0,
    "scale_err": 0.4601856805679915,
    "orient_err": 0.0,
    "vel_err": 0.0,
    "attr_err": 0.38901517441828803
  },
  "nd_score": 0.11086875280654822,
  "eval_time": 94.99014520645142,
  "meta": {
    "use_camera": false,
    "use_lidar": false,
    "use_radar": false,
    "use_map": false,
    "use_external": false
  }
}