{
  "label_aps": {
    "car": {
      "0.5": 0.0,
      "1.0": 0.004600223257390959,
      "2.0": 0.11453344444842264,
      "4.0": 0.2994728586396728
    },
    "truck": {
      "0.5": 0.0,
      "1.0": 0.0,
      "2.0": 3.778116545547213e-05,
      "4.0": 0.005992322187022576
    },
    "bus": {
      "0.5": 0.0,
      "1.0": 0.0,
      "2.0": 0.005605439482828114,
      "4.0": 0.0633944131230237
    },
    "trailer": {
      "0.5": 0.0,
      "1.0": 0.0,
      "2.0": 0.0,
      "4.0": 0.0
    },
    "construction_vehicle": {
      "0.5": 0.0,
      "1.0": 0.0,
      "2.0": 0.0,
      "4.0": 0.0
    },
    "pedestrian": {
      "0.5": 0.0,
      "1.0": 0.0,
      "2.0": 0.0,
      "4.0": 0.010629279839619449
    },
    "motorcycle": {
      "0.5": 0.0,
      "1.0": 0.0,
      "2.0": 0.0,
      "4.0": 0.0
    },
    "bicycle": {
      "0.5": 0.0,
      "1.0": 0.0,
      "2.0": 0.0,
      "4.0": 0.0
    },
    "traffic_cone": {
      "0.5": 0.0,
      "1.0": 0.0,
      "2.0": 0.0,
      "4.0": 0.0
    },
    "barrier": {
      "0.5": 0.0,
      "1.0": 0.0,
      "2.0": 0.010475671479746424,
      "4.0": 0.07703745491902646
    }
  },
  "mean_dist_aps": {
    "car": 0.10465163158637161,
    "truck": 0.001507525838119512,
    "bus": 0.017249963151462953,
    "trailer": 0.0,
    "construction_vehicle": 0.0,
    "pedestrian": 0.002657319959904862,
    "motorcycle": 0.0,
    "bicycle": 0.0,
    "traffic_cone": 0.0,
    "barrier": 0.02187828159969322
  },
  "mean_ap": 0.014794472213555215,
  "label_tp_errors": {
    "car": {
      "trans_err": 1.148911734431924,
      "scale_err": 0.23432975171838935,
      "orient_err": 1.4357302742356435,
      "vel_err": 1.0,
      "attr_err": 0.4654376078921438
    },
    "truck": {
      "trans_err": 1.2030045364872668,
      "scale_err": 0.3993176411177469,
      "orient_err": 1.2493630509296048,
      "vel_err": 1.0,
      "attr_err": 0.28078783506907773
    },
    "bus": {
      "trans_err": 1.1830761471784734,
      "scale_err": 0.2645178823756429,
      "orient_err": 1.4878411319352776,
      "vel_err": 1.0,
      "attr_err": 0.8404041385592819
    },
    "trailer": {
      "trans_err": 1.3299755158152693,
      "scale_err": 0.35137301437405166,
      "orient_err": 1.5037493812839096,
      "vel_err": 1.0,
      "attr_err": 0.12380101578035782
    },
    "construction_vehicle": {
      "trans_err": 1.0,
      "scale_err": 1.0,
      "orient_err": 1.0,
      "vel_err": 1.0,
      "attr_err": 1.0
    },
    "pedestrian": {
      "trans_err": 1.2565040566012406,
      "scale_err": 0.5762977039092312,
      "orient_err": 1.5944262986620974,
      "vel_err": 1.0,
      "attr_err": 0.3154540473904405
    },
    "motorcycle": {
      "trans_err": 1.0,
      "scale_err": 1.0,
      "orient_err": 1.0,
      "vel_err": 1.0,
      "attr_err": 1.0
    },
    "bicycle": {
      "trans_err": 1.0,
      "scale_err": 1.0,
      "orient_err": 1.0,
      "vel_err": 1.0,
      "attr_err": 1.0
    },
    "traffic_cone": {
      "trans_err": 1.0,
      "scale_err": 1.0,
      "orient_err": NaN,
      "vel_err": NaN,
      "attr_err": NaN
    },
    "barrier": {
      "trans_err": 1.2208096070225183,
      "scale_err": 0.5894588758535861,
      "orient_err": 0.49760965514379274,
      "vel_err": NaN,
      "attr_err": NaN
    }
  },
  "tp_errors": {
    "trans_err": 1.1342281597536692,
    "scale_err": 0.6415294869348648,
    "orient_err": 1.1965244213544806,
    "vel_err": 1.0,
    "attr_err": 0.6282355805864127
  },
  "tp_scores": {
    "trans_err": 0.0,
    "scale_err": 0.3584705130651352,
    "orient_err": 0.0,
    "vel_err": 0.0,
    "attr_err": 0.3717644194135873
  },
  "nd_score": 0.08042072935464986,
  "eval_time": 124.30598163604736,
  "meta": {
    "use_camera": false,
    "use_lidar": false,
    "use_radar": false,
    "use_map": false,
    "use_external": false
  }
}