{
  "label_aps": {
    "car": {
      "0.5": 0.0,
      "1.0": 0.011931550700327727,
      "2.0": 0.12699555566970744,
      "4.0": 0.30475812658391177
    },
    "truck": {
      "0.5": 0.0,
      "1.0": 0.0,
      "2.0": 0.0,
      "4.0": 0.004132739413182041
    },
    "bus": {
      "0.5": 0.0,
      "1.0": 0.0,
      "2.0": 0.016476103174842178,
      "4.0": 0.0953537443369342
    },
    "trailer": {
      "0.5": 0.0,
      "1.0": 0.0,
      "2.0": 0.0,
      "4.0": 0.0
    },
    "construction_vehicle": {
      "0.5": 0.0,
      "1.0": 0.0,
      "2.0": 0.0,
      "4.0": 0.0
    },
    "pedestrian": {
      "0.5": 0.0,
      "1.0": 0.0,
      "2.0": 0.0,
      "4.0": 0.009825219735785795
    },
    "motorcycle": {
      "0.5": 0.0,
      "1.0": 0.0,
      "2.0": 0.0,
      "4.0": 0.0
    },
    "bicycle": {
      "0.5": 0.0,
      "1.0": 0.0,
      "2.0": 0.0,
      "4.0": 0.0
    },
    "traffic_cone": {
      "0.5": 0.0,
      "1.0": 0.0,
      "2.0": 0.0,
      "4.0": 0.0
    },
    "barrier": {
      "0.5": 0.0,
      "1.0": 0.0,
      "2.0": 0.011169179540041263,
      "4.0": 0.06993447754730844
    }
  },
  "mean_dist_aps": {
    "car": 0.11092130823848673,
    "truck": 0.0010331848532955103,
    "bus": 0.027957461877944095,
    "trailer": 0.0,
    "construction_vehicle": 0.0,
    "pedestrian": 0.0024563049339464487,
    "motorcycle": 0.0,
    "bicycle": 0.0,
    "traffic_cone": 0.0,
    "barrier": 0.020275914271837427
  },
  "mean_ap": 0.016264417417551018,
  "label_tp_errors": {
    "car": {
      "trans_err": 1.1102664574589356,
      "scale_err": 0.2144585286429302,
      "orient_err": 1.4180511004090262,
      "vel_err": 1.0,
      "attr_err": 0.45718354740308365
    },
    "truck": {
      "trans_err": 1.254376221234782,
      "scale_err": 0.43220918151614285,
      "orient_err": 1.2727533461287344,
      "vel_err": 1.0,
      "attr_err": 0.28130354628369025
    },
    "bus": {
      "trans_err": 1.0968484770873212,
      "scale_err": 0.27118576500190333,
      "orient_err": 1.5836811018878243,
      "vel_err": 1.0,
      "attr_err": 0.8248084194608476
    },
    "trailer": {
      "trans_err": 1.3865875450054015,
      "scale_err": 0.31451828098829865,
      "orient_err": 1.6028689829819707,
      "vel_err": 1.0,
      "attr_err": 0.14668078619467032
    },
    "construction_vehicle": {
      "trans_err": 1.0,
      "scale_err": 1.0,
      "orient_err": 1.0,
      "vel_err": 1.0,
      "attr_err": 1.0
    },
    "pedestrian": {
      "trans_err": 1.2278336395706628,
      "scale_err": 0.5430244908574354,
      "orient_err": 1.5970258680226628,
      "vel_err": 1.0,
      "attr_err": 0.3203685155351666
    },
    "motorcycle": {
      "trans_err": 1.0,
      "scale_err": 1.0,
      "orient_err": 1.0,
      "vel_err": 1.0,
      "attr_err": 1.0
    },
    "bicycle": {
      "trans_err": 1.0,
      "scale_err": 1.0,
      "orient_err": 1.0,
      "vel_err": 1.0,
      "attr_err": 1.0
    },
    "traffic_cone": {
      "trans_err": 1.0,
      "scale_err": 1.0,
      "orient_err": NaN,
      "vel_err": NaN,
      "attr_err": NaN
    },
    "barrier": {
      "trans_err": 1.212086360706374,
      "scale_err": 0.5393340276868611,
      "orient_err": 0.5078147009503676,
      "vel_err": NaN,
      "attr_err": NaN
    }
  },
  "tp_errors": {
    "trans_err": 1.1287998701063477,
    "scale_err": 0.6314730274693572,
    "orient_err": 1.2202439000422873,
    "vel_err": 1.0,
    "attr_err": 0.6287931018596823
  },
  "tp_scores": {
    "trans_err": 0.0,
    "scale_err": 0.3685269725306428,
    "orient_err": 0.0,
    "vel_err": 0.0,
    "attr_err": 0.3712068981403177
  },
  "nd_score": 0.08210559577587156,
  "eval_time": 109.36327147483826,
  "meta": {
    "use_camera": false,
    "use_lidar": false,
    "use_radar": false,
    "use_map": false,
    "use_external": false
  }
}