{
  "label_aps": {
    "car": {
      "0.5": 0.0,
      "1.0": 0.07964620338466091,
      "2.0": 0.28058645514194697,
      "4.0": 0.46850816149762026
    },
    "truck": {
      "0.5": 0.0,
      "1.0": 0.0,
      "2.0": 0.007790333613208084,
      "4.0": 0.023812598383819363
    },
    "bus": {
      "0.5": 0.0,
      "1.0": 0.00972673353710487,
      "2.0": 0.13202589532428874,
      "4.0": 0.23012269699505583
    },
    "trailer": {
      "0.5": 0.0,
      "1.0": 0.0,
      "2.0": 0.0,
      "4.0": 0.0013694109171961785
    },
    "construction_vehicle": {
      "0.5": 0.0,
      "1.0": 0.0,
      "2.0": 0.0,
      "4.0": 0.0
    },
    "pedestrian": {
      "0.5": 0.0,
      "1.0": 0.005396071835491538,
      "2.0": 0.0737606791526969,
      "4.0": 0.18434264413321608
    },
    "motorcycle": {
      "0.5": 0.0,
      "1.0": 0.0,
      "2.0": 0.0,
      "4.0": 0.0
    },
    "bicycle": {
      "0.5": 0.0,
      "1.0": 0.0,
      "2.0": 0.0,
      "4.0": 0.0
    },
    "traffic_cone": {
      "0.5": 0.0,
      "1.0": 0.0,
      "2.0": 0.005178008704733896,
      "4.0": 0.048111502234918606
    },
    "barrier": {
      "0.5": 0.0,
      "1.0": 0.009462655930572132,
      "2.0": 0.12943673700051597,
      "4.0": 0.3641762852048907
    }
  },
  "mean_dist_aps": {
    "car": 0.20718520500605703,
    "truck": 0.007900732999256862,
    "bus": 0.09296883146411236,
    "trailer": 0.00034235272929904464,
    "construction_vehicle": 0.0,
    "pedestrian": 0.06587484878035113,
    "motorcycle": 0.0,
    "bicycle": 0.0,
    "traffic_cone": 0.013322377734913125,
    "barrier": 0.12576891953399472
  },
  "mean_ap": 0.051336326824798426,
  "label_tp_errors": {
    "car": {
      "trans_err": 0.906263569653772,
      "scale_err": 0.20974943366281806,
      "orient_err": 0.6332657797767705,
      "vel_err": 1.0,
      "attr_err": 0.43791072694334654
    },
    "truck": {
      "trans_err": 1.0211583375259579,
      "scale_err": 0.324221508098112,
      "orient_err": 0.9169558516214831,
      "vel_err": 1.0,
      "attr_err": 0.277953563549918
    },
    "bus": {
      "trans_err": 1.0026923754692465,
      "scale_err": 0.206608530600179,
      "orient_err": 0.929681487792891,
      "vel_err": 1.0,
      "attr_err": 0.8624785396035478
    },
    "trailer": {
      "trans_err": 1.1827413087189087,
      "scale_err": 0.2744736883013553,
      "orient_err": 1.7732030930445548,
      "vel_err": 1.0,
      "attr_err": 0.08435027264673212
    },
    "construction_vehicle": {
      "trans_err": 1.0,
      "scale_err": 1.0,
      "orient_err": 1.0,
      "vel_err": 1.0,
      "attr_err": 1.0
    },
    "pedestrian": {
      "trans_err": 1.1093561083697476,
      "scale_err": 0.4009499301902049,
      "orient_err": 1.5544572214503236,
      "vel_err": 1.0,
      "attr_err": 0.1996483785180361
    },
    "motorcycle": {
      "trans_err": 1.0,
      "scale_err": 1.0,
      "orient_err": 1.0,
      "vel_err": 1.0,
      "attr_err": 1.0
    },
    "bicycle": {
      "trans_err": 1.0,
      "scale_err": 1.0,
      "orient_err": 1.0,
      "vel_err": 1.0,
      "attr_err": 1.0
    },
    "traffic_cone": {
      "trans_err": 1.206177886425208,
      "scale_err": 0.5987063003558036,
      "orient_err": NaN,
      "vel_err": NaN,
      "attr_err": NaN
    },
    "barrier": {
      "trans_err": 1.1432358296870953,
      "scale_err": 0.4009913452131921,
      "orient_err": 0.2717989599168106,
      "vel_err": NaN,
      "attr_err": NaN
    }
  },
  "tp_errors": {
    "trans_err": 1.0571625415849935,
    "scale_err": 0.5415700736421665,
    "orient_err": 1.0088180437336485,
    "vel_err": 1.0,
    "attr_err": 0.6077926851576976
  },
  "tp_scores": {
    "trans_err": 0.0,
    "scale_err": 0.45842992635783353,
    "orient_err": 0.0,
    "vel_err": 0.0,
    "attr_err": 0.3922073148423024
  },
  "nd_score": 0.11073188753241281,
  "eval_time": 86.02518773078918,
  "meta": {
    "use_camera": false,
    "use_lidar": false,
    "use_radar": false,
    "use_map": false,
    "use_external": false
  }
}