{
  "label_aps": {
    "car": {
      "0.5": 0.0,
      "1.0": 0.026796252361957724,
      "2.0": 0.19406777933191832,
      "4.0": 0.39628010843358047
    },
    "truck": {
      "0.5": 0.0,
      "1.0": 0.0,
      "2.0": 0.0014501766539352626,
      "4.0": 0.015511196955016585
    },
    "bus": {
      "0.5": 0.0,
      "1.0": 0.0,
      "2.0": 0.029513779095997183,
      "4.0": 0.10517609435562188
    },
    "trailer": {
      "0.5": 0.0,
      "1.0": 0.0,
      "2.0": 0.0,
      "4.0": 0.0
    },
    "construction_vehicle": {
      "0.5": 0.0,
      "1.0": 0.0,
      "2.0": 0.0,
      "4.0": 0.0
    },
    "pedestrian": {
      "0.5": 0.0,
      "1.0": 0.0,
      "2.0": 0.0,
      "4.0": 0.009689144814063239
    },
    "motorcycle": {
      "0.5": 0.0,
      "1.0": 0.0,
      "2.0": 0.0,
      "4.0": 0.0
    },
    "bicycle": {
      "0.5": 0.0,
      "1.0": 0.0,
      "2.0": 0.0,
      "4.0": 0.0
    },
    "traffic_cone": {
      "0.5": 0.0,
      "1.0": 0.0,
      "2.0": 0.0,
      "4.0": 0.00015263495966731704
    },
    "barrier": {
      "0.5": 0.0,
      "1.0": 0.0017615536996167529,
      "2.0": 0.053941193344874086,
      "4.0": 0.2139546757121247
    }
  },
  "mean_dist_aps": {
    "car": 0.15428603503186414,
    "truck": 0.004240343402237961,
    "bus": 0.033672468362904766,
    "trailer": 0.0,
    "construction_vehicle": 0.0,
    "pedestrian": 0.0024222862035158097,
    "motorcycle": 0.0,
    "bicycle": 0.0,
    "traffic_cone": 3.815873991682926e-05,
    "barrier": 0.06741435568915388
  },
  "mean_ap": 0.026207364742959337,
  "label_tp_errors": {
    "car": {
      "trans_err": 1.0575524083876897,
      "scale_err": 0.21874951574991297,
      "orient_err": 1.1975979263405365,
      "vel_err": 1.0,
      "attr_err": 0.4534686529001153
    },
    "truck": {
      "trans_err": 1.0523777948527704,
      "scale_err": 0.3941780313514526,
      "orient_err": 1.3834379568803983,
      "vel_err": 1.0,
      "attr_err": 0.27926707947570245
    },
    "bus": {
      "trans_err": 1.0983213970344763,
      "scale_err": 0.23773225761137015,
      "orient_err": 1.42237734497697,
      "vel_err": 1.0,
      "attr_err": 0.8271143233516364
    },
    "trailer": {
      "trans_err": 1.2745475881638504,
      "scale_err": 0.33327130081411743,
      "orient_err": 1.3556944489479237,
      "vel_err": 1.0,
      "attr_err": 0.19056368239998475
    },
    "construction_vehicle": {
      "trans_err": 1.0,
      "scale_err": 1.0,
      "orient_err": 1.0,
      "vel_err": 1.0,
      "attr_err": 1.0
    },
    "pedestrian": {
      "trans_err": 1.2348377564233193,
      "scale_err": 0.49410679865818835,
      "orient_err": 1.5748264067716053,
      "vel_err": 1.0,
      "attr_err": 0.27762605964881565
    },
    "motorcycle": {
      "trans_err": 1.0,
      "scale_err": 1.0,
      "orient_err": 1.0,
      "vel_err": 1.0,
      "attr_err": 1.0
    },
    "bicycle": {
      "trans_err": 1.0,
      "scale_err": 1.0,
      "orient_err": 1.0,
      "vel_err": 1.0,
      "attr_err": 1.0
    },
    "traffic_cone": {
      "trans_err": 1.3313652516962289,
      "scale_err": 0.663852266203468,
      "orient_err": NaN,
      "vel_err": NaN,
      "attr_err": NaN
    },
    "barrier": {
      "trans_err": 1.190100292326653,
      "scale_err": 0.45152090624414726,
      "orient_err": 0.4588843081709128,
      "vel_err": NaN,
      "attr_err": NaN
    }
  },
  "tp_errors": {
    "trans_err": 1.1239102488884989,
    "scale_err": 0.5793411076632657,
    "orient_err": 1.1547575991209273,
    "vel_err": 1.0,
    "attr_err": 0.6285049747220317
  },
  "tp_scores": {
    "trans_err": 0.0,
    "scale_err": 0.42065889233673426,
    "orient_err": 0.0,
    "vel_err": 0.0,
    "attr_err": 0.3714950252779683
  },
  "nd_score": 0.09231907413294993,
  "eval_time": 101.48017644882202,
  "meta": {
    "use_camera": false,
    "use_lidar": false,
    "use_radar": false,
    "use_map": false,
    "use_external": false
  }
}