{
  "label_aps": {
    "car": {
      "0.5": 0.0,
      "1.0": 0.020771980326287208,
      "2.0": 0.16352001101605868,
      "4.0": 0.32545305041382194
    },
    "truck": {
      "0.5": 0.0,
      "1.0": 0.0,
      "2.0": 0.0,
      "4.0": 0.00854097134722414
    },
    "bus": {
      "0.5": 0.0,
      "1.0": 0.0,
      "2.0": 0.010504492649890236,
      "4.0": 0.05306524400849836
    },
    "trailer": {
      "0.5": 0.0,
      "1.0": 0.0,
      "2.0": 0.0,
      "4.0": 9.976266022924967e-05
    },
    "construction_vehicle": {
      "0.5": 0.0,
      "1.0": 0.0,
      "2.0": 0.0,
      "4.0": 0.0
    },
    "pedestrian": {
      "0.5": 0.0,
      "1.0": 0.0,
      "2.0": 0.0,
      "4.0": 0.0006280432008675461
    },
    "motorcycle": {
      "0.5": 0.0,
      "1.0": 0.0,
      "2.0": 0.0,
      "4.0": 0.0
    },
    "bicycle": {
      "0.5": 0.0,
      "1.0": 0.0,
      "2.0": 0.0,
      "4.0": 0.0
    },
    "traffic_cone": {
      "0.5": 0.0,
      "1.0": 0.0,
      "2.0": 0.0,
      "4.0": 0.0
    },
    "barrier": {
      "0.5": 0.0,
      "1.0": 0.0,
      "2.0": 0.03367743681326414,
      "4.0": 0.12142004982455352
    }
  },
  "mean_dist_aps": {
    "car": 0.12743626043904197,
    "truck": 0.002135242836806035,
    "bus": 0.01589243416459715,
    "trailer": 2.494066505731242e-05,
    "construction_vehicle": 0.0,
    "pedestrian": 0.00015701080021688653,
    "motorcycle": 0.0,
    "bicycle": 0.0,
    "traffic_cone": 0.0,
    "barrier": 0.03877437165945442
  },
  "mean_ap": 0.018442026056517374,
  "label_tp_errors": {
    "car": {
      "trans_err": 1.0600271429184882,
      "scale_err": 0.2256677787279534,
      "orient_err": 1.455201056764068,
      "vel_err": 1.0,
      "attr_err": 0.410544727718336
    },
    "truck": {
      "trans_err": 1.2096403479440343,
      "scale_err": 0.3939108612244208,
      "orient_err": 1.3888200247974274,
      "vel_err": 1.0,
      "attr_err": 0.38622032168232817
    },
    "bus": {
      "trans_err": 1.0526624011236596,
      "scale_err": 0.2515012663142483,
      "orient_err": 1.038572636523958,
      "vel_err": 1.0,
      "attr_err": 0.8584717810265821
    },
    "trailer": {
      "trans_err": 1.2281915866872335,
      "scale_err": 0.28825624487505375,
      "orient_err": 1.6445163141843289,
      "vel_err": 1.0,
      "attr_err": 0.15603570687476506
    },
    "construction_vehicle": {
      "trans_err": 1.0,
      "scale_err": 1.0,
      "orient_err": 1.0,
      "vel_err": 1.0,
      "attr_err": 1.0
    },
    "pedestrian": {
      "trans_err": 1.2403720678484011,
      "scale_err": 0.5362200053970811,
      "orient_err": 1.6002221630765876,
      "vel_err": 1.0,
      "attr_err": 0.31673276877738815
    },
    "motorcycle": {
      "trans_err": 1.0,
      "scale_err": 1.0,
      "orient_err": 1.0,
      "vel_err": 1.0,
      "attr_err": 1.0
    },
    "bicycle": {
      "trans_err": 1.0,
      "scale_err": 1.0,
      "orient_err": 1.0,
      "vel_err": 1.0,
      "attr_err": 1.0
    },
    "traffic_cone": {
      "trans_err": 1.0,
      "scale_err": 1.0,
      "orient_err": NaN,
      "vel_err": NaN,
      "attr_err": NaN
    },
    "barrier": {
      "trans_err": 1.2346843547880613,
      "scale_err": 0.527471240446289,
      "orient_err": 0.6834517299629486,
      "vel_err": NaN,
      "attr_err": NaN
    }
  },
  "tp_errors": {
    "trans_err": 1.1025577901309878,
    "scale_err": 0.6223027396985046,
    "orient_err": 1.2011982139232575,
    "vel_err": 1.0,
    "attr_err": 0.641000663259925
  },
  "tp_scores": {
    "trans_err": 0.0,
    "scale_err": 0.3776972603014954,
    "orient_err": 0.0,
    "vel_err": 0.0,
    "attr_err": 0.358999336740075
  },
  "nd_score": 0.08289067273241572,
  "eval_time": 113.58865237236023,
  "meta": {
    "use_camera": false,
    "use_lidar": false,
    "use_radar": false,
    "use_map": false,
    "use_external": false
  }
}