{
  "label_aps": {
    "car": {
      "0.5": 0.0007217770137803924,
      "1.0": 0.0875132748587201,
      "2.0": 0.30991474116495354,
      "4.0": 0.5103032089206249
    },
    "truck": {
      "0.5": 0.0,
      "1.0": 0.0003168390369361004,
      "2.0": 0.02127938366998344,
      "4.0": 0.04641409418601634
    },
    "bus": {
      "0.5": 0.0,
      "1.0": 0.03494759963412143,
      "2.0": 0.18429576954525703,
      "4.0": 0.35496030694052383
    },
    "trailer": {
      "0.5": 0.0,
      "1.0": 0.0,
      "2.0": 4.696704421513699e-05,
      "4.0": 0.018849768167029796
    },
    "construction_vehicle": {
      "0.5": 0.0,
      "1.0": 0.0,
      "2.0": 0.0,
      "4.0": 0.0
    },
    "pedestrian": {
      "0.5": 0.0,
      "1.0": 0.008808182669526744,
      "2.0": 0.08230162769775992,
      "4.0": 0.18488486751836464
    },
    "motorcycle": {
      "0.5": 0.0,
      "1.0": 0.0,
      "2.0": 0.0,
      "4.0": 0.0
    },
    "bicycle": {
      "0.5": 0.0,
      "1.0": 0.0,
      "2.0": 0.0,
      "4.0": 0.0
    },
    "traffic_cone": {
      "0.5": 0.0,
      "1.0": 0.0,
      "2.0": 0.020414754218400014,
      "4.0": 0.1154638370604691
    },
    "barrier": {
      "0.5": 0.0,
      "1.0": 0.012800507399062633,
      "2.0": 0.12690365168568227,
      "4.0": 0.3325102756781828
    }
  },
  "mean_dist_aps": {
    "car": 0.22711325048951972,
    "truck": 0.01700257922323397,
    "bus": 0.14355091902997558,
    "trailer": 0.004724183802811233,
    "construction_vehicle": 0.0,
    "pedestrian": 0.06899866947141282,
    "motorcycle": 0.0,
    "bicycle": 0.0,
    "traffic_cone": 0.03396964781971728,
    "barrier": 0.11805360869073192
  },
  "mean_ap": 0.06134128585274025,
  "label_tp_errors": {
    "car": {
      "trans_err": 0.9043713278091052,
      "scale_err": 0.20140533172505587,
      "orient_err": 0.7094787108083551,
      "vel_err": 1.0,
      "attr_err": 0.4140203508301899
    },
    "truck": {
      "trans_err": 0.908161405753286,
      "scale_err": 0.3490527666822677,
      "orient_err": 0.9062394552684275,
      "vel_err": 1.0,
      "attr_err": 0.3247153642789232
    },
    "bus": {
      "trans_err": 0.9386924837536345,
      "scale_err": 0.20904824534844466,
      "orient_err": 0.8596289145325396,
      "vel_err": 1.0,
      "attr_err": 0.8278851801796945
    },
    "trailer": {
      "trans_err": 1.1486180018946484,
      "scale_err": 0.25525646243599925,
      "orient_err": 1.4755914973956108,
      "vel_err": 1.0,
      "attr_err": 0.09990739289647281
    },
    "construction_vehicle": {
      "trans_err": 1.0,
      "scale_err": 1.0,
      "orient_err": 1.0,
      "vel_err": 1.0,
      "attr_err": 1.0
    },
    "pedestrian": {
      "trans_err": 1.0847633996200345,
      "scale_err": 0.38272498503610153,
      "orient_err": 1.5284251063483234,
      "vel_err": 1.0,
      "attr_err": 0.20923694310814778
    },
    "motorcycle": {
      "trans_err": 1.0,
      "scale_err": 1.0,
      "orient_err": 1.0,
      "vel_err": 1.0,
      "attr_err": 1.0
    },
    "bicycle": {
      "trans_err": 1.0,
      "scale_err": 1.0,
      "orient_err": 1.0,
      "vel_err": 1.0,
      "attr_err": 1.0
    },
    "traffic_cone": {
      "trans_err": 1.260048727613422,
      "scale_err": 0.4930356817221894,
      "orient_err": NaN,
      "vel_err": NaN,
      "attr_err": NaN
    },
    "barrier": {
      "trans_err": 1.132752872725431,
      "scale_err": 0.4004908807925526,
      "orient_err": 0.3636747127150535,
      "vel_err": NaN,
      "attr_err": NaN
    }
  },
  "tp_errors": {
    "trans_err": 1.0377408219169562,
    "scale_err": 0.5291014353742611,
    "orient_err": 0.9825598218964787,
    "vel_err": 1.0,
    "attr_err": 0.6094706539116785
  },
  "tp_scores": {
    "trans_err": 0.0,
    "scale_err": 0.47089856462573887,
    "orient_err": 0.017440178103521276,
    "vel_err": 0.0,
    "attr_err": 0.39052934608832146
  },
  "nd_score": 0.1185574518081283,
  "eval_time": 94.08753085136414,
  "meta": {
    "use_camera": false,
    "use_lidar": false,
    "use_radar": false,
    "use_map": false,
    "use_external": false
  }
}