{
  "label_aps": {
    "car": {
      "0.5": 0.0,
      "1.0": 0.02615991789821048,
      "2.0": 0.19214208728180374,
      "4.0": 0.3868519660565622
    },
    "truck": {
      "0.5": 0.0,
      "1.0": 0.0,
      "2.0": 0.0004609998956527327,
      "4.0": 0.013371628771907541
    },
    "bus": {
      "0.5": 0.0,
      "1.0": 0.0,
      "2.0": 0.042499762310986115,
      "4.0": 0.15598993069626255
    },
    "trailer": {
      "0.5": 0.0,
      "1.0": 0.0,
      "2.0": 0.0,
      "4.0": 5.977035310368635e-05
    },
    "construction_vehicle": {
      "0.5": 0.0,
      "1.0": 0.0,
      "2.0": 0.0,
      "4.0": 0.0
    },
    "pedestrian": {
      "0.5": 0.0,
      "1.0": 0.0,
      "2.0": 0.00011276288175136753,
      "4.0": 0.02822073143128789
    },
    "motorcycle": {
      "0.5": 0.0,
      "1.0": 0.0,
      "2.0": 0.0,
      "4.0": 0.0
    },
    "bicycle": {
      "0.5": 0.0,
      "1.0": 0.0,
      "2.0": 0.0,
      "4.0": 0.0
    },
    "traffic_cone": {
      "0.5": 0.0,
      "1.0": 0.0,
      "2.0": 0.00010315381047088369,
      "4.0": 0.020097936005672667
    },
    "barrier": {
      "0.5": 0.0,
      "1.0": 0.0021379611735918426,
      "2.0": 0.06704580508061765,
      "4.0": 0.23610397208545292
    }
  },
  "mean_dist_aps": {
    "car": 0.1512884928091441,
    "truck": 0.0034581571668900685,
    "bus": 0.04962242325181217,
    "trailer": 1.4942588275921588e-05,
    "construction_vehicle": 0.0,
    "pedestrian": 0.007083373578259815,
    "motorcycle": 0.0,
    "bicycle": 0.0,
    "traffic_cone": 0.005050272454035888,
    "barrier": 0.0763219345849156
  },
  "mean_ap": 0.029283959643333357,
  "label_tp_errors": {
    "car": {
      "trans_err": 1.036588085856743,
      "scale_err": 0.21269645669615647,
      "orient_err": 1.1758360692036767,
      "vel_err": 1.0,
      "attr_err": 0.4498343802084524
    },
    "truck": {
      "trans_err": 1.0738099907664735,
      "scale_err": 0.393452955008287,
      "orient_err": 1.2970036899214876,
      "vel_err": 1.0,
      "attr_err": 0.3199997309955248
    },
    "bus": {
      "trans_err": 1.080879425516287,
      "scale_err": 0.26024894685580124,
      "orient_err": 1.3129217429574909,
      "vel_err": 1.0,
      "attr_err": 0.844883894649611
    },
    "trailer": {
      "trans_err": 1.2321023495700805,
      "scale_err": 0.31544561529165605,
      "orient_err": 1.5229895653101568,
      "vel_err": 1.0,
      "attr_err": 0.139292268556635
    },
    "construction_vehicle": {
      "trans_err": 1.0,
      "scale_err": 1.0,
      "orient_err": 1.0,
      "vel_err": 1.0,
      "attr_err": 1.0
    },
    "pedestrian": {
      "trans_err": 1.2502623129748662,
      "scale_err": 0.4868809823392786,
      "orient_err": 1.607071849646841,
      "vel_err": 1.0,
      "attr_err": 0.28711823723340535
    },
    "motorcycle": {
      "trans_err": 1.0,
      "scale_err": 1.0,
      "orient_err": 1.0,
      "vel_err": 1.0,
      "attr_err": 1.0
    },
    "bicycle": {
      "trans_err": 1.0,
      "scale_err": 1.0,
      "orient_err": 1.0,
      "vel_err": 1.0,
      "attr_err": 1.0
    },
    "traffic_cone": {
      "trans_err": 1.3242822161710435,
      "scale_err": 0.6447705552895779,
      "orient_err": NaN,
      "vel_err": NaN,
      "attr_err": NaN
    },
    "barrier": {
      "trans_err": 1.186400250109613,
      "scale_err": 0.4851834629809371,
      "orient_err": 0.4020076373684993,
      "vel_err": NaN,
      "attr_err": NaN
    }
  },
  "tp_errors": {
    "trans_err": 1.1184324630965108,
    "scale_err": 0.5798678974461694,
    "orient_err": 1.1464256171564613,
    "vel_err": 1.0,
    "attr_err": 0.6301410639554536
  },
  "tp_scores": {
    "trans_err": 0.0,
    "scale_err": 0.4201321025538306,
    "orient_err": 0.0,
    "vel_err": 0.0,
    "attr_err": 0.36985893604454645
  },
  "nd_score": 0.0936410836815044,
  "eval_time": 121.89721965789795,
  "meta": {
    "use_camera": false,
    "use_lidar": false,
    "use_radar": false,
    "use_map": false,
    "use_external": false
  }
}