{
  "label_aps": {
    "car": {
      "0.5": 0.08002249292753767,
      "1.0": 0.28127037657274134,
      "2.0": 0.42344041924424064,
      "4.0": 0.4980255306025797
    },
    "truck": {
      "0.5": 0.0,
      "1.0": 0.01777581140607133,
      "2.0": 0.06041770883272392,
      "4.0": 0.08684496142726054
    },
    "bus": {
      "0.5": 0.0,
      "1.0": 0.027948560677692382,
      "2.0": 0.14894490564593776,
      "4.0": 0.2798910494295867
    },
    "trailer": {
      "0.5": 0.0,
      "1.0": 0.0,
      "2.0": 0.007497030305297094,
      "4.0": 0.020251066928252733
    },
    "construction_vehicle": {
      "0.5": 0.0,
      "1.0": 0.0,
      "2.0": 0.0,
      "4.0": 0.0004377890243541983
    },
    "pedestrian": {
      "0.5": 0.03256541391205341,
      "1.0": 0.14002751020700832,
      "2.0": 0.2093745146562535,
      "4.0": 0.25073772220974533
    },
    "motorcycle": {
      "0.5": 0.0,
      "1.0": 0.0,
      "2.0": 0.0,
      "4.0": 0.0
    },
    "bicycle": {
      "0.5": 0.0,
      "1.0": 0.0,
      "2.0": 0.0,
      "4.0": 0.0
    },
    "traffic_cone": {
      "0.5": 0.0,
      "1.0": 0.002929840819713568,
      "2.0": 0.024274177846454196,
      "4.0": 0.05805031174247729
    },
    "barrier": {
      "0.5": 0.0005188836683340481,
      "1.0": 0.0613866911951467,
      "2.0": 0.21249365003583567,
      "4.0": 0.28235882710919447
    }
  },
  "mean_dist_aps": {
    "car": 0.32068970483677484,
    "truck": 0.041259620416513945,
    "bus": 0.11419612893830422,
    "trailer": 0.006937024308387457,
    "construction_vehicle": 0.00010944725608854957,
    "pedestrian": 0.15817629024626514,
    "motorcycle": 0.0,
    "bicycle": 0.0,
    "traffic_cone": 0.021313582602161263,
    "barrier": 0.13918951300212773
  },
  "mean_ap": 0.08018713116066231,
  "label_tp_errors": {
    "car": {
      "trans_err": 0.6139630589896198,
      "scale_err": 0.19355212716470946,
      "orient_err": 0.7424108105015631,
      "vel_err": 1.0,
      "attr_err": 0.4539356926495315
    },
    "truck": {
      "trans_err": 0.8183566736048751,
      "scale_err": 0.29240027801658647,
      "orient_err": 0.8590257825142301,
      "vel_err": 1.0,
      "attr_err": 0.35556383259668606
    },
    "bus": {
      "trans_err": 0.9440625149253553,
      "scale_err": 0.19245639314461976,
      "orient_err": 0.9551151542662982,
      "vel_err": 1.0,
      "attr_err": 0.8343231457834517
    },
    "trailer": {
      "trans_err": 1.1046974365649833,
      "scale_err": 0.19921178078831067,
      "orient_err": 1.8529613399060092,
      "vel_err": 1.0,
      "attr_err": 0.13841300332525083
    },
    "construction_vehicle": {
      "trans_err": 1.170436953147388,
      "scale_err": 0.7102213159918537,
      "orient_err": 2.142308053030298,
      "vel_err": 1.0,
      "attr_err": 0.40475436852597785
    },
    "pedestrian": {
      "trans_err": 0.6800234019167369,
      "scale_err": 0.32985936531444654,
      "orient_err": 1.5267317269250078,
      "vel_err": 1.0,
      "attr_err": 0.15052068996958584
    },
    "motorcycle": {
      "trans_err": 1.0,
      "scale_err": 1.0,
      "orient_err": 1.0,
      "vel_err": 1.0,
      "attr_err": 1.0
    },
    "bicycle": {
      "trans_err": 1.0,
      "scale_err": 1.0,
      "orient_err": 1.0,
      "vel_err": 1.0,
      "attr_err": 1.0
    },
    "traffic_cone": {
      "trans_err": 0.8834355132000979,
      "scale_err": 0.5032728624347246,
      "orient_err": NaN,
      "vel_err": NaN,
      "attr_err": NaN
    },
    "barrier": {
      "trans_err": 0.9025497624590942,
      "scale_err": 0.4157848710509822,
      "orient_err": 0.1967416312931368,
      "vel_err": NaN,
      "attr_err": NaN
    }
  },
  "tp_errors": {
    "trans_err": 0.911752531480815,
    "scale_err": 0.4836758993906233,
    "orient_err": 1.1416993887151714,
    "vel_err": 1.0,
    "attr_err": 0.5421888416063105
  },
  "tp_scores": {
    "trans_err": 0.08824746851918497,
    "scale_err": 0.5163241006093767,
    "orient_err": 0.0,
    "vel_err": 0.0,
    "attr_err": 0.45781115839368947
  },
  "nd_score": 0.1463318383325563,
  "eval_time": 94.1960437297821,
  "meta": {
    "use_camera": false,
    "use_lidar": false,
    "use_radar": false,
    "use_map": false,
    "use_external": false
  }
}