{
  "label_aps": {
    "car": {
      "0.5": 0.008047951216095646,
      "1.0": 0.14513111475584162,
      "2.0": 0.3593875181766986,
      "4.0": 0.5073809752004066
    },
    "truck": {
      "0.5": 0.0,
      "1.0": 0.0005695316969415036,
      "2.0": 0.02024386734150984,
      "4.0": 0.03581752517926098
    },
    "bus": {
      "0.5": 0.0,
      "1.0": 0.023358343562354354,
      "2.0": 0.14614781281781994,
      "4.0": 0.3215694412243309
    },
    "trailer": {
      "0.5": 0.0,
      "1.0": 0.0,
      "2.0": 0.00824902372060104,
      "4.0": 0.039474285811839475
    },
    "construction_vehicle": {
      "0.5": 0.0,
      "1.0": 0.0,
      "2.0": 0.0,
      "4.0": 0.0
    },
    "pedestrian": {
      "0.5": 0.0,
      "1.0": 0.005518127444867461,
      "2.0": 0.046522565296438216,
      "4.0": 0.10380557256182771
    },
    "motorcycle": {
      "0.5": 0.0,
      "1.0": 0.0,
      "2.0": 0.0,
      "4.0": 0.0
    },
    "bicycle": {
      "0.5": 0.0,
      "1.0": 0.0,
      "2.0": 0.0,
      "4.0": 0.0
    },
    "traffic_cone": {
      "0.5": 0.0,
      "1.0": 0.0,
      "2.0": 0.004014601773494687,
      "4.0": 0.0440786812639553
    },
    "barrier": {
      "0.5": 0.0,
      "1.0": 0.02770944123469234,
      "2.0": 0.20520068266308347,
      "4.0": 0.37911226678496734
    }
  },
  "mean_dist_aps": {
    "car": 0.2549868898372606,
    "truck": 0.01415773105442808,
    "bus": 0.1227688994011263,
    "trailer": 0.011930827383110128,
    "construction_vehicle": 0.0,
    "pedestrian": 0.03896156632578335,
    "motorcycle": 0.0,
    "bicycle": 0.0,
    "traffic_cone": 0.012023320759362495,
    "barrier": 0.15300559767068578
  },
  "mean_ap": 0.06078348324317567,
  "label_tp_errors": {
    "car": {
      "trans_err": 0.8201968057994451,
      "scale_err": 0.20396192080555017,
      "orient_err": 0.7032748713325276,
      "vel_err": 1.0,
      "attr_err": 0.43572582246262614
    },
    "truck": {
      "trans_err": 0.9135258549133787,
      "scale_err": 0.3000430247605482,
      "orient_err": 0.988159739349994,
      "vel_err": 1.0,
      "attr_err": 0.34799631947578347
    },
    "bus": {
      "trans_err": 0.9128555747912425,
      "scale_err": 0.20123621856936888,
      "orient_err": 0.8720582816690613,
      "vel_err": 1.0,
      "attr_err": 0.8765794778297592
    },
    "trailer": {
      "trans_err": 1.0784144793611368,
      "scale_err": 0.2260099851023185,
      "orient_err": 1.3678749271030908,
      "vel_err": 1.0,
      "attr_err": 0.12985391417199013
    },
    "construction_vehicle": {
      "trans_err": 1.0,
      "scale_err": 1.0,
      "orient_err": 1.0,
      "vel_err": 1.0,
      "attr_err": 1.0
    },
    "pedestrian": {
      "trans_err": 1.1092240148213066,
      "scale_err": 0.36804370169602724,
      "orient_err": 1.5862461664172551,
      "vel_err": 1.0,
      "attr_err": 0.23065125009407517
    },
    "motorcycle": {
      "trans_err": 1.0,
      "scale_err": 1.0,
      "orient_err": 1.0,
      "vel_err": 1.0,
      "attr_err": 1.0
    },
    "bicycle": {
      "trans_err": 1.0,
      "scale_err": 1.0,
      "orient_err": 1.0,
      "vel_err": 1.0,
      "attr_err": 1.0
    },
    "traffic_cone": {
      "trans_err": 1.1988858612626985,
      "scale_err": 0.5012519836333894,
      "orient_err": NaN,
      "vel_err": NaN,
      "attr_err": NaN
    },
    "barrier": {
      "trans_err": 1.0958651634242822,
      "scale_err": 0.3820308814551259,
      "orient_err": 0.28363858548386667,
      "vel_err": NaN,
      "attr_err": NaN
    }
  },
  "tp_errors": {
    "trans_err": 1.012896775437349,
    "scale_err": 0.5182577716022329,
    "orient_err": 0.9779169523728662,
    "vel_err": 1.0,
    "attr_err": 0.6276008480042793
  },
  "tp_scores": {
    "trans_err": 0.0,
    "scale_err": 0.48174222839776715,
    "orient_err": 0.022083047627133756,
    "vel_err": 0.0,
    "attr_err": 0.3723991519957207
  },
  "nd_score": 0.11801418442365,
  "eval_time": 93.69691228866577,
  "meta": {
    "use_camera": false,
    "use_lidar": false,
    "use_radar": false,
    "use_map": false,
    "use_external": false
  }
}