{
  "label_aps": {
    "car": {
      "0.5": 0.45021047016145255,
      "1.0": 0.6073644105194076,
      "2.0": 0.6656827624173275,
      "4.0": 0.7008146485290826
    },
    "truck": {
      "0.5": 0.07634783647650098,
      "1.0": 0.16217254089704614,
      "2.0": 0.21377835180930374,
      "4.0": 0.232940394406358
    },
    "bus": {
      "0.5": 0.07411810515404064,
      "1.0": 0.3579546115336671,
      "2.0": 0.5313383442710341,
      "4.0": 0.5515861980171468
    },
    "trailer": {
      "0.5": 0.0,
      "1.0": 0.03646910808188302,
      "2.0": 0.09645226892502437,
      "4.0": 0.1262560152602823
    },
    "construction_vehicle": {
      "0.5": 0.0,
      "1.0": 0.0,
      "2.0": 0.013380647431859276,
      "4.0": 0.02740027073613965
    },
    "pedestrian": {
      "0.5": 0.27316630129937797,
      "1.0": 0.395252005917764,
      "2.0": 0.4424028852639656,
      "4.0": 0.4890825685544008
    },
    "motorcycle": {
      "0.5": 0.0,
      "1.0": 0.003381160425961499,
      "2.0": 0.006142450456100582,
      "4.0": 0.010495217127374827
    },
    "bicycle": {
      "0.5": 0.0,
      "1.0": 0.0,
      "2.0": 0.0,
      "4.0": 0.0004060334988363168
    },
    "traffic_cone": {
      "0.5": 0.0487855143383505,
      "1.0": 0.09359731145245118,
      "2.0": 0.13364079558401595,
      "4.0": 0.17953867964905137
    },
    "barrier": {
      "0.5": 0.06567547794391926,
      "1.0": 0.3667348175913043,
      "2.0": 0.4611211671309795,
      "4.0": 0.5061956169986168
    }
  },
  "mean_dist_aps": {
    "car": 0.6060180729068175,
    "truck": 0.1713097808973022,
    "bus": 0.37874931474397217,
    "trailer": 0.06479434806679743,
    "construction_vehicle": 0.010195229541999732,
    "pedestrian": 0.39997594025887706,
    "motorcycle": 0.005004707002359227,
    "bicycle": 0.0001015083747090792,
    "traffic_cone": 0.11389057525596724,
    "barrier": 0.34993176991620495
  },
  "mean_ap": 0.20999712469650067,
  "label_tp_errors": {
    "car": {
      "trans_err": 0.30251329844760966,
      "scale_err": 0.16828824443513507,
      "orient_err": 0.4139886253381332,
      "vel_err": 1.0,
      "attr_err": 0.44228616421866923
    },
    "truck": {
      "trans_err": 0.4480313131886842,
      "scale_err": 0.2285943093220161,
      "orient_err": 0.3763638113799875,
      "vel_err": 1.0,
      "attr_err": 0.26316491465564196
    },
    "bus": {
      "trans_err": 0.594156108565974,
      "scale_err": 0.17168838781256354,
      "orient_err": 0.7099806896487613,
      "vel_err": 1.0,
      "attr_err": 0.8703095599973355
    },
    "trailer": {
      "trans_err": 0.809760914181199,
      "scale_err": 0.22765226341876313,
      "orient_err": 1.52100342396766,
      "vel_err": 1.0,
      "attr_err": 0.09144166276296997
    },
    "construction_vehicle": {
      "trans_err": 1.1955154633282976,
      "scale_err": 0.745819611629962,
      "orient_err": 1.8404465451540724,
      "vel_err": 1.0,
      "attr_err": 0.4919434111889341
    },
    "pedestrian": {
      "trans_err": 0.383101109529949,
      "scale_err": 0.2896064493706918,
      "orient_err": 1.4395444742730197,
      "vel_err": 1.0,
      "attr_err": 0.18893884213816242
    },
    "motorcycle": {
      "trans_err": 0.4750141974380383,
      "scale_err": 0.3944437661796371,
      "orient_err": 0.8586722484606634,
      "vel_err": 1.0,
      "attr_err": 0.8213172715768129
    },
    "bicycle": {
      "trans_err": 0.828636608952409,
      "scale_err": 0.43784868421478434,
      "orient_err": 1.543418791532945,
      "vel_err": 1.0,
      "attr_err": 0.0729149466541707
    },
    "traffic_cone": {
      "trans_err": 0.5101861652175222,
      "scale_err": 0.4226211519270377,
      "orient_err": NaN,
      "vel_err": NaN,
      "attr_err": NaN
    },
    "barrier": {
      "trans_err": 0.6624566789853681,
      "scale_err": 0.32047153384240745,
      "orient_err": 0.10841198662554165,
      "vel_err": NaN,
      "attr_err": NaN
    }
  },
  "tp_errors": {
    "trans_err": 0.6209371857835052,
    "scale_err": 0.3407034402152998,
    "orient_err": 0.9790922884867539,
    "vel_err": 1.0,
    "attr_err": 0.4052895966490871
  },
  "tp_scores": {
    "trans_err": 0.3790628142164948,
    "scale_err": 0.6592965597847003,
    "orient_err": 0.020907711513246108,
    "vel_err": 0.0,
    "attr_err": 0.594710403350913
  },
  "nd_score": 0.27039631123478575,
  "eval_time": 71.90804624557495,
  "meta": {
    "use_camera": false,
    "use_lidar": false,
    "use_radar": false,
    "use_map": false,
    "use_external": false
  }
}