{
  "label_aps": {
    "car": {
      "0.5": 0.3911830907891391,
      "1.0": 0.5576433735329138,
      "2.0": 0.6130463759383913,
      "4.0": 0.6506476104862812
    },
    "truck": {
      "0.5": 0.04285916173482503,
      "1.0": 0.11229868509869705,
      "2.0": 0.1550028529334933,
      "4.0": 0.17715885148525704
    },
    "bus": {
      "0.5": 0.05459315058498519,
      "1.0": 0.2714845534940404,
      "2.0": 0.41585178854006677,
      "4.0": 0.4607728050851228
    },
    "trailer": {
      "0.5": 0.0,
      "1.0": 0.014933438565289258,
      "2.0": 0.04452198451491888,
      "4.0": 0.06681325663326969
    },
    "construction_vehicle": {
      "0.5": 0.0,
      "1.0": 0.0,
      "2.0": 0.0,
      "4.0": 0.0007258152370447692
    },
    "pedestrian": {
      "0.5": 0.22705763773136206,
      "1.0": 0.340946049282801,
      "2.0": 0.3814941606095252,
      "4.0": 0.42264487020717856
    },
    "motorcycle": {
      "0.5": 0.0,
      "1.0": 0.0,
      "2.0": 0.0,
      "4.0": 0.0
    },
    "bicycle": {
      "0.5": 0.0,
      "1.0": 0.0,
      "2.0": 0.0,
      "4.0": 2.5562448101633538e-05
    },
    "traffic_cone": {
      "0.5": 0.029884702262659456,
      "1.0": 0.06523021297280933,
      "2.0": 0.08780725578521723,
      "4.0": 0.13925770300066698
    },
    "barrier": {
      "0.5": 0.03143678947482903,
      "1.0": 0.24529847556780981,
      "2.0": 0.3463591560427648,
      "4.0": 0.39846021159276895
    }
  },
  "mean_dist_aps": {
    "car": 0.5531301126866813,
    "truck": 0.12182988781306811,
    "bus": 0.3006755744260538,
    "trailer": 0.03156716992836946,
    "construction_vehicle": 0.0001814538092611923,
    "pedestrian": 0.3430356794577167,
    "motorcycle": 0.0,
    "bicycle": 6.390612025408384e-06,
    "traffic_cone": 0.08054496850533824,
    "barrier": 0.25538865816954315
  },
  "mean_ap": 0.16863598954080575,
  "label_tp_errors": {
    "car": {
      "trans_err": 0.3191112432814434,
      "scale_err": 0.17347440152757057,
      "orient_err": 0.5046274897620909,
      "vel_err": 1.0,
      "attr_err": 0.45741278027568244
    },
    "truck": {
      "trans_err": 0.48909554591583726,
      "scale_err": 0.24543996497718612,
      "orient_err": 0.46381277922645253,
      "vel_err": 1.0,
      "attr_err": 0.2846696977572763
    },
    "bus": {
      "trans_err": 0.588225917294623,
      "scale_err": 0.19257390343488925,
      "orient_err": 1.1610665910948648,
      "vel_err": 1.0,
      "attr_err": 0.8549033560377929
    },
    "trailer": {
      "trans_err": 0.77472292563236,
      "scale_err": 0.2043694859163387,
      "orient_err": 1.3980109928023918,
      "vel_err": 1.0,
      "attr_err": 0.11323951538789813
    },
    "construction_vehicle": {
      "trans_err": 1.0523381575871293,
      "scale_err": 0.6739503641292963,
      "orient_err": 1.7060801152502156,
      "vel_err": 1.0,
      "attr_err": 0.5734532273186748
    },
    "pedestrian": {
      "trans_err": 0.3919912935762557,
      "scale_err": 0.2918826221677337,
      "orient_err": 1.5165608836967708,
      "vel_err": 1.0,
      "attr_err": 0.1898651092687378
    },
    "motorcycle": {
      "trans_err": 0.5606235129923633,
      "scale_err": 0.44885323267644434,
      "orient_err": 0.9988570260937751,
      "vel_err": 1.0,
      "attr_err": 0.7569723862070951
    },
    "bicycle": {
      "trans_err": 1.0,
      "scale_err": 1.0,
      "orient_err": 1.0,
      "vel_err": 1.0,
      "attr_err": 1.0
    },
    "traffic_cone": {
      "trans_err": 0.5062105014795887,
      "scale_err": 0.4603426176670457,
      "orient_err": NaN,
      "vel_err": NaN,
      "attr_err": NaN
    },
    "barrier": {
      "trans_err": 0.7315176348857675,
      "scale_err": 0.3405666568880844,
      "orient_err": 0.15345672984843922,
      "vel_err": NaN,
      "attr_err": NaN
    }
  },
  "tp_errors": {
    "trans_err": 0.6413836732645368,
    "scale_err": 0.40314532493845895,
    "orient_err": 0.9891636230861113,
    "vel_err": 1.0,
    "attr_err": 0.5288145090316446
  },
  "tp_scores": {
    "trans_err": 0.3586163267354632,
    "scale_err": 0.5968546750615411,
    "orient_err": 0.010836376913888723,
    "vel_err": 0.0,
    "attr_err": 0.4711854909683554
  },
  "nd_score": 0.22806728173832772,
  "eval_time": 83.40117859840393,
  "meta": {
    "use_camera": false,
    "use_lidar": false,
    "use_radar": false,
    "use_map": false,
    "use_external": false
  }
}