{
  "label_aps": {
    "car": {
      "0.5": 0.4432450538619426,
      "1.0": 0.615354865453705,
      "2.0": 0.670467642138764,
      "4.0": 0.6994223107162609
    },
    "truck": {
      "0.5": 0.05400907944803735,
      "1.0": 0.16210711554059293,
      "2.0": 0.21121405985882646,
      "4.0": 0.2314350689476441
    },
    "bus": {
      "0.5": 0.14179617913261022,
      "1.0": 0.3929570847127795,
      "2.0": 0.47745327400086607,
      "4.0": 0.5179988157395153
    },
    "trailer": {
      "0.5": 0.0,
      "1.0": 0.03307732333624,
      "2.0": 0.06694444046590912,
      "4.0": 0.09080103821932113
    },
    "construction_vehicle": {
      "0.5": 0.0,
      "1.0": 0.008958861427676672,
      "2.0": 0.053284395938890894,
      "4.0": 0.06093997641787136
    },
    "pedestrian": {
      "0.5": 0.3067029794579963,
      "1.0": 0.4198440601707739,
      "2.0": 0.46512948131370724,
      "4.0": 0.5109086892544088
    },
    "motorcycle": {
      "0.5": 0.001447701881602779,
      "1.0": 0.010069234572515646,
      "2.0": 0.011871673177524848,
      "4.0": 0.012686469215814292
    },
    "bicycle": {
      "0.5": 0.0,
      "1.0": 7.656480192371243e-05,
      "2.0": 0.0008061007724639223,
      "4.0": 0.0027861199014989502
    },
    "traffic_cone": {
      "0.5": 0.05224397639007484,
      "1.0": 0.10726973437880533,
      "2.0": 0.14301941276095256,
      "4.0": 0.21618788921962262
    },
    "barrier": {
      "0.5": 0.060111013193355343,
      "1.0": 0.31938924545014397,
      "2.0": 0.40113224635747313,
      "4.0": 0.4475137377329929
    }
  },
  "mean_dist_aps": {
    "car": 0.6071224680426681,
    "truck": 0.1646913309487752,
    "bus": 0.38255133839644284,
    "trailer": 0.047705700505367564,
    "construction_vehicle": 0.030795808446109733,
    "pedestrian": 0.42564630254922153,
    "motorcycle": 0.009018769711864391,
    "bicycle": 0.0009171963689716462,
    "traffic_cone": 0.12968025318736384,
    "barrier": 0.30703656068349133
  },
  "mean_ap": 0.21051657288402761,
  "label_tp_errors": {
    "car": {
      "trans_err": 0.3032736893044452,
      "scale_err": 0.16872577930977697,
      "orient_err": 0.42754368772977214,
      "vel_err": 1.0,
      "attr_err": 0.4467217771301251
    },
    "truck": {
      "trans_err": 0.49868094540464036,
      "scale_err": 0.22152697806236826,
      "orient_err": 0.31306348096064696,
      "vel_err": 1.0,
      "attr_err": 0.2789422667667733
    },
    "bus": {
      "trans_err": 0.4820895293996726,
      "scale_err": 0.17372393288974045,
      "orient_err": 0.9389084994723411,
      "vel_err": 1.0,
      "attr_err": 0.8517746573420407
    },
    "trailer": {
      "trans_err": 0.7499190013060503,
      "scale_err": 0.22985676264943775,
      "orient_err": 1.4661491140548812,
      "vel_err": 1.0,
      "attr_err": 0.10083622646510222
    },
    "construction_vehicle": {
      "trans_err": 0.851571561090699,
      "scale_err": 0.5331956228179641,
      "orient_err": 1.2069646701991752,
      "vel_err": 1.0,
      "attr_err": 0.4292073878541389
    },
    "pedestrian": {
      "trans_err": 0.35742103421141785,
      "scale_err": 0.2893443568479303,
      "orient_err": 0.7137224216834464,
      "vel_err": 1.0,
      "attr_err": 0.17176520100249426
    },
    "motorcycle": {
      "trans_err": 0.41063974101548756,
      "scale_err": 0.3505023549625238,
      "orient_err": 0.8083769713882217,
      "vel_err": 1.0,
      "attr_err": 0.9108331418937359
    },
    "bicycle": {
      "trans_err": 0.5935905116023854,
      "scale_err": 0.39483886729957907,
      "orient_err": 1.3095948625031464,
      "vel_err": 1.0,
      "attr_err": 0.22859362618017576
    },
    "traffic_cone": {
      "trans_err": 0.48211951607097114,
      "scale_err": 0.42802877134811934,
      "orient_err": NaN,
      "vel_err": NaN,
      "attr_err": NaN
    },
    "barrier": {
      "trans_err": 0.6862174440055915,
      "scale_err": 0.3337492389279215,
      "orient_err": 0.14255023309765555,
      "vel_err": NaN,
      "attr_err": NaN
    }
  },
  "tp_errors": {
    "trans_err": 0.5415522973411361,
    "scale_err": 0.31234926651153616,
    "orient_err": 0.8140971045654762,
    "vel_err": 1.0,
    "attr_err": 0.4273342855793233
  },
  "tp_scores": {
    "trans_err": 0.4584477026588639,
    "scale_err": 0.6876507334884638,
    "orient_err": 0.18590289543452376,
    "vel_err": 0.0,
    "attr_err": 0.5726657144206767
  },
  "nd_score": 0.2957249910422666,
  "eval_time": 71.27869653701782,
  "meta": {
    "use_camera": false,
    "use_lidar": false,
    "use_radar": false,
    "use_map": false,
    "use_external": false
  }
}