{
  "label_aps": {
    "car": {
      "0.5": 0.0,
      "1.0": 0.006014239603583454,
      "2.0": 0.12228821159700404,
      "4.0": 0.3067650960936473
    },
    "truck": {
      "0.5": 0.0,
      "1.0": 0.0,
      "2.0": 0.0,
      "4.0": 0.0035003176858568307
    },
    "bus": {
      "0.5": 0.0,
      "1.0": 0.0,
      "2.0": 0.0012824624044769682,
      "4.0": 0.06284721400207509
    },
    "trailer": {
      "0.5": 0.0,
      "1.0": 0.0,
      "2.0": 0.0,
      "4.0": 0.0
    },
    "construction_vehicle": {
      "0.5": 0.0,
      "1.0": 0.0,
      "2.0": 0.0,
      "4.0": 0.0
    },
    "pedestrian": {
      "0.5": 0.0,
      "1.0": 0.0,
      "2.0": 0.0,
      "4.0": 0.02223888848352768
    },
    "motorcycle": {
      "0.5": 0.0,
      "1.0": 0.0,
      "2.0": 0.0,
      "4.0": 0.0
    },
    "bicycle": {
      "0.5": 0.0,
      "1.0": 0.0,
      "2.0": 0.0,
      "4.0": 0.0
    },
    "traffic_cone": {
      "0.5": 0.0,
      "1.0": 0.0,
      "2.0": 0.0,
      "4.0": 4.2114092337705716e-05
    },
    "barrier": {
      "0.5": 0.0,
      "1.0": 0.0,
      "2.0": 0.018910996664700006,
      "4.0": 0.11132432182836026
    }
  },
  "mean_dist_aps": {
    "car": 0.1087668868235587,
    "truck": 0.0008750794214642077,
    "bus": 0.016032419101638013,
    "trailer": 0.0,
    "construction_vehicle": 0.0,
    "pedestrian": 0.00555972212088192,
    "motorcycle": 0.0,
    "bicycle": 0.0,
    "traffic_cone": 1.0528523084426429e-05,
    "barrier": 0.03255882962326507
  },
  "mean_ap": 0.016380346561389234,
  "label_tp_errors": {
    "car": {
      "trans_err": 1.1296986653890102,
      "scale_err": 0.24285541109730993,
      "orient_err": 1.2702673121287917,
      "vel_err": 1.0,
      "attr_err": 0.4468069077746539
    },
    "truck": {
      "trans_err": 1.1334980861065966,
      "scale_err": 0.40698563879739297,
      "orient_err": 1.2969568095110806,
      "vel_err": 1.0,
      "attr_err": 0.31956569440301397
    },
    "bus": {
      "trans_err": 1.1068960014088196,
      "scale_err": 0.27719860508883915,
      "orient_err": 1.2884954042928818,
      "vel_err": 1.0,
      "attr_err": 0.8701139078887586
    },
    "trailer": {
      "trans_err": 1.2860019703228494,
      "scale_err": 0.35476209638706524,
      "orient_err": 1.5252481263588478,
      "vel_err": 1.0,
      "attr_err": 0.14717861510291314
    },
    "construction_vehicle": {
      "trans_err": 1.0,
      "scale_err": 1.0,
      "orient_err": 1.0,
      "vel_err": 1.0,
      "attr_err": 1.0
    },
    "pedestrian": {
      "trans_err": 1.2270207507634077,
      "scale_err": 0.5280952302802644,
      "orient_err": 1.5145191352092062,
      "vel_err": 1.0,
      "attr_err": 0.33780795725711144
    },
    "motorcycle": {
      "trans_err": 1.0,
      "scale_err": 1.0,
      "orient_err": 1.0,
      "vel_err": 1.0,
      "attr_err": 1.0
    },
    "bicycle": {
      "trans_err": 1.0,
      "scale_err": 1.0,
      "orient_err": 1.0,
      "vel_err": 1.0,
      "attr_err": 1.0
    },
    "traffic_cone": {
      "trans_err": 1.0,
      "scale_err": 1.0,
      "orient_err": NaN,
      "vel_err": NaN,
      "attr_err": NaN
    },
    "barrier": {
      "trans_err": 1.2021724890646623,
      "scale_err": 0.5488976221034904,
      "orient_err": 0.6764203302293214,
      "vel_err": NaN,
      "attr_err": NaN
    }
  },
  "tp_errors": {
    "trans_err": 1.1085287963055346,
    "scale_err": 0.6358794603754363,
    "orient_err": 1.1746563464144588,
    "vel_err": 1.0,
    "attr_err": 0.6401841353033064
  },
  "tp_scores": {
    "trans_err": 0.0,
    "scale_err": 0.3641205396245637,
    "orient_err": 0.0,
    "vel_err": 0.0,
    "attr_err": 0.3598158646966936
  },
  "nd_score": 0.08058381371282033,
  "eval_time": 109.3198823928833,
  "meta": {
    "use_camera": false,
    "use_lidar": false,
    "use_radar": false,
    "use_map": false,
    "use_external": false
  }
}