{
  "label_aps": {
    "car": {
      "0.5": 0.0,
      "1.0": 0.06749006529839184,
      "2.0": 0.2677674813189517,
      "4.0": 0.48390011993261933
    },
    "truck": {
      "0.5": 0.0,
      "1.0": 0.0,
      "2.0": 0.012371066425932631,
      "4.0": 0.03725849350841056
    },
    "bus": {
      "0.5": 0.0,
      "1.0": 0.028368157575490334,
      "2.0": 0.13005242950306026,
      "4.0": 0.24019919106622406
    },
    "trailer": {
      "0.5": 0.0,
      "1.0": 0.0,
      "2.0": 0.0007662826664370436,
      "4.0": 0.01754049613911784
    },
    "construction_vehicle": {
      "0.5": 0.0,
      "1.0": 0.0,
      "2.0": 0.0,
      "4.0": 0.0
    },
    "pedestrian": {
      "0.5": 0.0,
      "1.0": 0.0009497924213857042,
      "2.0": 0.048239506024624526,
      "4.0": 0.1705570351760141
    },
    "motorcycle": {
      "0.5": 0.0,
      "1.0": 0.0,
      "2.0": 0.0,
      "4.0": 0.0
    },
    "bicycle": {
      "0.5": 0.0,
      "1.0": 0.0,
      "2.0": 0.0,
      "4.0": 0.0
    },
    "traffic_cone": {
      "0.5": 0.0,
      "1.0": 0.0,
      "2.0": 0.00484596420189934,
      "4.0": 0.05712163843848005
    },
    "barrier": {
      "0.5": 0.0,
      "1.0": 0.004876394195817864,
      "2.0": 0.09967105556785924,
      "4.0": 0.31662111427269063
    }
  },
  "mean_dist_aps": {
    "car": 0.20478941663749073,
    "truck": 0.012407389983585797,
    "bus": 0.09965494453619367,
    "trailer": 0.0045766947013887215,
    "construction_vehicle": 0.0,
    "pedestrian": 0.05493658340550608,
    "motorcycle": 0.0,
    "bicycle": 0.0,
    "traffic_cone": 0.015491900660094848,
    "barrier": 0.10529214100909193
  },
  "mean_ap": 0.04971490709333518,
  "label_tp_errors": {
    "car": {
      "trans_err": 0.9407655191706105,
      "scale_err": 0.20277466013679635,
      "orient_err": 0.9572667206766006,
      "vel_err": 1.0,
      "attr_err": 0.4184221406781719
    },
    "truck": {
      "trans_err": 0.9674806096785734,
      "scale_err": 0.30417539935616944,
      "orient_err": 1.0989924856282376,
      "vel_err": 1.0,
      "attr_err": 0.3387582240234792
    },
    "bus": {
      "trans_err": 0.8915388600814195,
      "scale_err": 0.225999213465442,
      "orient_err": 0.8214978551582193,
      "vel_err": 1.0,
      "attr_err": 0.8486612349701657
    },
    "trailer": {
      "trans_err": 1.245525687943742,
      "scale_err": 0.2681430823961836,
      "orient_err": 1.5868908170635945,
      "vel_err": 1.0,
      "attr_err": 0.09061858487277522
    },
    "construction_vehicle": {
      "trans_err": 1.0,
      "scale_err": 1.0,
      "orient_err": 1.0,
      "vel_err": 1.0,
      "attr_err": 1.0
    },
    "pedestrian": {
      "trans_err": 1.1692780456480343,
      "scale_err": 0.4125266340404837,
      "orient_err": 1.6555186667390072,
      "vel_err": 1.0,
      "attr_err": 0.2677418361010347
    },
    "motorcycle": {
      "trans_err": 1.0,
      "scale_err": 1.0,
      "orient_err": 1.0,
      "vel_err": 1.0,
      "attr_err": 1.0
    },
    "bicycle": {
      "trans_err": 1.0,
      "scale_err": 1.0,
      "orient_err": 1.0,
      "vel_err": 1.0,
      "attr_err": 1.0
    },
    "traffic_cone": {
      "trans_err": 1.3006347567256025,
      "scale_err": 0.5913896778657574,
      "orient_err": NaN,
      "vel_err": NaN,
      "attr_err": NaN
    },
    "barrier": {
      "trans_err": 1.1498519746639062,
      "scale_err": 0.39864790508496256,
      "orient_err": 0.4020136965367563,
      "vel_err": NaN,
      "attr_err": NaN
    }
  },
  "tp_errors": {
    "trans_err": 1.0665075453911887,
    "scale_err": 0.5403656572345796,
    "orient_err": 1.0580200268669349,
    "vel_err": 1.0,
    "attr_err": 0.6205252525807033
  },
  "tp_scores": {
    "trans_err": 0.0,
    "scale_err": 0.45963434276542037,
    "orient_err": 0.0,
    "vel_err": 0.0,
    "attr_err": 0.37947474741929665
  },
  "nd_score": 0.10876836256513929,
  "eval_time": 84.82129192352295,
  "meta": {
    "use_camera": false,
    "use_lidar": false,
    "use_radar": false,
    "use_map": false,
    "use_external": false
  }
}