{
  "label_aps": {
    "car": {
      "0.5": 4.261481842574313e-05,
      "1.0": 0.07587267000104417,
      "2.0": 0.284289790609646,
      "4.0": 0.4734378602950119
    },
    "truck": {
      "0.5": 0.0,
      "1.0": 0.0001622775110363555,
      "2.0": 0.016481575778871146,
      "4.0": 0.03877222329218503
    },
    "bus": {
      "0.5": 0.0,
      "1.0": 0.031061872276974805,
      "2.0": 0.17840228862481333,
      "4.0": 0.3044152685674432
    },
    "trailer": {
      "0.5": 0.0,
      "1.0": 0.0,
      "2.0": 0.0,
      "4.0": 0.004620870231966585
    },
    "construction_vehicle": {
      "0.5": 0.0,
      "1.0": 0.0,
      "2.0": 0.0,
      "4.0": 0.0
    },
    "pedestrian": {
      "0.5": 0.0,
      "1.0": 0.008964860603929212,
      "2.0": 0.07263634286762333,
      "4.0": 0.17116674276653734
    },
    "motorcycle": {
      "0.5": 0.0,
      "1.0": 0.0,
      "2.0": 0.0,
      "4.0": 0.0
    },
    "bicycle": {
      "0.5": 0.0,
      "1.0": 0.0,
      "2.0": 0.0,
      "4.0": 0.0
    },
    "traffic_cone": {
      "0.5": 0.0,
      "1.0": 0.0,
      "2.0": 0.007674868161081539,
      "4.0": 0.06352008369984963
    },
    "barrier": {
      "0.5": 0.0,
      "1.0": 0.010079767370700458,
      "2.0": 0.10607633511489391,
      "4.0": 0.3173138698264606
    }
  },
  "mean_dist_aps": {
    "car": 0.20841073393103193,
    "truck": 0.013854019145523132,
    "bus": 0.12846985736730784,
    "trailer": 0.0011552175579916462,
    "construction_vehicle": 0.0,
    "pedestrian": 0.06319198655952248,
    "motorcycle": 0.0,
    "bicycle": 0.0,
    "traffic_cone": 0.01779873796523279,
    "barrier": 0.10836749307801374
  },
  "mean_ap": 0.054124804560462356,
  "label_tp_errors": {
    "car": {
      "trans_err": 0.926994799379275,
      "scale_err": 0.2058435668454067,
      "orient_err": 0.7625425371681224,
      "vel_err": 1.0,
      "attr_err": 0.4231104188252388
    },
    "truck": {
      "trans_err": 0.9478296438102126,
      "scale_err": 0.2949403398215175,
      "orient_err": 0.9718629311734521,
      "vel_err": 1.0,
      "attr_err": 0.2785043371754087
    },
    "bus": {
      "trans_err": 0.9789607279551953,
      "scale_err": 0.19294384683354723,
      "orient_err": 0.6785170327992658,
      "vel_err": 1.0,
      "attr_err": 0.8630711438882276
    },
    "trailer": {
      "trans_err": 1.1358396670444377,
      "scale_err": 0.28592861369543043,
      "orient_err": 1.417993132165235,
      "vel_err": 1.0,
      "attr_err": 0.1356106342227354
    },
    "construction_vehicle": {
      "trans_err": 1.0,
      "scale_err": 1.0,
      "orient_err": 1.0,
      "vel_err": 1.0,
      "attr_err": 1.0
    },
    "pedestrian": {
      "trans_err": 1.07308780896165,
      "scale_err": 0.3862027753011132,
      "orient_err": 1.5117583294908075,
      "vel_err": 1.0,
      "attr_err": 0.19125049528668414
    },
    "motorcycle": {
      "trans_err": 1.0,
      "scale_err": 1.0,
      "orient_err": 1.0,
      "vel_err": 1.0,
      "attr_err": 1.0
    },
    "bicycle": {
      "trans_err": 1.0,
      "scale_err": 1.0,
      "orient_err": 1.0,
      "vel_err": 1.0,
      "attr_err": 1.0
    },
    "traffic_cone": {
      "trans_err": 1.2674704363728384,
      "scale_err": 0.5927059396097059,
      "orient_err": NaN,
      "vel_err": NaN,
      "attr_err": NaN
    },
    "barrier": {
      "trans_err": 1.0940892766643178,
      "scale_err": 0.401082177190015,
      "orient_err": 0.33971417549904886,
      "vel_err": NaN,
      "attr_err": NaN
    }
  },
  "tp_errors": {
    "trans_err": 1.0424272360187925,
    "scale_err": 0.5359647259296736,
    "orient_err": 0.9647097931439925,
    "vel_err": 1.0,
    "attr_err": 0.6114433786747868
  },
  "tp_scores": {
    "trans_err": 0.0,
    "scale_err": 0.4640352740703264,
    "orient_err": 0.03529020685600748,
    "vel_err": 0.0,
    "attr_err": 0.3885566213252132
  },
  "nd_score": 0.11585061250538589,
  "eval_time": 93.26112365722656,
  "meta": {
    "use_camera": false,
    "use_lidar": false,
    "use_radar": false,
    "use_map": false,
    "use_external": false
  }
}