{
  "label_aps": {
    "car": {
      "0.5": 0.04739727777648928,
      "1.0": 0.24224264402639445,
      "2.0": 0.38524848015665164,
      "4.0": 0.46509328068285744
    },
    "truck": {
      "0.5": 0.0,
      "1.0": 0.020768862169646293,
      "2.0": 0.056137624593314187,
      "4.0": 0.08573222342896006
    },
    "bus": {
      "0.5": 0.0,
      "1.0": 0.03401730063271259,
      "2.0": 0.11895950497172623,
      "4.0": 0.15403209584468008
    },
    "trailer": {
      "0.5": 0.0,
      "1.0": 0.0,
      "2.0": 0.007247298618801231,
      "4.0": 0.02137380764488988
    },
    "construction_vehicle": {
      "0.5": 0.0,
      "1.0": 0.0,
      "2.0": 0.0,
      "4.0": 0.0
    },
    "pedestrian": {
      "0.5": 0.025289162720942473,
      "1.0": 0.14941957130026656,
      "2.0": 0.2361756471002351,
      "4.0": 0.2794817227968082
    },
    "motorcycle": {
      "0.5": 0.0,
      "1.0": 0.0,
      "2.0": 0.0,
      "4.0": 0.0
    },
    "bicycle": {
      "0.5": 0.0,
      "1.0": 0.0,
      "2.0": 0.0,
      "4.0": 0.0
    },
    "traffic_cone": {
      "0.5": 0.0,
      "1.0": 0.0012907505109811886,
      "2.0": 0.02604767551186364,
      "4.0": 0.07279704440687355
    },
    "barrier": {
      "0.5": 0.0,
      "1.0": 0.02664351829938167,
      "2.0": 0.13716374743454018,
      "4.0": 0.20037411513427614
    }
  },
  "mean_dist_aps": {
    "car": 0.2849954206605982,
    "truck": 0.04065967754798014,
    "bus": 0.07675222536227973,
    "trailer": 0.007155276565922778,
    "construction_vehicle": 0.0,
    "pedestrian": 0.17259152597956307,
    "motorcycle": 0.0,
    "bicycle": 0.0,
    "traffic_cone": 0.025033867607429594,
    "barrier": 0.09104534521704949
  },
  "mean_ap": 0.06982333389408228,
  "label_tp_errors": {
    "car": {
      "trans_err": 0.6396662402737203,
      "scale_err": 0.1959830845600727,
      "orient_err": 1.003649952485704,
      "vel_err": 1.0,
      "attr_err": 0.4057204481921554
    },
    "truck": {
      "trans_err": 0.7429644075162884,
      "scale_err": 0.32720088558833754,
      "orient_err": 1.2833660595951235,
      "vel_err": 1.0,
      "attr_err": 0.30418582809364814
    },
    "bus": {
      "trans_err": 0.8904835610657518,
      "scale_err": 0.22489955084365015,
      "orient_err": 1.0103083995328217,
      "vel_err": 1.0,
      "attr_err": 0.7910286882640098
    },
    "trailer": {
      "trans_err": 1.034546500123776,
      "scale_err": 0.23321474168975034,
      "orient_err": 1.739005134069911,
      "vel_err": 1.0,
      "attr_err": 0.16257107481258273
    },
    "construction_vehicle": {
      "trans_err": 1.0,
      "scale_err": 1.0,
      "orient_err": 1.0,
      "vel_err": 1.0,
      "attr_err": 1.0
    },
    "pedestrian": {
      "trans_err": 0.7312854922596165,
      "scale_err": 0.30629349885299395,
      "orient_err": 1.522923788774561,
      "vel_err": 1.0,
      "attr_err": 0.1746587649681551
    },
    "motorcycle": {
      "trans_err": 1.0,
      "scale_err": 1.0,
      "orient_err": 1.0,
      "vel_err": 1.0,
      "attr_err": 1.0
    },
    "bicycle": {
      "trans_err": 1.0,
      "scale_err": 1.0,
      "orient_err": 1.0,
      "vel_err": 1.0,
      "attr_err": 1.0
    },
    "traffic_cone": {
      "trans_err": 0.9859803167395137,
      "scale_err": 0.5299978504011014,
      "orient_err": NaN,
      "vel_err": NaN,
      "attr_err": NaN
    },
    "barrier": {
      "trans_err": 0.9762315045166997,
      "scale_err": 0.44931685025171375,
      "orient_err": 0.24189666089774997,
      "vel_err": NaN,
      "attr_err": NaN
    }
  },
  "tp_errors": {
    "trans_err": 0.9001158022495366,
    "scale_err": 0.5266906462187619,
    "orient_err": 1.0890166661506522,
    "vel_err": 1.0,
    "attr_err": 0.6047706005413189
  },
  "tp_scores": {
    "trans_err": 0.09988419775046342,
    "scale_err": 0.47330935378123806,
    "orient_err": 0.0,
    "vel_err": 0.0,
    "attr_err": 0.3952293994586811
  },
  "nd_score": 0.1317539620460794,
  "eval_time": 82.013756275177,
  "meta": {
    "use_camera": false,
    "use_lidar": false,
    "use_radar": false,
    "use_map": false,
    "use_external": false
  }
}