{
  "label_aps": {
    "car": {
      "0.5": 0.0,
      "1.0": 0.0776594757288332,
      "2.0": 0.2831300414455435,
      "4.0": 0.4910175916362011
    },
    "truck": {
      "0.5": 0.0,
      "1.0": 0.0,
      "2.0": 0.013478258559482308,
      "4.0": 0.03210894581753821
    },
    "bus": {
      "0.5": 0.0,
      "1.0": 0.03874309651820694,
      "2.0": 0.16501369178323128,
      "4.0": 0.2536169171004545
    },
    "trailer": {
      "0.5": 0.0,
      "1.0": 0.0,
      "2.0": 0.00034215335460370414,
      "4.0": 0.008219341992146549
    },
    "construction_vehicle": {
      "0.5": 0.0,
      "1.0": 0.0,
      "2.0": 0.0,
      "4.0": 0.0
    },
    "pedestrian": {
      "0.5": 0.0,
      "1.0": 0.0071851122642415,
      "2.0": 0.07685374370375707,
      "4.0": 0.1907507268918528
    },
    "motorcycle": {
      "0.5": 0.0,
      "1.0": 0.0,
      "2.0": 0.0,
      "4.0": 0.0
    },
    "bicycle": {
      "0.5": 0.0,
      "1.0": 0.0,
      "2.0": 0.0,
      "4.0": 0.0
    },
    "traffic_cone": {
      "0.5": 0.0,
      "1.0": 0.0,
      "2.0": 0.012229299180055771,
      "4.0": 0.07930170101766339
    },
    "barrier": {
      "0.5": 0.0,
      "1.0": 0.009389072060626195,
      "2.0": 0.11413714299601785,
      "4.0": 0.3161120943139126
    }
  },
  "mean_dist_aps": {
    "car": 0.21295177720264447,
    "truck": 0.01139680109425513,
    "bus": 0.11434342635047318,
    "trailer": 0.002140373836687563,
    "construction_vehicle": 0.0,
    "pedestrian": 0.06869739571496283,
    "motorcycle": 0.0,
    "bicycle": 0.0,
    "traffic_cone": 0.02288275004942979,
    "barrier": 0.10990957734263915
  },
  "mean_ap": 0.05423221015910921,
  "label_tp_errors": {
    "car": {
      "trans_err": 0.9225708883320946,
      "scale_err": 0.2174186083929833,
      "orient_err": 0.7141059347835229,
      "vel_err": 1.0,
      "attr_err": 0.4194760810426132
    },
    "truck": {
      "trans_err": 0.9875770470735336,
      "scale_err": 0.2996142138317235,
      "orient_err": 0.9482259456375862,
      "vel_err": 1.0,
      "attr_err": 0.28303388884194075
    },
    "bus": {
      "trans_err": 0.8721122949634456,
      "scale_err": 0.210773739426137,
      "orient_err": 1.0174596836306078,
      "vel_err": 1.0,
      "attr_err": 0.8545196156908433
    },
    "trailer": {
      "trans_err": 1.2107790638483769,
      "scale_err": 0.2524523885362544,
      "orient_err": 1.4205219869867127,
      "vel_err": 1.0,
      "attr_err": 0.11198513754230285
    },
    "construction_vehicle": {
      "trans_err": 1.0,
      "scale_err": 1.0,
      "orient_err": 1.0,
      "vel_err": 1.0,
      "attr_err": 1.0
    },
    "pedestrian": {
      "trans_err": 1.0992644631471258,
      "scale_err": 0.3877444091608443,
      "orient_err": 1.5731505355966877,
      "vel_err": 1.0,
      "attr_err": 0.20832837325075343
    },
    "motorcycle": {
      "trans_err": 1.0,
      "scale_err": 1.0,
      "orient_err": 1.0,
      "vel_err": 1.0,
      "attr_err": 1.0
    },
    "bicycle": {
      "trans_err": 1.0,
      "scale_err": 1.0,
      "orient_err": 1.0,
      "vel_err": 1.0,
      "attr_err": 1.0
    },
    "traffic_cone": {
      "trans_err": 1.231246476493737,
      "scale_err": 0.5874788185554125,
      "orient_err": NaN,
      "vel_err": NaN,
      "attr_err": NaN
    },
    "barrier": {
      "trans_err": 1.1143915123310622,
      "scale_err": 0.4074163184437982,
      "orient_err": 0.2894129549165574,
      "vel_err": NaN,
      "attr_err": NaN
    }
  },
  "tp_errors": {
    "trans_err": 1.0437941746189376,
    "scale_err": 0.5362898496347153,
    "orient_err": 0.9958752268390749,
    "vel_err": 1.0,
    "attr_err": 0.6096678870460568
  },
  "tp_scores": {
    "trans_err": 0.0,
    "scale_err": 0.46371015036528473,
    "orient_err": 0.004124773160925077,
    "vel_err": 0.0,
    "attr_err": 0.3903321129539432
  },
  "nd_score": 0.1129328087275699,
  "eval_time": 87.28672957420349,
  "meta": {
    "use_camera": false,
    "use_lidar": false,
    "use_radar": false,
    "use_map": false,
    "use_external": false
  }
}