{
  "label_aps": {
    "car": {
      "0.5": 0.0,
      "1.0": 0.06561927244494682,
      "2.0": 0.2497259500194344,
      "4.0": 0.4434467137437694
    },
    "truck": {
      "0.5": 0.0,
      "1.0": 0.0,
      "2.0": 0.00099262290954339,
      "4.0": 0.009240637233368756
    },
    "bus": {
      "0.5": 0.0,
      "1.0": 0.0034804356415582046,
      "2.0": 0.07420914642688665,
      "4.0": 0.18170776330336988
    },
    "trailer": {
      "0.5": 0.0,
      "1.0": 0.0,
      "2.0": 0.0,
      "4.0": 0.00041318889857785583
    },
    "construction_vehicle": {
      "0.5": 0.0,
      "1.0": 0.0,
      "2.0": 0.0,
      "4.0": 0.0
    },
    "pedestrian": {
      "0.5": 0.0,
      "1.0": 0.001349735481613311,
      "2.0": 0.043058642126006415,
      "4.0": 0.14166571747615572
    },
    "motorcycle": {
      "0.5": 0.0,
      "1.0": 0.0,
      "2.0": 0.0,
      "4.0": 0.0
    },
    "bicycle": {
      "0.5": 0.0,
      "1.0": 0.0,
      "2.0": 0.0,
      "4.0": 0.0
    },
    "traffic_cone": {
      "0.5": 0.0,
      "1.0": 0.0,
      "2.0": 0.0020194302993585987,
      "4.0": 0.03153436681970658
    },
    "barrier": {
      "0.5": 0.0,
      "1.0": 0.00978084102811926,
      "2.0": 0.12387896573049403,
      "4.0": 0.33863722675464414
    }
  },
  "mean_dist_aps": {
    "car": 0.18969798405203767,
    "truck": 0.0025583150357280367,
    "bus": 0.06484933634295369,
    "trailer": 0.00010329722464446396,
    "construction_vehicle": 0.0,
    "pedestrian": 0.04651852377094386,
    "motorcycle": 0.0,
    "bicycle": 0.0,
    "traffic_cone": 0.008388449279766294,
    "barrier": 0.11807425837831437
  },
  "mean_ap": 0.04301901640843883,
  "label_tp_errors": {
    "car": {
      "trans_err": 0.9311092865150746,
      "scale_err": 0.22063710210344642,
      "orient_err": 0.7287437728484277,
      "vel_err": 1.0,
      "attr_err": 0.4484244469839979
    },
    "truck": {
      "trans_err": 1.0760902166625474,
      "scale_err": 0.35626521993036475,
      "orient_err": 0.9974416450598247,
      "vel_err": 1.0,
      "attr_err": 0.28094447056435756
    },
    "bus": {
      "trans_err": 1.0504745163413869,
      "scale_err": 0.22564184319025168,
      "orient_err": 0.8075227723442314,
      "vel_err": 1.0,
      "attr_err": 0.8656878986962532
    },
    "trailer": {
      "trans_err": 1.2935936259327603,
      "scale_err": 0.3147253997072302,
      "orient_err": 1.6853788387330089,
      "vel_err": 1.0,
      "attr_err": 0.14215730823828274
    },
    "construction_vehicle": {
      "trans_err": 1.0,
      "scale_err": 1.0,
      "orient_err": 1.0,
      "vel_err": 1.0,
      "attr_err": 1.0
    },
    "pedestrian": {
      "trans_err": 1.1299189189568979,
      "scale_err": 0.3951010039414786,
      "orient_err": 1.6135088531952713,
      "vel_err": 1.0,
      "attr_err": 0.25375590116000457
    },
    "motorcycle": {
      "trans_err": 1.0,
      "scale_err": 1.0,
      "orient_err": 1.0,
      "vel_err": 1.0,
      "attr_err": 1.0
    },
    "bicycle": {
      "trans_err": 1.0,
      "scale_err": 1.0,
      "orient_err": 1.0,
      "vel_err": 1.0,
      "attr_err": 1.0
    },
    "traffic_cone": {
      "trans_err": 1.2364459991288292,
      "scale_err": 0.5848702801219923,
      "orient_err": NaN,
      "vel_err": NaN,
      "attr_err": NaN
    },
    "barrier": {
      "trans_err": 1.1236671519824486,
      "scale_err": 0.3979629892708418,
      "orient_err": 0.29074004923253205,
      "vel_err": NaN,
      "attr_err": NaN
    }
  },
  "tp_errors": {
    "trans_err": 1.0841299715519945,
    "scale_err": 0.5495203838265605,
    "orient_err": 1.0137039923792552,
    "vel_err": 1.0,
    "attr_err": 0.623871253205362
  },
  "tp_scores": {
    "trans_err": 0.0,
    "scale_err": 0.45047961617343946,
    "orient_err": 0.0,
    "vel_err": 0.0,
    "attr_err": 0.37612874679463804
  },
  "nd_score": 0.10417034450102716,
  "eval_time": 98.74822068214417,
  "meta": {
    "use_camera": false,
    "use_lidar": false,
    "use_radar": false,
    "use_map": false,
    "use_external": false
  }
}