{
  "label_aps": {
    "car": {
      "0.5": 0.09078415833272079,
      "1.0": 0.28352828312462075,
      "2.0": 0.423398216343122,
      "4.0": 0.5022752499092946
    },
    "truck": {
      "0.5": 0.0,
      "1.0": 0.007355717756525995,
      "2.0": 0.04575639694794973,
      "4.0": 0.0764167138034419
    },
    "bus": {
      "0.5": 0.0,
      "1.0": 0.020178979531495212,
      "2.0": 0.13093856626875075,
      "4.0": 0.2794732257806472
    },
    "trailer": {
      "0.5": 0.0,
      "1.0": 0.0,
      "2.0": 0.0,
      "4.0": 0.0060564203749486015
    },
    "construction_vehicle": {
      "0.5": 0.0,
      "1.0": 0.0,
      "2.0": 0.0,
      "4.0": 0.0013818185463243546
    },
    "pedestrian": {
      "0.5": 0.03210447472377337,
      "1.0": 0.15053550280297168,
      "2.0": 0.23376118541045995,
      "4.0": 0.28286046830629646
    },
    "motorcycle": {
      "0.5": 0.0,
      "1.0": 0.0,
      "2.0": 0.0,
      "4.0": 0.0
    },
    "bicycle": {
      "0.5": 0.0,
      "1.0": 0.0,
      "2.0": 0.0,
      "4.0": 0.0
    },
    "traffic_cone": {
      "0.5": 0.0,
      "1.0": 0.0038411215393953004,
      "2.0": 0.03760769644812564,
      "4.0": 0.08103496686621747
    },
    "barrier": {
      "0.5": 0.0015265093124434055,
      "1.0": 0.0865870744822714,
      "2.0": 0.2813457054718267,
      "4.0": 0.36601689423962525
    }
  },
  "mean_dist_aps": {
    "car": 0.32499647692743955,
    "truck": 0.0323822071269794,
    "bus": 0.1076476928952233,
    "trailer": 0.0015141050937371504,
    "construction_vehicle": 0.00034545463658108865,
    "pedestrian": 0.17481540781087535,
    "motorcycle": 0.0,
    "bicycle": 0.0,
    "traffic_cone": 0.030620946213434603,
    "barrier": 0.18386904587654168
  },
  "mean_ap": 0.0856191336580812,
  "label_tp_errors": {
    "car": {
      "trans_err": 0.5919910305222188,
      "scale_err": 0.18868011175021857,
      "orient_err": 0.9012350638980217,
      "vel_err": 1.0,
      "attr_err": 0.44716129650066294
    },
    "truck": {
      "trans_err": 0.8371560998058717,
      "scale_err": 0.33572335582346274,
      "orient_err": 0.8698087029427931,
      "vel_err": 1.0,
      "attr_err": 0.3733748216580823
    },
    "bus": {
      "trans_err": 0.9165840453405381,
      "scale_err": 0.1916686005460301,
      "orient_err": 1.0146438024136666,
      "vel_err": 1.0,
      "attr_err": 0.8015792458360818
    },
    "trailer": {
      "trans_err": 1.1483395519384991,
      "scale_err": 0.2034754106326874,
      "orient_err": 1.7229951826012906,
      "vel_err": 1.0,
      "attr_err": 0.14671606422780262
    },
    "construction_vehicle": {
      "trans_err": 1.0,
      "scale_err": 1.0,
      "orient_err": 1.0,
      "vel_err": 1.0,
      "attr_err": 1.0
    },
    "pedestrian": {
      "trans_err": 0.7158822548975139,
      "scale_err": 0.3242033858085153,
      "orient_err": 1.4992957961199271,
      "vel_err": 1.0,
      "attr_err": 0.17317107826060005
    },
    "motorcycle": {
      "trans_err": 1.0,
      "scale_err": 1.0,
      "orient_err": 1.0,
      "vel_err": 1.0,
      "attr_err": 1.0
    },
    "bicycle": {
      "trans_err": 1.0,
      "scale_err": 1.0,
      "orient_err": 1.0,
      "vel_err": 1.0,
      "attr_err": 1.0
    },
    "traffic_cone": {
      "trans_err": 0.9491655044927572,
      "scale_err": 0.5520176684299118,
      "orient_err": NaN,
      "vel_err": NaN,
      "attr_err": NaN
    },
    "barrier": {
      "trans_err": 0.8943160191561438,
      "scale_err": 0.40714480953923254,
      "orient_err": 0.20467514599645353,
      "vel_err": NaN,
      "attr_err": NaN
    }
  },
  "tp_errors": {
    "trans_err": 0.9053434506153542,
    "scale_err": 0.5202913342530058,
    "orient_err": 1.0236281882191283,
    "vel_err": 1.0,
    "attr_err": 0.6177503133104036
  },
  "tp_scores": {
    "trans_err": 0.09465654938464585,
    "scale_err": 0.4797086657469942,
    "orient_err": 0.0,
    "vel_err": 0.0,
    "attr_err": 0.38224968668959636
  },
  "nd_score": 0.13847105701116424,
  "eval_time": 105.08366298675537,
  "meta": {
    "use_camera": false,
    "use_lidar": false,
    "use_radar": false,
    "use_map": false,
    "use_external": false
  }
}