{
  "label_aps": {
    "car": {
      "0.5": 0.0,
      "1.0": 0.06528620868985713,
      "2.0": 0.25295422275948176,
      "4.0": 0.4128130964218353
    },
    "truck": {
      "0.5": 0.0,
      "1.0": 0.0,
      "2.0": 0.008195615518179433,
      "4.0": 0.020060319082156372
    },
    "bus": {
      "0.5": 0.0,
      "1.0": 0.003375221577968214,
      "2.0": 0.04545209395244378,
      "4.0": 0.18898877133104494
    },
    "trailer": {
      "0.5": 0.0,
      "1.0": 0.0,
      "2.0": 0.0,
      "4.0": 0.0050604697468824
    },
    "construction_vehicle": {
      "0.5": 0.0,
      "1.0": 0.0,
      "2.0": 0.0,
      "4.0": 0.0
    },
    "pedestrian": {
      "0.5": 0.0,
      "1.0": 0.0,
      "2.0": 6.972089848096193e-05,
      "4.0": 0.01717131904155713
    },
    "motorcycle": {
      "0.5": 0.0,
      "1.0": 0.0,
      "2.0": 0.0,
      "4.0": 0.0
    },
    "bicycle": {
      "0.5": 0.0,
      "1.0": 0.0,
      "2.0": 0.0,
      "4.0": 0.0
    },
    "traffic_cone": {
      "0.5": 0.0,
      "1.0": 0.0,
      "2.0": 0.0,
      "4.0": 0.005446655717387523
    },
    "barrier": {
      "0.5": 0.0,
      "1.0": 0.008264637307150387,
      "2.0": 0.09951988586504033,
      "4.0": 0.27861556669187754
    }
  },
  "mean_dist_aps": {
    "car": 0.18276338196779354,
    "truck": 0.007063983650083951,
    "bus": 0.059454021715364236,
    "trailer": 0.0012651174367206,
    "construction_vehicle": 0.0,
    "pedestrian": 0.004310259985009523,
    "motorcycle": 0.0,
    "bicycle": 0.0,
    "traffic_cone": 0.0013616639293468809,
    "barrier": 0.09660002246601707
  },
  "mean_ap": 0.03528184511503358,
  "label_tp_errors": {
    "car": {
      "trans_err": 0.93336250219816,
      "scale_err": 0.20887489946281904,
      "orient_err": 1.3325562438528025,
      "vel_err": 1.0,
      "attr_err": 0.44078851346576103
    },
    "truck": {
      "trans_err": 1.0288877773596017,
      "scale_err": 0.3652059883206367,
      "orient_err": 1.4995883276926483,
      "vel_err": 1.0,
      "attr_err": 0.2933838062541065
    },
    "bus": {
      "trans_err": 0.9744260380687372,
      "scale_err": 0.22268501194259865,
      "orient_err": 1.4796117766367893,
      "vel_err": 1.0,
      "attr_err": 0.8415728731933104
    },
    "trailer": {
      "trans_err": 1.1919266793971677,
      "scale_err": 0.24730553622758444,
      "orient_err": 1.7734202305973545,
      "vel_err": 1.0,
      "attr_err": 0.13508547340118268
    },
    "construction_vehicle": {
      "trans_err": 1.0,
      "scale_err": 1.0,
      "orient_err": 1.0,
      "vel_err": 1.0,
      "attr_err": 1.0
    },
    "pedestrian": {
      "trans_err": 1.1824535257734878,
      "scale_err": 0.44990195730807286,
      "orient_err": 1.5691790101077046,
      "vel_err": 1.0,
      "attr_err": 0.33979373969970794
    },
    "motorcycle": {
      "trans_err": 1.0,
      "scale_err": 1.0,
      "orient_err": 1.0,
      "vel_err": 1.0,
      "attr_err": 1.0
    },
    "bicycle": {
      "trans_err": 1.0,
      "scale_err": 1.0,
      "orient_err": 1.0,
      "vel_err": 1.0,
      "attr_err": 1.0
    },
    "traffic_cone": {
      "trans_err": 1.2157999463735887,
      "scale_err": 0.5974091963340237,
      "orient_err": NaN,
      "vel_err": NaN,
      "attr_err": NaN
    },
    "barrier": {
      "trans_err": 1.1503948511767041,
      "scale_err": 0.48953905981445417,
      "orient_err": 0.3918884948808691,
      "vel_err": NaN,
      "attr_err": NaN
    }
  },
  "tp_errors": {
    "trans_err": 1.0677251320347447,
    "scale_err": 0.558092164941019,
    "orient_err": 1.2273604537520186,
    "vel_err": 1.0,
    "attr_err": 0.6313280507517586
  },
  "tp_scores": {
    "trans_err": 0.0,
    "scale_err": 0.441907835058981,
    "orient_err": 0.0,
    "vel_err": 0.0,
    "attr_err": 0.3686719492482414
  },
  "nd_score": 0.09869890098823904,
  "eval_time": 102.83636116981506,
  "meta": {
    "use_camera": false,
    "use_lidar": false,
    "use_radar": false,
    "use_map": false,
    "use_external": false
  }
}