{
  "label_aps": {
    "car": {
      "0.5": 0.0,
      "1.0": 0.02233053266084222,
      "2.0": 0.1656422744405944,
      "4.0": 0.34177835304962456
    },
    "truck": {
      "0.5": 0.0,
      "1.0": 0.0,
      "2.0": 0.004286545454712272,
      "4.0": 0.01856033809534145
    },
    "bus": {
      "0.5": 0.0,
      "1.0": 0.00021772690351421978,
      "2.0": 0.030469021397322545,
      "4.0": 0.13419442097075335
    },
    "trailer": {
      "0.5": 0.0,
      "1.0": 0.0,
      "2.0": 0.0,
      "4.0": 0.0
    },
    "construction_vehicle": {
      "0.5": 0.0,
      "1.0": 0.0,
      "2.0": 0.0,
      "4.0": 0.0
    },
    "pedestrian": {
      "0.5": 0.0,
      "1.0": 0.0,
      "2.0": 0.0,
      "4.0": 0.007811101589719598
    },
    "motorcycle": {
      "0.5": 0.0,
      "1.0": 0.0,
      "2.0": 0.0,
      "4.0": 0.0
    },
    "bicycle": {
      "0.5": 0.0,
      "1.0": 0.0,
      "2.0": 0.0,
      "4.0": 0.0
    },
    "traffic_cone": {
      "0.5": 0.0,
      "1.0": 0.0,
      "2.0": 0.0,
      "4.0": 0.0005566835831777905
    },
    "barrier": {
      "0.5": 0.0,
      "1.0": 0.0034173508716195755,
      "2.0": 0.07589565930562624,
      "4.0": 0.2808194699535256
    }
  },
  "mean_dist_aps": {
    "car": 0.1324377900377653,
    "truck": 0.005711720887513431,
    "bus": 0.041220292317897526,
    "trailer": 0.0,
    "construction_vehicle": 0.0,
    "pedestrian": 0.0019527753974298994,
    "motorcycle": 0.0,
    "bicycle": 0.0,
    "traffic_cone": 0.00013917089579444764,
    "barrier": 0.09003312003269284
  },
  "mean_ap": 0.027149486956909347,
  "label_tp_errors": {
    "car": {
      "trans_err": 1.0449481190122005,
      "scale_err": 0.20390403118716022,
      "orient_err": 1.2058628073907736,
      "vel_err": 1.0,
      "attr_err": 0.4299075827091018
    },
    "truck": {
      "trans_err": 1.0806615894418674,
      "scale_err": 0.39786678312568863,
      "orient_err": 1.2329463861023116,
      "vel_err": 1.0,
      "attr_err": 0.26733654816686064
    },
    "bus": {
      "trans_err": 1.0483192891330526,
      "scale_err": 0.2513885563056965,
      "orient_err": 1.1331422343239916,
      "vel_err": 1.0,
      "attr_err": 0.8245234257544626
    },
    "trailer": {
      "trans_err": 1.168919837170424,
      "scale_err": 0.39344340544955336,
      "orient_err": 1.5283992952411167,
      "vel_err": 1.0,
      "attr_err": 0.1865424430641822
    },
    "construction_vehicle": {
      "trans_err": 1.0,
      "scale_err": 1.0,
      "orient_err": 1.0,
      "vel_err": 1.0,
      "attr_err": 1.0
    },
    "pedestrian": {
      "trans_err": 1.2664319986166064,
      "scale_err": 0.4801576538585498,
      "orient_err": 1.5442975973065836,
      "vel_err": 1.0,
      "attr_err": 0.3212760317745501
    },
    "motorcycle": {
      "trans_err": 1.0,
      "scale_err": 1.0,
      "orient_err": 1.0,
      "vel_err": 1.0,
      "attr_err": 1.0
    },
    "bicycle": {
      "trans_err": 1.0,
      "scale_err": 1.0,
      "orient_err": 1.0,
      "vel_err": 1.0,
      "attr_err": 1.0
    },
    "traffic_cone": {
      "trans_err": 1.0,
      "scale_err": 1.0,
      "orient_err": NaN,
      "vel_err": NaN,
      "attr_err": NaN
    },
    "barrier": {
      "trans_err": 1.172048001902705,
      "scale_err": 0.4417941657597621,
      "orient_err": 0.6296918090359122,
      "vel_err": NaN,
      "attr_err": NaN
    }
  },
  "tp_errors": {
    "trans_err": 1.0781328835276855,
    "scale_err": 0.6168554595686411,
    "orient_err": 1.1415933477111875,
    "vel_err": 1.0,
    "attr_err": 0.6286982539336446
  },
  "tp_scores": {
    "trans_err": 0.0,
    "scale_err": 0.3831445404313589,
    "orient_err": 0.0,
    "vel_err": 0.0,
    "attr_err": 0.37130174606635535
  },
  "nd_score": 0.08901937212822611,
  "eval_time": 109.33891654014587,
  "meta": {
    "use_camera": false,
    "use_lidar": false,
    "use_radar": false,
    "use_map": false,
    "use_external": false
  }
}