{
  "label_aps": {
    "car": {
      "0.5": 0.10053496630151704,
      "1.0": 0.2930241492625193,
      "2.0": 0.4264524895816877,
      "4.0": 0.48729540433513574
    },
    "truck": {
      "0.5": 0.0,
      "1.0": 0.017947635411740145,
      "2.0": 0.07366577049560871,
      "4.0": 0.10469188664276993
    },
    "bus": {
      "0.5": 0.0,
      "1.0": 0.01858282776685461,
      "2.0": 0.14243178367111803,
      "4.0": 0.1709618123078414
    },
    "trailer": {
      "0.5": 0.0,
      "1.0": 0.0,
      "2.0": 0.0,
      "4.0": 0.0018954775141479072
    },
    "construction_vehicle": {
      "0.5": 0.0,
      "1.0": 0.0,
      "2.0": 0.0,
      "4.0": 0.0037352696283340123
    },
    "pedestrian": {
      "0.5": 0.018532016776977536,
      "1.0": 0.10956352168494819,
      "2.0": 0.16909002351717545,
      "4.0": 0.20983729289557143
    },
    "motorcycle": {
      "0.5": 0.0,
      "1.0": 0.0,
      "2.0": 0.0,
      "4.0": 0.0
    },
    "bicycle": {
      "0.5": 0.0,
      "1.0": 0.0,
      "2.0": 0.0,
      "4.0": 0.0
    },
    "traffic_cone": {
      "0.5": 0.0,
      "1.0": 0.008671691219002348,
      "2.0": 0.03688162404680972,
      "4.0": 0.08359768828322953
    },
    "barrier": {
      "0.5": 0.000487808538489166,
      "1.0": 0.06778369122876976,
      "2.0": 0.235750144245359,
      "4.0": 0.32229158825868043
    }
  },
  "mean_dist_aps": {
    "car": 0.32682675237021497,
    "truck": 0.0490763231375297,
    "bus": 0.08299410593645351,
    "trailer": 0.0004738693785369768,
    "construction_vehicle": 0.0009338174070835031,
    "pedestrian": 0.12675571371866814,
    "motorcycle": 0.0,
    "bicycle": 0.0,
    "traffic_cone": 0.032287750887260394,
    "barrier": 0.15657830806782458
  },
  "mean_ap": 0.07759266409035719,
  "label_tp_errors": {
    "car": {
      "trans_err": 0.5728814264313024,
      "scale_err": 0.19657655718091982,
      "orient_err": 0.6640446870217014,
      "vel_err": 1.0,
      "attr_err": 0.42096153570938044
    },
    "truck": {
      "trans_err": 0.8273761158979709,
      "scale_err": 0.2685297472414432,
      "orient_err": 0.9418007336938535,
      "vel_err": 1.0,
      "attr_err": 0.310336925213643
    },
    "bus": {
      "trans_err": 0.8965061749192508,
      "scale_err": 0.21558708562205,
      "orient_err": 1.1987264929526182,
      "vel_err": 1.0,
      "attr_err": 0.7584822964701047
    },
    "trailer": {
      "trans_err": 1.1378462397767903,
      "scale_err": 0.24918053319622332,
      "orient_err": 1.65167805245953,
      "vel_err": 1.0,
      "attr_err": 0.12434666498867078
    },
    "construction_vehicle": {
      "trans_err": 1.0532953147955293,
      "scale_err": 0.5676151243139762,
      "orient_err": 1.739955428404078,
      "vel_err": 1.0,
      "attr_err": 0.36046511627906974
    },
    "pedestrian": {
      "trans_err": 0.7233545344960424,
      "scale_err": 0.33942427354990773,
      "orient_err": 1.5801607780116913,
      "vel_err": 1.0,
      "attr_err": 0.19018947131749622
    },
    "motorcycle": {
      "trans_err": 1.0,
      "scale_err": 1.0,
      "orient_err": 1.0,
      "vel_err": 1.0,
      "attr_err": 1.0
    },
    "bicycle": {
      "trans_err": 1.0,
      "scale_err": 1.0,
      "orient_err": 1.0,
      "vel_err": 1.0,
      "attr_err": 1.0
    },
    "traffic_cone": {
      "trans_err": 0.9366134702062432,
      "scale_err": 0.5157471751562368,
      "orient_err": NaN,
      "vel_err": NaN,
      "attr_err": NaN
    },
    "barrier": {
      "trans_err": 0.9196451982153198,
      "scale_err": 0.4024183884900494,
      "orient_err": 0.235295688152399,
      "vel_err": NaN,
      "attr_err": NaN
    }
  },
  "tp_errors": {
    "trans_err": 0.906751847473845,
    "scale_err": 0.4755078884750807,
    "orient_err": 1.1124068734106525,
    "vel_err": 1.0,
    "attr_err": 0.5205977512472956
  },
  "tp_scores": {
    "trans_err": 0.09324815252615504,
    "scale_err": 0.5244921115249193,
    "orient_err": 0.0,
    "vel_err": 0.0,
    "attr_err": 0.47940224875270443
  },
  "nd_score": 0.1485105833255565,
  "eval_time": 105.12036156654358,
  "meta": {
    "use_camera": false,
    "use_lidar": false,
    "use_radar": false,
    "use_map": false,
    "use_external": false
  }
}