{
  "label_aps": {
    "car": {
      "0.5": 0.0002969517972464441,
      "1.0": 0.08974857317099295,
      "2.0": 0.30196236108481433,
      "4.0": 0.5007403282076902
    },
    "truck": {
      "0.5": 0.0,
      "1.0": 0.0,
      "2.0": 0.018845723228201446,
      "4.0": 0.04971451630016724
    },
    "bus": {
      "0.5": 0.0,
      "1.0": 0.033227047943717086,
      "2.0": 0.1544250674183059,
      "4.0": 0.3081222836277692
    },
    "trailer": {
      "0.5": 0.0,
      "1.0": 0.0,
      "2.0": 0.00045750550107021037,
      "4.0": 0.020002596595151453
    },
    "construction_vehicle": {
      "0.5": 0.0,
      "1.0": 0.0,
      "2.0": 0.0,
      "4.0": 0.0
    },
    "pedestrian": {
      "0.5": 0.0,
      "1.0": 0.011382347849763613,
      "2.0": 0.0910308349221201,
      "4.0": 0.20543804134470195
    },
    "motorcycle": {
      "0.5": 0.0,
      "1.0": 0.0,
      "2.0": 0.0,
      "4.0": 0.0
    },
    "bicycle": {
      "0.5": 0.0,
      "1.0": 0.0,
      "2.0": 0.0,
      "4.0": 0.0
    },
    "traffic_cone": {
      "0.5": 0.0,
      "1.0": 0.0,
      "2.0": 0.008469800123099076,
      "4.0": 0.06174461411144774
    },
    "barrier": {
      "0.5": 0.0,
      "1.0": 0.01869587456866314,
      "2.0": 0.13614463348503908,
      "4.0": 0.3446233414479807
    }
  },
  "mean_dist_aps": {
    "car": 0.22318705356518598,
    "truck": 0.01714005988209217,
    "bus": 0.12394359974744805,
    "trailer": 0.005115025524055416,
    "construction_vehicle": 0.0,
    "pedestrian": 0.07696280602914642,
    "motorcycle": 0.0,
    "bicycle": 0.0,
    "traffic_cone": 0.017553603558636704,
    "barrier": 0.12486596237542072
  },
  "mean_ap": 0.058876811068198545,
  "label_tp_errors": {
    "car": {
      "trans_err": 0.899312523414805,
      "scale_err": 0.21096627760679468,
      "orient_err": 0.675527783146026,
      "vel_err": 1.0,
      "attr_err": 0.43158034120535393
    },
    "truck": {
      "trans_err": 0.9766438738534728,
      "scale_err": 0.30443663895171896,
      "orient_err": 0.8298900004291289,
      "vel_err": 1.0,
      "attr_err": 0.3238245431507951
    },
    "bus": {
      "trans_err": 0.9445808339610642,
      "scale_err": 0.1851229794491746,
      "orient_err": 0.9460240190559936,
      "vel_err": 1.0,
      "attr_err": 0.8579660224083304
    },
    "trailer": {
      "trans_err": 1.22195512007169,
      "scale_err": 0.272198794730705,
      "orient_err": 1.5703889159093922,
      "vel_err": 1.0,
      "attr_err": 0.09453011598580144
    },
    "construction_vehicle": {
      "trans_err": 1.0,
      "scale_err": 1.0,
      "orient_err": 1.0,
      "vel_err": 1.0,
      "attr_err": 1.0
    },
    "pedestrian": {
      "trans_err": 1.070033113829441,
      "scale_err": 0.38773173941225014,
      "orient_err": 1.5661405969165216,
      "vel_err": 1.0,
      "attr_err": 0.19491948474024978
    },
    "motorcycle": {
      "trans_err": 1.0,
      "scale_err": 1.0,
      "orient_err": 1.0,
      "vel_err": 1.0,
      "attr_err": 1.0
    },
    "bicycle": {
      "trans_err": 1.0,
      "scale_err": 1.0,
      "orient_err": 1.0,
      "vel_err": 1.0,
      "attr_err": 1.0
    },
    "traffic_cone": {
      "trans_err": 1.2090013666252082,
      "scale_err": 0.5432328181241908,
      "orient_err": NaN,
      "vel_err": NaN,
      "attr_err": NaN
    },
    "barrier": {
      "trans_err": 1.0751276120469826,
      "scale_err": 0.3735342792179334,
      "orient_err": 0.31903589757273504,
      "vel_err": NaN,
      "attr_err": NaN
    }
  },
  "tp_errors": {
    "trans_err": 1.0396654443802662,
    "scale_err": 0.5277223527492767,
    "orient_err": 0.9896674681144219,
    "vel_err": 1.0,
    "attr_err": 0.6128525634363163
  },
  "tp_scores": {
    "trans_err": 0.0,
    "scale_err": 0.4722776472507233,
    "orient_err": 0.010332531885578145,
    "vel_err": 0.0,
    "attr_err": 0.38714743656368367
  },
  "nd_score": 0.11641416710409777,
  "eval_time": 101.58511447906494,
  "meta": {
    "use_camera": false,
    "use_lidar": false,
    "use_radar": false,
    "use_map": false,
    "use_external": false
  }
}