{
  "label_aps": {
    "car": {
      "0.5": 0.0,
      "1.0": 0.009538623707524825,
      "2.0": 0.11997760459712,
      "4.0": 0.2766938045542574
    },
    "truck": {
      "0.5": 0.0,
      "1.0": 0.0,
      "2.0": 0.0,
      "4.0": 0.009737082777192306
    },
    "bus": {
      "0.5": 0.0,
      "1.0": 0.0,
      "2.0": 0.00886054209945236,
      "4.0": 0.035932764571523695
    },
    "trailer": {
      "0.5": 0.0,
      "1.0": 0.0,
      "2.0": 0.0,
      "4.0": 0.0
    },
    "construction_vehicle": {
      "0.5": 0.0,
      "1.0": 0.0,
      "2.0": 0.0,
      "4.0": 0.0
    },
    "pedestrian": {
      "0.5": 0.0,
      "1.0": 0.0,
      "2.0": 0.0,
      "4.0": 0.0068414116369351335
    },
    "motorcycle": {
      "0.5": 0.0,
      "1.0": 0.0,
      "2.0": 0.0,
      "4.0": 0.0
    },
    "bicycle": {
      "0.5": 0.0,
      "1.0": 0.0,
      "2.0": 0.0,
      "4.0": 0.0
    },
    "traffic_cone": {
      "0.5": 0.0,
      "1.0": 0.0,
      "2.0": 0.0,
      "4.0": 0.0
    },
    "barrier": {
      "0.5": 0.0,
      "1.0": 0.0,
      "2.0": 0.013588705255977033,
      "4.0": 0.09181605163403915
    }
  },
  "mean_dist_aps": {
    "car": 0.10155250821472556,
    "truck": 0.0024342706942980766,
    "bus": 0.011198326667744014,
    "trailer": 0.0,
    "construction_vehicle": 0.0,
    "pedestrian": 0.0017103529092337834,
    "motorcycle": 0.0,
    "bicycle": 0.0,
    "traffic_cone": 0.0,
    "barrier": 0.026351189222504047
  },
  "mean_ap": 0.014324664770850547,
  "label_tp_errors": {
    "car": {
      "trans_err": 1.1105508257718424,
      "scale_err": 0.22768605955416124,
      "orient_err": 1.41722278906217,
      "vel_err": 1.0,
      "attr_err": 0.46997933153011073
    },
    "truck": {
      "trans_err": 1.1353408983139075,
      "scale_err": 0.3905180746891525,
      "orient_err": 1.2697489515801352,
      "vel_err": 1.0,
      "attr_err": 0.350387215542502
    },
    "bus": {
      "trans_err": 1.0531347138288405,
      "scale_err": 0.2707257937549129,
      "orient_err": 0.9362629653147306,
      "vel_err": 1.0,
      "attr_err": 0.8327370707348101
    },
    "trailer": {
      "trans_err": 1.3380106031991008,
      "scale_err": 0.3120114389092932,
      "orient_err": 1.5704189584728134,
      "vel_err": 1.0,
      "attr_err": 0.10669609881177411
    },
    "construction_vehicle": {
      "trans_err": 1.0,
      "scale_err": 1.0,
      "orient_err": 1.0,
      "vel_err": 1.0,
      "attr_err": 1.0
    },
    "pedestrian": {
      "trans_err": 1.2940450699747608,
      "scale_err": 0.555441906173547,
      "orient_err": 1.5530590596013676,
      "vel_err": 1.0,
      "attr_err": 0.2951683710907209
    },
    "motorcycle": {
      "trans_err": 1.0,
      "scale_err": 1.0,
      "orient_err": 1.0,
      "vel_err": 1.0,
      "attr_err": 1.0
    },
    "bicycle": {
      "trans_err": 1.0,
      "scale_err": 1.0,
      "orient_err": 1.0,
      "vel_err": 1.0,
      "attr_err": 1.0
    },
    "traffic_cone": {
      "trans_err": 1.0,
      "scale_err": 1.0,
      "orient_err": NaN,
      "vel_err": NaN,
      "attr_err": NaN
    },
    "barrier": {
      "trans_err": 1.2176429845579795,
      "scale_err": 0.5683148834059485,
      "orient_err": 0.5368930478297601,
      "vel_err": NaN,
      "attr_err": NaN
    }
  },
  "tp_errors": {
    "trans_err": 1.1148725095646432,
    "scale_err": 0.6324698156487015,
    "orient_err": 1.1426228635401086,
    "vel_err": 1.0,
    "attr_err": 0.6318710109637398
  },
  "tp_scores": {
    "trans_err": 0.0,
    "scale_err": 0.3675301843512985,
    "orient_err": 0.0,
    "vel_err": 0.0,
    "attr_err": 0.36812898903626023
  },
  "nd_score": 0.08072824972418115,
  "eval_time": 103.35444140434265,
  "meta": {
    "use_camera": false,
    "use_lidar": false,
    "use_radar": false,
    "use_map": false,
    "use_external": false
  }
}