{
  "label_aps": {
    "car": {
      "0.5": 0.0,
      "1.0": 0.059951135371756364,
      "2.0": 0.2508307194180597,
      "4.0": 0.4340619047916948
    },
    "truck": {
      "0.5": 0.0,
      "1.0": 0.0,
      "2.0": 0.0008455269747057476,
      "4.0": 0.010136347394554752
    },
    "bus": {
      "0.5": 0.0,
      "1.0": 0.011781931830536493,
      "2.0": 0.096380922180352,
      "4.0": 0.1961513408699884
    },
    "trailer": {
      "0.5": 0.0,
      "1.0": 0.0,
      "2.0": 0.0,
      "4.0": 0.001430141588692154
    },
    "construction_vehicle": {
      "0.5": 0.0,
      "1.0": 0.0,
      "2.0": 0.0,
      "4.0": 0.0
    },
    "pedestrian": {
      "0.5": 0.0,
      "1.0": 4.4363704300866016e-05,
      "2.0": 0.029414475877401695,
      "4.0": 0.10706380354469398
    },
    "motorcycle": {
      "0.5": 0.0,
      "1.0": 0.0,
      "2.0": 0.0,
      "4.0": 0.0
    },
    "bicycle": {
      "0.5": 0.0,
      "1.0": 0.0,
      "2.0": 0.0,
      "4.0": 0.0
    },
    "traffic_cone": {
      "0.5": 0.0,
      "1.0": 0.0,
      "2.0": 0.0,
      "4.0": 0.006482282778561822
    },
    "barrier": {
      "0.5": 0.0,
      "1.0": 0.0020849471543603415,
      "2.0": 0.05936923453661785,
      "4.0": 0.20979053601035316
    }
  },
  "mean_dist_aps": {
    "car": 0.1862109398953777,
    "truck": 0.002745468592315125,
    "bus": 0.07607854872021923,
    "trailer": 0.0003575353971730385,
    "construction_vehicle": 0.0,
    "pedestrian": 0.03413066078159914,
    "motorcycle": 0.0,
    "bicycle": 0.0,
    "traffic_cone": 0.0016205706946404554,
    "barrier": 0.06781117942533284
  },
  "mean_ap": 0.03689549035066575,
  "label_tp_errors": {
    "car": {
      "trans_err": 0.938043672142975,
      "scale_err": 0.2207492867678345,
      "orient_err": 0.7418175874099212,
      "vel_err": 1.0,
      "attr_err": 0.45101897702880617
    },
    "truck": {
      "trans_err": 1.1163094965614542,
      "scale_err": 0.35204089929444077,
      "orient_err": 1.0640006556477164,
      "vel_err": 1.0,
      "attr_err": 0.31871136465146044
    },
    "bus": {
      "trans_err": 0.9737045280801324,
      "scale_err": 0.21948349129806055,
      "orient_err": 0.8428739516912951,
      "vel_err": 1.0,
      "attr_err": 0.8370888060933392
    },
    "trailer": {
      "trans_err": 1.238367903212751,
      "scale_err": 0.29495148504686186,
      "orient_err": 1.6630117612599675,
      "vel_err": 1.0,
      "attr_err": 0.10541431475902224
    },
    "construction_vehicle": {
      "trans_err": 1.0,
      "scale_err": 1.0,
      "orient_err": 1.0,
      "vel_err": 1.0,
      "attr_err": 1.0
    },
    "pedestrian": {
      "trans_err": 1.1644351539345321,
      "scale_err": 0.41634665347119887,
      "orient_err": 1.612445104062321,
      "vel_err": 1.0,
      "attr_err": 0.23520609161554676
    },
    "motorcycle": {
      "trans_err": 1.0,
      "scale_err": 1.0,
      "orient_err": 1.0,
      "vel_err": 1.0,
      "attr_err": 1.0
    },
    "bicycle": {
      "trans_err": 1.0,
      "scale_err": 1.0,
      "orient_err": 1.0,
      "vel_err": 1.0,
      "attr_err": 1.0
    },
    "traffic_cone": {
      "trans_err": 1.2518365071216722,
      "scale_err": 0.6138679656898416,
      "orient_err": NaN,
      "vel_err": NaN,
      "attr_err": NaN
    },
    "barrier": {
      "trans_err": 1.1571329506589838,
      "scale_err": 0.4867482603437474,
      "orient_err": 0.3487961726521011,
      "vel_err": NaN,
      "attr_err": NaN
    }
  },
  "tp_errors": {
    "trans_err": 1.08398302117125,
    "scale_err": 0.5604188041911986,
    "orient_err": 1.0303272480803691,
    "vel_err": 1.0,
    "attr_err": 0.6184299442685219
  },
  "tp_scores": {
    "trans_err": 0.0,
    "scale_err": 0.4395811958088014,
    "orient_err": 0.0,
    "vel_err": 0.0,
    "attr_err": 0.38157005573147806
  },
  "nd_score": 0.10056287032936082,
  "eval_time": 104.72500681877136,
  "meta": {
    "use_camera": false,
    "use_lidar": false,
    "use_radar": false,
    "use_map": false,
    "use_external": false
  }
}