{
  "label_aps": {
    "car": {
      "0.5": 0.0006730234614019765,
      "1.0": 0.08821908108595942,
      "2.0": 0.3099602350667397,
      "4.0": 0.49734724177975637
    },
    "truck": {
      "0.5": 0.0,
      "1.0": 0.0,
      "2.0": 0.011944852878660912,
      "4.0": 0.03182398932037072
    },
    "bus": {
      "0.5": 0.0,
      "1.0": 0.0076334737418281675,
      "2.0": 0.1243901907254042,
      "4.0": 0.2756285224697595
    },
    "trailer": {
      "0.5": 0.0,
      "1.0": 0.0,
      "2.0": 0.0,
      "4.0": 0.018641830435301116
    },
    "construction_vehicle": {
      "0.5": 0.0,
      "1.0": 0.0,
      "2.0": 0.0,
      "4.0": 0.0
    },
    "pedestrian": {
      "0.5": 0.0,
      "1.0": 0.008963202800564724,
      "2.0": 0.08563515456634589,
      "4.0": 0.2071157250715491
    },
    "motorcycle": {
      "0.5": 0.0,
      "1.0": 0.0,
      "2.0": 0.0,
      "4.0": 0.0
    },
    "bicycle": {
      "0.5": 0.0,
      "1.0": 0.0,
      "2.0": 0.0,
      "4.0": 0.0
    },
    "traffic_cone": {
      "0.5": 0.0,
      "1.0": 0.0,
      "2.0": 0.012866821564848887,
      "4.0": 0.07368383492265411
    },
    "barrier": {
      "0.5": 0.0,
      "1.0": 0.012771487291110195,
      "2.0": 0.11916138810738348,
      "4.0": 0.34558011811386735
    }
  },
  "mean_dist_aps": {
    "car": 0.22404989534846437,
    "truck": 0.010942210549757908,
    "bus": 0.10191304673424798,
    "trailer": 0.004660457608825279,
    "construction_vehicle": 0.0,
    "pedestrian": 0.07542852060961493,
    "motorcycle": 0.0,
    "bicycle": 0.0,
    "traffic_cone": 0.02163766412187575,
    "barrier": 0.11937824837809026
  },
  "mean_ap": 0.055801004335087646,
  "label_tp_errors": {
    "car": {
      "trans_err": 0.9049076455748764,
      "scale_err": 0.20382737346276672,
      "orient_err": 0.6903071804284496,
      "vel_err": 1.0,
      "attr_err": 0.40948112373199397
    },
    "truck": {
      "trans_err": 0.997015315258699,
      "scale_err": 0.3597135380887908,
      "orient_err": 0.9805875872208146,
      "vel_err": 1.0,
      "attr_err": 0.33607750165652917
    },
    "bus": {
      "trans_err": 1.0516974324219261,
      "scale_err": 0.21660581173853755,
      "orient_err": 1.0776834316688078,
      "vel_err": 1.0,
      "attr_err": 0.8406344579410817
    },
    "trailer": {
      "trans_err": 1.2170578169741404,
      "scale_err": 0.2696766983207437,
      "orient_err": 1.467769563820179,
      "vel_err": 1.0,
      "attr_err": 0.14277004350030492
    },
    "construction_vehicle": {
      "trans_err": 1.0,
      "scale_err": 1.0,
      "orient_err": 1.0,
      "vel_err": 1.0,
      "attr_err": 1.0
    },
    "pedestrian": {
      "trans_err": 1.103952818376544,
      "scale_err": 0.3776263381386049,
      "orient_err": 1.469437990518499,
      "vel_err": 1.0,
      "attr_err": 0.2155006644015349
    },
    "motorcycle": {
      "trans_err": 1.0,
      "scale_err": 1.0,
      "orient_err": 1.0,
      "vel_err": 1.0,
      "attr_err": 1.0
    },
    "bicycle": {
      "trans_err": 1.0,
      "scale_err": 1.0,
      "orient_err": 1.0,
      "vel_err": 1.0,
      "attr_err": 1.0
    },
    "traffic_cone": {
      "trans_err": 1.1792588159137716,
      "scale_err": 0.6056281803624942,
      "orient_err": NaN,
      "vel_err": NaN,
      "attr_err": NaN
    },
    "barrier": {
      "trans_err": 1.0766053766862327,
      "scale_err": 0.4016687966187266,
      "orient_err": 0.3074108000464932,
      "vel_err": NaN,
      "attr_err": NaN
    }
  },
  "tp_errors": {
    "trans_err": 1.053049522120619,
    "scale_err": 0.5434746736730663,
    "orient_err": 0.9992440615225827,
    "vel_err": 1.0,
    "attr_err": 0.6180579739039306
  },
  "tp_scores": {
    "trans_err": 0.0,
    "scale_err": 0.45652532632693366,
    "orient_err": 0.0007559384774172839,
    "vel_err": 0.0,
    "attr_err": 0.3819420260960694
  },
  "nd_score": 0.11182283125758585,
  "eval_time": 96.18495488166809,
  "meta": {
    "use_camera": false,
    "use_lidar": false,
    "use_radar": false,
    "use_map": false,
    "use_external": false
  }
}