{
  "label_aps": {
    "car": {
      "0.5": 0.0,
      "1.0": 0.06795279326425745,
      "2.0": 0.2542926292442137,
      "4.0": 0.4483316675856004
    },
    "truck": {
      "0.5": 0.0,
      "1.0": 0.0,
      "2.0": 0.005833586200368459,
      "4.0": 0.021077566930840518
    },
    "bus": {
      "0.5": 0.0,
      "1.0": 0.013593052126500057,
      "2.0": 0.11190903495864137,
      "4.0": 0.22466748167000689
    },
    "trailer": {
      "0.5": 0.0,
      "1.0": 0.0,
      "2.0": 0.0,
      "4.0": 0.0003802166620644882
    },
    "construction_vehicle": {
      "0.5": 0.0,
      "1.0": 0.0,
      "2.0": 0.0,
      "4.0": 0.0
    },
    "pedestrian": {
      "0.5": 0.0,
      "1.0": 0.0012750201876471597,
      "2.0": 0.04215731455060158,
      "4.0": 0.13305729854355444
    },
    "motorcycle": {
      "0.5": 0.0,
      "1.0": 0.0,
      "2.0": 0.0,
      "4.0": 0.0
    },
    "bicycle": {
      "0.5": 0.0,
      "1.0": 0.0,
      "2.0": 0.0,
      "4.0": 0.0
    },
    "traffic_cone": {
      "0.5": 0.0,
      "1.0": 0.0,
      "2.0": 0.0002522427796088164,
      "4.0": 0.01876940406860278
    },
    "barrier": {
      "0.5": 0.0,
      "1.0": 0.011344489102940813,
      "2.0": 0.11987505091697796,
      "4.0": 0.3454926469897048
    }
  },
  "mean_dist_aps": {
    "car": 0.1926442725235179,
    "truck": 0.0067277882828022445,
    "bus": 0.08754239218878708,
    "trailer": 9.505416551612205e-05,
    "construction_vehicle": 0.0,
    "pedestrian": 0.04412240832045079,
    "motorcycle": 0.0,
    "bicycle": 0.0,
    "traffic_cone": 0.004755411712052899,
    "barrier": 0.1191780467524059
  },
  "mean_ap": 0.04550653739455329,
  "label_tp_errors": {
    "car": {
      "trans_err": 0.9187598012368947,
      "scale_err": 0.21149148214454475,
      "orient_err": 0.741728736933873,
      "vel_err": 1.0,
      "attr_err": 0.4303200103443547
    },
    "truck": {
      "trans_err": 0.9623919212357623,
      "scale_err": 0.32545197873501963,
      "orient_err": 1.024015408859933,
      "vel_err": 1.0,
      "attr_err": 0.28532728574226984
    },
    "bus": {
      "trans_err": 0.9925263195172416,
      "scale_err": 0.21210069942099163,
      "orient_err": 0.8341015203549171,
      "vel_err": 1.0,
      "attr_err": 0.8480715629536322
    },
    "trailer": {
      "trans_err": 1.2050064926421666,
      "scale_err": 0.30281569906832057,
      "orient_err": 1.6073909321021493,
      "vel_err": 1.0,
      "attr_err": 0.109695360095164
    },
    "construction_vehicle": {
      "trans_err": 1.0,
      "scale_err": 1.0,
      "orient_err": 1.0,
      "vel_err": 1.0,
      "attr_err": 1.0
    },
    "pedestrian": {
      "trans_err": 1.1204799128173262,
      "scale_err": 0.43827970502266894,
      "orient_err": 1.6053775525574248,
      "vel_err": 1.0,
      "attr_err": 0.23194579506942525
    },
    "motorcycle": {
      "trans_err": 1.0,
      "scale_err": 1.0,
      "orient_err": 1.0,
      "vel_err": 1.0,
      "attr_err": 1.0
    },
    "bicycle": {
      "trans_err": 1.0,
      "scale_err": 1.0,
      "orient_err": 1.0,
      "vel_err": 1.0,
      "attr_err": 1.0
    },
    "traffic_cone": {
      "trans_err": 1.2897530453114636,
      "scale_err": 0.6073849528312828,
      "orient_err": NaN,
      "vel_err": NaN,
      "attr_err": NaN
    },
    "barrier": {
      "trans_err": 1.140595961974827,
      "scale_err": 0.42895101780211187,
      "orient_err": 0.34594052846696266,
      "vel_err": NaN,
      "attr_err": NaN
    }
  },
  "tp_errors": {
    "trans_err": 1.0629513454735682,
    "scale_err": 0.5526475535024942,
    "orient_err": 1.01761718658614,
    "vel_err": 1.0,
    "attr_err": 0.6131700017756057
  },
  "tp_scores": {
    "trans_err": 0.0,
    "scale_err": 0.44735244649750583,
    "orient_err": 0.0,
    "vel_err": 0.0,
    "attr_err": 0.38682999822439434
  },
  "nd_score": 0.10617151316946667,
  "eval_time": 91.87382125854492,
  "meta": {
    "use_camera": false,
    "use_lidar": false,
    "use_radar": false,
    "use_map": false,
    "use_external": false
  }
}