{
  "label_aps": {
    "car": {
      "0.5": 0.14920964211120996,
      "1.0": 0.2704179469534938,
      "2.0": 0.33191391322040503,
      "4.0": 0.3902377480605482
    },
    "truck": {
      "0.5": 0.0,
      "1.0": 0.007131311454488414,
      "2.0": 0.021990887313023885,
      "4.0": 0.038864583093126355
    },
    "bus": {
      "0.5": 0.0,
      "1.0": 0.009833528585800999,
      "2.0": 0.060736677808491055,
      "4.0": 0.15506418787869955
    },
    "trailer": {
      "0.5": 0.0,
      "1.0": 0.0,
      "2.0": 0.0,
      "4.0": 0.0
    },
    "construction_vehicle": {
      "0.5": 0.0,
      "1.0": 0.0,
      "2.0": 0.0,
      "4.0": 0.0
    },
    "pedestrian": {
      "0.5": 0.08540705183592269,
      "1.0": 0.2123105660566515,
      "2.0": 0.24873626580162408,
      "4.0": 0.28981921625191503
    },
    "motorcycle": {
      "0.5": 0.0,
      "1.0": 0.0,
      "2.0": 0.0,
      "4.0": 0.0
    },
    "bicycle": {
      "0.5": 0.0,
      "1.0": 0.0,
      "2.0": 0.0,
      "4.0": 0.0
    },
    "traffic_cone": {
      "0.5": 0.001982318124243479,
      "1.0": 0.014427273569020667,
      "2.0": 0.025209350736512266,
      "4.0": 0.04739561798617806
    },
    "barrier": {
      "0.5": 0.0011643423539348125,
      "1.0": 0.06922132560847344,
      "2.0": 0.11106726728922216,
      "4.0": 0.1331018929817062
    }
  },
  "mean_dist_aps": {
    "car": 0.28544481258641424,
    "truck": 0.016996695465159663,
    "bus": 0.0564085985682479,
    "trailer": 0.0,
    "construction_vehicle": 0.0,
    "pedestrian": 0.2090682749865283,
    "motorcycle": 0.0,
    "bicycle": 0.0,
    "traffic_cone": 0.022253640103988618,
    "barrier": 0.07863870705833415
  },
  "mean_ap": 0.06688107287686729,
  "label_tp_errors": {
    "car": {
      "trans_err": 0.4576808286645567,
      "scale_err": 0.19181135239161184,
      "orient_err": 1.2509730717366845,
      "vel_err": 1.0,
      "attr_err": 0.34331295649943094
    },
    "truck": {
      "trans_err": 0.7310682972694438,
      "scale_err": 0.32140791072689007,
      "orient_err": 0.9083994492568378,
      "vel_err": 1.0,
      "attr_err": 0.3862410927048965
    },
    "bus": {
      "trans_err": 0.8360969236986892,
      "scale_err": 0.20248463774383565,
      "orient_err": 1.4132134603312572,
      "vel_err": 1.0,
      "attr_err": 0.8425035433982926
    },
    "trailer": {
      "trans_err": 0.9928675597403668,
      "scale_err": 0.23221343136769143,
      "orient_err": 1.798256726607381,
      "vel_err": 1.0,
      "attr_err": 0.16402868405393226
    },
    "construction_vehicle": {
      "trans_err": 1.0,
      "scale_err": 1.0,
      "orient_err": 1.0,
      "vel_err": 1.0,
      "attr_err": 1.0
    },
    "pedestrian": {
      "trans_err": 0.4734200912579713,
      "scale_err": 0.30948608497869184,
      "orient_err": 1.6308762644420747,
      "vel_err": 1.0,
      "attr_err": 0.16747520188784173
    },
    "motorcycle": {
      "trans_err": 1.0,
      "scale_err": 1.0,
      "orient_err": 1.0,
      "vel_err": 1.0,
      "attr_err": 1.0
    },
    "bicycle": {
      "trans_err": 1.0,
      "scale_err": 1.0,
      "orient_err": 1.0,
      "vel_err": 1.0,
      "attr_err": 1.0
    },
    "traffic_cone": {
      "trans_err": 0.6156578318851128,
      "scale_err": 0.5144564739644603,
      "orient_err": NaN,
      "vel_err": NaN,
      "attr_err": NaN
    },
    "barrier": {
      "trans_err": 0.772461030575234,
      "scale_err": 0.3746635996529462,
      "orient_err": 0.18761104011331012,
      "vel_err": NaN,
      "attr_err": NaN
    }
  },
  "tp_errors": {
    "trans_err": 0.7879252563091375,
    "scale_err": 0.5146523490826127,
    "orient_err": 1.1321477791652828,
    "vel_err": 1.0,
    "attr_err": 0.6129451848180493
  },
  "tp_scores": {
    "trans_err": 0.21207474369086254,
    "scale_err": 0.4853476509173873,
    "orient_err": 0.0,
    "vel_err": 0.0,
    "attr_err": 0.38705481518195073
  },
  "nd_score": 0.14188825741745367,
  "eval_time": 89.2584183216095,
  "meta": {
    "use_camera": false,
    "use_lidar": false,
    "use_radar": false,
    "use_map": false,
    "use_external": false
  }
}