{
  "label_aps": {
    "car": {
      "0.5": 0.4325646747591466,
      "1.0": 0.5924371151139142,
      "2.0": 0.6488996237953306,
      "4.0": 0.6841562160388879
    },
    "truck": {
      "0.5": 0.06597028265946436,
      "1.0": 0.1421923832363717,
      "2.0": 0.1877172958964762,
      "4.0": 0.20907905687432168
    },
    "bus": {
      "0.5": 0.04513429529829778,
      "1.0": 0.28000511303718445,
      "2.0": 0.4312821673217155,
      "4.0": 0.46197203186839625
    },
    "trailer": {
      "0.5": 0.0,
      "1.0": 0.021531062833005737,
      "2.0": 0.05797946134856055,
      "4.0": 0.07305859328427577
    },
    "construction_vehicle": {
      "0.5": 0.0,
      "1.0": 0.0,
      "2.0": 0.008941455610911853,
      "4.0": 0.02017256309241852
    },
    "pedestrian": {
      "0.5": 0.26647429223454683,
      "1.0": 0.38125068165411213,
      "2.0": 0.4271423490742674,
      "4.0": 0.4704715104195997
    },
    "motorcycle": {
      "0.5": 0.0,
      "1.0": 0.0021651639885888743,
      "2.0": 0.002862622727529897,
      "4.0": 0.00453246625254889
    },
    "bicycle": {
      "0.5": 0.0,
      "1.0": 0.0,
      "2.0": 0.0,
      "4.0": 0.0
    },
    "traffic_cone": {
      "0.5": 0.03787444135207389,
      "1.0": 0.07828835529374419,
      "2.0": 0.10518230987033027,
      "4.0": 0.14678062597171096
    },
    "barrier": {
      "0.5": 0.04862237923802425,
      "1.0": 0.31362385184155983,
      "2.0": 0.41276172912120385,
      "4.0": 0.4612614659152281
    }
  },
  "mean_dist_aps": {
    "car": 0.5895144074268198,
    "truck": 0.15123975466665848,
    "bus": 0.3045984018813985,
    "trailer": 0.038142279366460516,
    "construction_vehicle": 0.007278504675832593,
    "pedestrian": 0.38633470834563155,
    "motorcycle": 0.0023900632421669154,
    "bicycle": 0.0,
    "traffic_cone": 0.09203143312196482,
    "barrier": 0.309067356529004
  },
  "mean_ap": 0.18805969092559371,
  "label_tp_errors": {
    "car": {
      "trans_err": 0.3087736672973998,
      "scale_err": 0.16863152907573345,
      "orient_err": 0.47285700108661033,
      "vel_err": 1.0,
      "attr_err": 0.4460133996347963
    },
    "truck": {
      "trans_err": 0.46070369729133925,
      "scale_err": 0.22310069964809415,
      "orient_err": 0.3586383264507592,
      "vel_err": 1.0,
      "attr_err": 0.267963222353597
    },
    "bus": {
      "trans_err": 0.6281375526399459,
      "scale_err": 0.17979852885981937,
      "orient_err": 0.9755808680992395,
      "vel_err": 1.0,
      "attr_err": 0.8551497997450082
    },
    "trailer": {
      "trans_err": 0.7417834417288013,
      "scale_err": 0.20367110314350725,
      "orient_err": 1.5859503240905102,
      "vel_err": 1.0,
      "attr_err": 0.12813669820041973
    },
    "construction_vehicle": {
      "trans_err": 1.1520489209573979,
      "scale_err": 0.7209141082410536,
      "orient_err": 1.8027314892693589,
      "vel_err": 1.0,
      "attr_err": 0.5186363572261794
    },
    "pedestrian": {
      "trans_err": 0.3850496224972781,
      "scale_err": 0.2939590673077866,
      "orient_err": 1.5228389528765407,
      "vel_err": 1.0,
      "attr_err": 0.1909847592833846
    },
    "motorcycle": {
      "trans_err": 0.4754389479037922,
      "scale_err": 0.39601683023644507,
      "orient_err": 1.0487696615085011,
      "vel_err": 1.0,
      "attr_err": 0.8980992572066668
    },
    "bicycle": {
      "trans_err": 0.8805060110273625,
      "scale_err": 0.4841777650257142,
      "orient_err": 1.6968253446034647,
      "vel_err": 1.0,
      "attr_err": 0.014052834599220382
    },
    "traffic_cone": {
      "trans_err": 0.4833752105425393,
      "scale_err": 0.4449143889556657,
      "orient_err": NaN,
      "vel_err": NaN,
      "attr_err": NaN
    },
    "barrier": {
      "trans_err": 0.6950898744511045,
      "scale_err": 0.3267103937863397,
      "orient_err": 0.12357826362507258,
      "vel_err": NaN,
      "attr_err": NaN
    }
  },
  "tp_errors": {
    "trans_err": 0.6210906946336961,
    "scale_err": 0.3441894414280159,
    "orient_err": 1.0653078035122285,
    "vel_err": 1.0,
    "attr_err": 0.41487954103115904
  },
  "tp_scores": {
    "trans_err": 0.37890930536630385,
    "scale_err": 0.6558105585719841,
    "orient_err": 0.0,
    "vel_err": 0.0,
    "attr_err": 0.585120458968841
  },
  "nd_score": 0.25601387775350976,
  "eval_time": 89.06447339057922,
  "meta": {
    "use_camera": false,
    "use_lidar": false,
    "use_radar": false,
    "use_map": false,
    "use_external": false
  }
}