{
  "label_aps": {
    "car": {
      "0.5": 0.0,
      "1.0": 0.0003138976415200043,
      "2.0": 0.07289978985973875,
      "4.0": 0.2428269955066405
    },
    "truck": {
      "0.5": 0.0,
      "1.0": 0.0,
      "2.0": 0.0,
      "4.0": 0.0013001256058805723
    },
    "bus": {
      "0.5": 0.0,
      "1.0": 0.0,
      "2.0": 0.0,
      "4.0": 0.030862666482044745
    },
    "trailer": {
      "0.5": 0.0,
      "1.0": 0.0,
      "2.0": 0.0,
      "4.0": 0.0
    },
    "construction_vehicle": {
      "0.5": 0.0,
      "1.0": 0.0,
      "2.0": 0.0,
      "4.0": 0.0
    },
    "pedestrian": {
      "0.5": 0.0,
      "1.0": 0.0,
      "2.0": 0.0,
      "4.0": 0.0019827499012908915
    },
    "motorcycle": {
      "0.5": 0.0,
      "1.0": 0.0,
      "2.0": 0.0,
      "4.0": 0.0
    },
    "bicycle": {
      "0.5": 0.0,
      "1.0": 0.0,
      "2.0": 0.0,
      "4.0": 0.0
    },
    "traffic_cone": {
      "0.5": 0.0,
      "1.0": 0.0,
      "2.0": 0.0,
      "4.0": 0.0
    },
    "barrier": {
      "0.5": 0.0,
      "1.0": 0.0,
      "2.0": 0.0029745019439101524,
      "4.0": 0.030216047815461736
    }
  },
  "mean_dist_aps": {
    "car": 0.0790101707519748,
    "truck": 0.0003250314014701431,
    "bus": 0.007715666620511186,
    "trailer": 0.0,
    "construction_vehicle": 0.0,
    "pedestrian": 0.0004956874753227229,
    "motorcycle": 0.0,
    "bicycle": 0.0,
    "traffic_cone": 0.0,
    "barrier": 0.008297637439842971
  },
  "mean_ap": 0.00958441936891218,
  "label_tp_errors": {
    "car": {
      "trans_err": 1.1948066598491254,
      "scale_err": 0.23758167165029345,
      "orient_err": 1.3857605509740651,
      "vel_err": 1.0,
      "attr_err": 0.47069166122521344
    },
    "truck": {
      "trans_err": 1.2618425812966423,
      "scale_err": 0.45269102179996823,
      "orient_err": 1.5809084560066076,
      "vel_err": 1.0,
      "attr_err": 0.34446220306524905
    },
    "bus": {
      "trans_err": 1.2022465132403657,
      "scale_err": 0.2791599133614922,
      "orient_err": 1.396437338964478,
      "vel_err": 1.0,
      "attr_err": 0.8321318187345204
    },
    "trailer": {
      "trans_err": 1.3526467988073823,
      "scale_err": 0.3670558368953509,
      "orient_err": 1.7451257871738246,
      "vel_err": 1.0,
      "attr_err": 0.1062558976411508
    },
    "construction_vehicle": {
      "trans_err": 1.0,
      "scale_err": 1.0,
      "orient_err": 1.0,
      "vel_err": 1.0,
      "attr_err": 1.0
    },
    "pedestrian": {
      "trans_err": 1.2530000650502349,
      "scale_err": 0.6132403981267374,
      "orient_err": 1.5178126084691757,
      "vel_err": 1.0,
      "attr_err": 0.32056589606499836
    },
    "motorcycle": {
      "trans_err": 1.0,
      "scale_err": 1.0,
      "orient_err": 1.0,
      "vel_err": 1.0,
      "attr_err": 1.0
    },
    "bicycle": {
      "trans_err": 1.0,
      "scale_err": 1.0,
      "orient_err": 1.0,
      "vel_err": 1.0,
      "attr_err": 1.0
    },
    "traffic_cone": {
      "trans_err": 1.0,
      "scale_err": 1.0,
      "orient_err": NaN,
      "vel_err": NaN,
      "attr_err": NaN
    },
    "barrier": {
      "trans_err": 1.2125026491481754,
      "scale_err": 0.6232863844564365,
      "orient_err": 1.0288406726242902,
      "vel_err": NaN,
      "attr_err": NaN
    }
  },
  "tp_errors": {
    "trans_err": 1.1477045267391928,
    "scale_err": 0.6573015226290279,
    "orient_err": 1.2949872682458268,
    "vel_err": 1.0,
    "attr_err": 0.6342634345913916
  },
  "tp_scores": {
    "trans_err": 0.0,
    "scale_err": 0.34269847737097214,
    "orient_err": 0.0,
    "vel_err": 0.0,
    "attr_err": 0.36573656540860844
  },
  "nd_score": 0.07563571396241416,
  "eval_time": 119.64334440231323,
  "meta": {
    "use_camera": false,
    "use_lidar": false,
    "use_radar": false,
    "use_map": false,
    "use_external": false
  }
}