{
  "label_aps": {
    "car": {
      "0.5": 0.4004579894405516,
      "1.0": 0.5582691364023082,
      "2.0": 0.619051197317567,
      "4.0": 0.6566273552625311
    },
    "truck": {
      "0.5": 0.04600867447299279,
      "1.0": 0.10861917582339142,
      "2.0": 0.14132341923016803,
      "4.0": 0.16343749939118404
    },
    "bus": {
      "0.5": 0.046446495628879654,
      "1.0": 0.28914603495826574,
      "2.0": 0.4800140898216164,
      "4.0": 0.5182166328780599
    },
    "trailer": {
      "0.5": 0.0,
      "1.0": 0.0058443514837000785,
      "2.0": 0.0547238039711765,
      "4.0": 0.07570898353551825
    },
    "construction_vehicle": {
      "0.5": 0.0,
      "1.0": 0.0,
      "2.0": 0.0,
      "4.0": 0.0
    },
    "pedestrian": {
      "0.5": 0.2143025734221884,
      "1.0": 0.31321097781139223,
      "2.0": 0.35260200000557845,
      "4.0": 0.3952198436559362
    },
    "motorcycle": {
      "0.5": 0.0,
      "1.0": 0.0,
      "2.0": 0.0,
      "4.0": 0.0
    },
    "bicycle": {
      "0.5": 0.0,
      "1.0": 0.0,
      "2.0": 0.0,
      "4.0": 0.0
    },
    "traffic_cone": {
      "0.5": 0.02962345187109798,
      "1.0": 0.06277382918590142,
      "2.0": 0.08511193745140642,
      "4.0": 0.12502492940449023
    },
    "barrier": {
      "0.5": 0.02976425674617686,
      "1.0": 0.27159840464753776,
      "2.0": 0.3708842814283554,
      "4.0": 0.4182375060298638
    }
  },
  "mean_dist_aps": {
    "car": 0.5586014196057395,
    "truck": 0.11484719222943407,
    "bus": 0.3334558133217054,
    "trailer": 0.03406928474759871,
    "construction_vehicle": 0.0,
    "pedestrian": 0.31883384872377385,
    "motorcycle": 0.0,
    "bicycle": 0.0,
    "traffic_cone": 0.07563353697822402,
    "barrier": 0.27262111221298346
  },
  "mean_ap": 0.1708062207819459,
  "label_tp_errors": {
    "car": {
      "trans_err": 0.3200658407319364,
      "scale_err": 0.17103089065350058,
      "orient_err": 0.6302332186580791,
      "vel_err": 1.0,
      "attr_err": 0.4431855774512739
    },
    "truck": {
      "trans_err": 0.4701305989088581,
      "scale_err": 0.24376301900095615,
      "orient_err": 0.508392593527283,
      "vel_err": 1.0,
      "attr_err": 0.2809251279457139
    },
    "bus": {
      "trans_err": 0.6357970576676552,
      "scale_err": 0.1858606632830412,
      "orient_err": 1.5234226758551013,
      "vel_err": 1.0,
      "attr_err": 0.860091315786966
    },
    "trailer": {
      "trans_err": 0.9070985819391928,
      "scale_err": 0.2323553060626054,
      "orient_err": 1.5754856582660477,
      "vel_err": 1.0,
      "attr_err": 0.10398215743175669
    },
    "construction_vehicle": {
      "trans_err": 1.2033028586454597,
      "scale_err": 0.7685412932287415,
      "orient_err": 2.0100050687401927,
      "vel_err": 1.0,
      "attr_err": 0.4644652155975839
    },
    "pedestrian": {
      "trans_err": 0.39123179422247656,
      "scale_err": 0.2931752584254259,
      "orient_err": 1.5425942816655471,
      "vel_err": 1.0,
      "attr_err": 0.18914740888451143
    },
    "motorcycle": {
      "trans_err": 0.5478320254244146,
      "scale_err": 0.5335892324024308,
      "orient_err": 0.9259763197449447,
      "vel_err": 1.0,
      "attr_err": 0.7973240911779645
    },
    "bicycle": {
      "trans_err": 1.0,
      "scale_err": 1.0,
      "orient_err": 1.0,
      "vel_err": 1.0,
      "attr_err": 1.0
    },
    "traffic_cone": {
      "trans_err": 0.5087376134511391,
      "scale_err": 0.47424760203349564,
      "orient_err": NaN,
      "vel_err": NaN,
      "attr_err": NaN
    },
    "barrier": {
      "trans_err": 0.7184642111307946,
      "scale_err": 0.35268947919189875,
      "orient_err": 0.13862987401814708,
      "vel_err": NaN,
      "attr_err": NaN
    }
  },
  "tp_errors": {
    "trans_err": 0.6702660582121928,
    "scale_err": 0.4255252744282096,
    "orient_err": 1.0949710767194825,
    "vel_err": 1.0,
    "attr_err": 0.5173901117844713
  },
  "tp_scores": {
    "trans_err": 0.32973394178780724,
    "scale_err": 0.5744747255717904,
    "orient_err": 0.0,
    "vel_err": 0.0,
    "attr_err": 0.48260988821552875
  },
  "nd_score": 0.2240849659484856,
  "eval_time": 83.46606421470642,
  "meta": {
    "use_camera": false,
    "use_lidar": false,
    "use_radar": false,
    "use_map": false,
    "use_external": false
  }
}