{
  "label_aps": {
    "car": {
      "0.5": 0.0005477276098973485,
      "1.0": 0.08804807986385717,
      "2.0": 0.3108242612378393,
      "4.0": 0.5250220637736004
    },
    "truck": {
      "0.5": 0.0,
      "1.0": 0.0,
      "2.0": 0.013435206088488092,
      "4.0": 0.0360047088164662
    },
    "bus": {
      "0.5": 0.0,
      "1.0": 0.02711100164669519,
      "2.0": 0.13980572281146475,
      "4.0": 0.24279383373489566
    },
    "trailer": {
      "0.5": 0.0,
      "1.0": 0.0,
      "2.0": 0.0010694139889486807,
      "4.0": 0.014309715804897503
    },
    "construction_vehicle": {
      "0.5": 0.0,
      "1.0": 0.0,
      "2.0": 0.0,
      "4.0": 0.0
    },
    "pedestrian": {
      "0.5": 0.0,
      "1.0": 0.003659055313251425,
      "2.0": 0.06223303043883687,
      "4.0": 0.19105293577305096
    },
    "motorcycle": {
      "0.5": 0.0,
      "1.0": 0.0,
      "2.0": 0.0,
      "4.0": 0.0
    },
    "bicycle": {
      "0.5": 0.0,
      "1.0": 0.0,
      "2.0": 0.0,
      "4.0": 0.0
    },
    "traffic_cone": {
      "0.5": 0.0,
      "1.0": 0.0,
      "2.0": 0.009660394296226933,
      "4.0": 0.06596705535141335
    },
    "barrier": {
      "0.5": 0.0,
      "1.0": 0.00833784694923054,
      "2.0": 0.09311937496364987,
      "4.0": 0.27985955973511933
    }
  },
  "mean_dist_aps": {
    "car": 0.23111053312129853,
    "truck": 0.012359978726238572,
    "bus": 0.1024276395482639,
    "trailer": 0.0038447824484615463,
    "construction_vehicle": 0.0,
    "pedestrian": 0.06423625538128482,
    "motorcycle": 0.0,
    "bicycle": 0.0,
    "traffic_cone": 0.018906862411910072,
    "barrier": 0.09532919541199994
  },
  "mean_ap": 0.052821524704945735,
  "label_tp_errors": {
    "car": {
      "trans_err": 0.905879193243161,
      "scale_err": 0.2018651320261287,
      "orient_err": 0.8657266779155296,
      "vel_err": 1.0,
      "attr_err": 0.4238312020985693
    },
    "truck": {
      "trans_err": 1.0049986246361422,
      "scale_err": 0.3112658747536217,
      "orient_err": 0.8319255107244089,
      "vel_err": 1.0,
      "attr_err": 0.3153030720920032
    },
    "bus": {
      "trans_err": 0.9595892149137936,
      "scale_err": 0.20438440197543908,
      "orient_err": 0.8897468788676485,
      "vel_err": 1.0,
      "attr_err": 0.8354542209953795
    },
    "trailer": {
      "trans_err": 1.1877563993631872,
      "scale_err": 0.2553257224432034,
      "orient_err": 1.5350452396515097,
      "vel_err": 1.0,
      "attr_err": 0.12333036088352942
    },
    "construction_vehicle": {
      "trans_err": 1.0,
      "scale_err": 1.0,
      "orient_err": 1.0,
      "vel_err": 1.0,
      "attr_err": 1.0
    },
    "pedestrian": {
      "trans_err": 1.1495953365669933,
      "scale_err": 0.3840082625329079,
      "orient_err": 1.598443660399358,
      "vel_err": 1.0,
      "attr_err": 0.22333109207165533
    },
    "motorcycle": {
      "trans_err": 1.0,
      "scale_err": 1.0,
      "orient_err": 1.0,
      "vel_err": 1.0,
      "attr_err": 1.0
    },
    "bicycle": {
      "trans_err": 1.0,
      "scale_err": 1.0,
      "orient_err": 1.0,
      "vel_err": 1.0,
      "attr_err": 1.0
    },
    "traffic_cone": {
      "trans_err": 1.2691643508620685,
      "scale_err": 0.5787560111208744,
      "orient_err": NaN,
      "vel_err": NaN,
      "attr_err": NaN
    },
    "barrier": {
      "trans_err": 1.1207402730021945,
      "scale_err": 0.39803041242046744,
      "orient_err": 0.43217684655086974,
      "vel_err": NaN,
      "attr_err": NaN
    }
  },
  "tp_errors": {
    "trans_err": 1.0597723392587541,
    "scale_err": 0.5333635817272642,
    "orient_err": 1.0170072015677027,
    "vel_err": 1.0,
    "attr_err": 0.6151562435176421
  },
  "tp_scores": {
    "trans_err": 0.0,
    "scale_err": 0.46663641827273583,
    "orient_err": 0.0,
    "vel_err": 0.0,
    "attr_err": 0.3848437564823579
  },
  "nd_score": 0.11155877982798224,
  "eval_time": 90.47386288642883,
  "meta": {
    "use_camera": false,
    "use_lidar": false,
    "use_radar": false,
    "use_map": false,
    "use_external": false
  }
}