{
  "label_aps": {
    "car": {
      "0.5": 0.0,
      "1.0": 0.06542190884614354,
      "2.0": 0.25433540996589243,
      "4.0": 0.44012398391653335
    },
    "truck": {
      "0.5": 0.0,
      "1.0": 0.0,
      "2.0": 0.01526705362442253,
      "4.0": 0.03038496848535254
    },
    "bus": {
      "0.5": 0.0,
      "1.0": 0.02710275089883332,
      "2.0": 0.09961071976528309,
      "4.0": 0.15008728791763526
    },
    "trailer": {
      "0.5": 0.0,
      "1.0": 0.0,
      "2.0": 0.0,
      "4.0": 0.002412857242734191
    },
    "construction_vehicle": {
      "0.5": 0.0,
      "1.0": 0.0,
      "2.0": 0.0,
      "4.0": 0.0
    },
    "pedestrian": {
      "0.5": 0.0,
      "1.0": 0.0049550040417754345,
      "2.0": 0.06144402428857568,
      "4.0": 0.16819605429858614
    },
    "motorcycle": {
      "0.5": 0.0,
      "1.0": 0.0,
      "2.0": 0.0,
      "4.0": 0.0
    },
    "bicycle": {
      "0.5": 0.0,
      "1.0": 0.0,
      "2.0": 0.0,
      "4.0": 0.0
    },
    "traffic_cone": {
      "0.5": 0.0,
      "1.0": 0.0,
      "2.0": 0.012914841576212567,
      "4.0": 0.06543587213873735
    },
    "barrier": {
      "0.5": 0.0,
      "1.0": 0.005286931796552918,
      "2.0": 0.10142437428741752,
      "4.0": 0.2944843200752897
    }
  },
  "mean_dist_aps": {
    "car": 0.18997032568214234,
    "truck": 0.011413005527443768,
    "bus": 0.06920018964543792,
    "trailer": 0.0006032143106835477,
    "construction_vehicle": 0.0,
    "pedestrian": 0.05864877065723431,
    "motorcycle": 0.0,
    "bicycle": 0.0,
    "traffic_cone": 0.01958767842873748,
    "barrier": 0.10029890653981503
  },
  "mean_ap": 0.044972209079149436,
  "label_tp_errors": {
    "car": {
      "trans_err": 0.9250899456718774,
      "scale_err": 0.2169486450474946,
      "orient_err": 0.7035618654668201,
      "vel_err": 1.0,
      "attr_err": 0.4121444860241314
    },
    "truck": {
      "trans_err": 0.9986819223528571,
      "scale_err": 0.30948507862010827,
      "orient_err": 1.0142077649311338,
      "vel_err": 1.0,
      "attr_err": 0.3413361321701837
    },
    "bus": {
      "trans_err": 0.9009765127389002,
      "scale_err": 0.20008298408583883,
      "orient_err": 0.7613060336900884,
      "vel_err": 1.0,
      "attr_err": 0.8442935218733261
    },
    "trailer": {
      "trans_err": 1.1740807435795348,
      "scale_err": 0.2787216768264783,
      "orient_err": 1.7343803833435505,
      "vel_err": 1.0,
      "attr_err": 0.11670009400624426
    },
    "construction_vehicle": {
      "trans_err": 1.0,
      "scale_err": 1.0,
      "orient_err": 1.0,
      "vel_err": 1.0,
      "attr_err": 1.0
    },
    "pedestrian": {
      "trans_err": 1.091352768218602,
      "scale_err": 0.3778792269826265,
      "orient_err": 1.5733456503222882,
      "vel_err": 1.0,
      "attr_err": 0.2140886284690474
    },
    "motorcycle": {
      "trans_err": 1.0,
      "scale_err": 1.0,
      "orient_err": 1.0,
      "vel_err": 1.0,
      "attr_err": 1.0
    },
    "bicycle": {
      "trans_err": 1.0,
      "scale_err": 1.0,
      "orient_err": 1.0,
      "vel_err": 1.0,
      "attr_err": 1.0
    },
    "traffic_cone": {
      "trans_err": 1.254039897380034,
      "scale_err": 0.5971521487691448,
      "orient_err": NaN,
      "vel_err": NaN,
      "attr_err": NaN
    },
    "barrier": {
      "trans_err": 1.1759603290226717,
      "scale_err": 0.4157388028191032,
      "orient_err": 0.3073570390317231,
      "vel_err": NaN,
      "attr_err": NaN
    }
  },
  "tp_errors": {
    "trans_err": 1.0520182118964478,
    "scale_err": 0.5396008563150795,
    "orient_err": 1.0104620818650671,
    "vel_err": 1.0,
    "attr_err": 0.6160703578178666
  },
  "tp_scores": {
    "trans_err": 0.0,
    "scale_err": 0.4603991436849205,
    "orient_err": 0.0,
    "vel_err": 0.0,
    "attr_err": 0.38392964218213343
  },
  "nd_score": 0.10691898312628012,
  "eval_time": 94.69192433357239,
  "meta": {
    "use_camera": false,
    "use_lidar": false,
    "use_radar": false,
    "use_map": false,
    "use_external": false
  }
}