{
  "label_aps": {
    "car": {
      "0.5": 0.0100300932562926,
      "1.0": 0.1234570136494113,
      "2.0": 0.2887743541348949,
      "4.0": 0.3955527370260532
    },
    "truck": {
      "0.5": 0.0,
      "1.0": 0.0,
      "2.0": 0.011733130418299991,
      "4.0": 0.040476133907387676
    },
    "bus": {
      "0.5": 0.0,
      "1.0": 0.00023348780170099587,
      "2.0": 0.03583575322115715,
      "4.0": 0.15750160551632114
    },
    "trailer": {
      "0.5": 0.0,
      "1.0": 0.0,
      "2.0": 0.0,
      "4.0": 0.0
    },
    "construction_vehicle": {
      "0.5": 0.0,
      "1.0": 0.0,
      "2.0": 0.0,
      "4.0": 0.0
    },
    "pedestrian": {
      "0.5": 0.0,
      "1.0": 0.017530758520991122,
      "2.0": 0.06320789300526626,
      "4.0": 0.10468585702705754
    },
    "motorcycle": {
      "0.5": 0.0,
      "1.0": 0.0,
      "2.0": 0.0,
      "4.0": 0.0
    },
    "bicycle": {
      "0.5": 0.0,
      "1.0": 0.0,
      "2.0": 0.0,
      "4.0": 0.0
    },
    "traffic_cone": {
      "0.5": 0.0,
      "1.0": 0.0,
      "2.0": 0.0030166826137344427,
      "4.0": 0.01674700887388521
    },
    "barrier": {
      "0.5": 0.0,
      "1.0": 0.0225798738962806,
      "2.0": 0.13898134786342362,
      "4.0": 0.20928718593758272
    }
  },
  "mean_dist_aps": {
    "car": 0.204453549516663,
    "truck": 0.013052316081421917,
    "bus": 0.04839271163479482,
    "trailer": 0.0,
    "construction_vehicle": 0.0,
    "pedestrian": 0.046356127138328734,
    "motorcycle": 0.0,
    "bicycle": 0.0,
    "traffic_cone": 0.004940922871904913,
    "barrier": 0.09271210192432174
  },
  "mean_ap": 0.04099077291674351,
  "label_tp_errors": {
    "car": {
      "trans_err": 0.7964742537705776,
      "scale_err": 0.20338190021934877,
      "orient_err": 1.3657492320075095,
      "vel_err": 1.0,
      "attr_err": 0.4509185864148779
    },
    "truck": {
      "trans_err": 0.9520116590509473,
      "scale_err": 0.40888537478513753,
      "orient_err": 1.2972167374383394,
      "vel_err": 1.0,
      "attr_err": 0.3878736803894897
    },
    "bus": {
      "trans_err": 1.0413429410854262,
      "scale_err": 0.2368305436884179,
      "orient_err": 1.5413059624298082,
      "vel_err": 1.0,
      "attr_err": 0.8649626943680645
    },
    "trailer": {
      "trans_err": 1.158959742489099,
      "scale_err": 0.268388344020632,
      "orient_err": 1.7487022931826794,
      "vel_err": 1.0,
      "attr_err": 0.20577624305905215
    },
    "construction_vehicle": {
      "trans_err": 1.0,
      "scale_err": 1.0,
      "orient_err": 1.0,
      "vel_err": 1.0,
      "attr_err": 1.0
    },
    "pedestrian": {
      "trans_err": 0.9144578586466784,
      "scale_err": 0.3803909753500583,
      "orient_err": 1.5427293219983438,
      "vel_err": 1.0,
      "attr_err": 0.23193135892070563
    },
    "motorcycle": {
      "trans_err": 1.0,
      "scale_err": 1.0,
      "orient_err": 1.0,
      "vel_err": 1.0,
      "attr_err": 1.0
    },
    "bicycle": {
      "trans_err": 1.0,
      "scale_err": 1.0,
      "orient_err": 1.0,
      "vel_err": 1.0,
      "attr_err": 1.0
    },
    "traffic_cone": {
      "trans_err": 1.0559070358159008,
      "scale_err": 0.5591924031494899,
      "orient_err": NaN,
      "vel_err": NaN,
      "attr_err": NaN
    },
    "barrier": {
      "trans_err": 0.9949245010186492,
      "scale_err": 0.44129827178465697,
      "orient_err": 0.34666521507159076,
      "vel_err": NaN,
      "attr_err": NaN
    }
  },
  "tp_errors": {
    "trans_err": 0.9914077991877279,
    "scale_err": 0.5498367812997741,
    "orient_err": 1.2047076402364747,
    "vel_err": 1.0,
    "attr_err": 0.6426828203940238
  },
  "tp_scores": {
    "trans_err": 0.008592200812272077,
    "scale_err": 0.4501632187002259,
    "orient_err": 0.0,
    "vel_err": 0.0,
    "attr_err": 0.3573171796059762
  },
  "nd_score": 0.10210264637021918,
  "eval_time": 98.15124034881592,
  "meta": {
    "use_camera": false,
    "use_lidar": false,
    "use_radar": false,
    "use_map": false,
    "use_external": false
  }
}