{
  "label_aps": {
    "car": {
      "0.5": 0.10066545630440578,
      "1.0": 0.2979520047637679,
      "2.0": 0.4418911121808139,
      "4.0": 0.5290198601257399
    },
    "truck": {
      "0.5": 0.0006632645884126973,
      "1.0": 0.03426645357582163,
      "2.0": 0.08966625960884328,
      "4.0": 0.12750004912122134
    },
    "bus": {
      "0.5": 0.0,
      "1.0": 0.023495323352071027,
      "2.0": 0.13410684761650069,
      "4.0": 0.3260562921677863
    },
    "trailer": {
      "0.5": 0.0,
      "1.0": 0.0,
      "2.0": 0.00234138986289075,
      "4.0": 0.012611200652087276
    },
    "construction_vehicle": {
      "0.5": 0.0,
      "1.0": 0.0,
      "2.0": 0.008340319218778468,
      "4.0": 0.019380808224993315
    },
    "pedestrian": {
      "0.5": 0.04110399641474829,
      "1.0": 0.16796731397139814,
      "2.0": 0.24448429074648254,
      "4.0": 0.2919374152087342
    },
    "motorcycle": {
      "0.5": 0.0,
      "1.0": 0.0,
      "2.0": 0.0,
      "4.0": 0.0
    },
    "bicycle": {
      "0.5": 0.0,
      "1.0": 0.0,
      "2.0": 0.0,
      "4.0": 0.0
    },
    "traffic_cone": {
      "0.5": 0.0,
      "1.0": 0.013747947691128817,
      "2.0": 0.06132506930907956,
      "4.0": 0.11531009146653225
    },
    "barrier": {
      "0.5": 0.0007745639601880798,
      "1.0": 0.09163786864027415,
      "2.0": 0.29336623281616275,
      "4.0": 0.3832004235650307
    }
  },
  "mean_dist_aps": {
    "car": 0.3423821083436819,
    "truck": 0.06302400672357474,
    "bus": 0.1209146157840895,
    "trailer": 0.0037381476287445064,
    "construction_vehicle": 0.006930281860942945,
    "pedestrian": 0.18637325408534078,
    "motorcycle": 0.0,
    "bicycle": 0.0,
    "traffic_cone": 0.04759577711668515,
    "barrier": 0.19224477224541392
  },
  "mean_ap": 0.09632029637884734,
  "label_tp_errors": {
    "car": {
      "trans_err": 0.5741437177756668,
      "scale_err": 0.18973879772782978,
      "orient_err": 0.8059156078640483,
      "vel_err": 1.0,
      "attr_err": 0.4321935060812824
    },
    "truck": {
      "trans_err": 0.7270143476674544,
      "scale_err": 0.2720389005447881,
      "orient_err": 0.8967298036664236,
      "vel_err": 1.0,
      "attr_err": 0.34130479281910076
    },
    "bus": {
      "trans_err": 0.8599150371590238,
      "scale_err": 0.19784941452539972,
      "orient_err": 1.4966367172914006,
      "vel_err": 1.0,
      "attr_err": 0.7936800427602329
    },
    "trailer": {
      "trans_err": 1.055430637353538,
      "scale_err": 0.1980835603942039,
      "orient_err": 1.5364125099571877,
      "vel_err": 1.0,
      "attr_err": 0.16176572291461963
    },
    "construction_vehicle": {
      "trans_err": 1.10521620400906,
      "scale_err": 0.5460723283385138,
      "orient_err": 1.835997929024935,
      "vel_err": 1.0,
      "attr_err": 0.37564786745240464
    },
    "pedestrian": {
      "trans_err": 0.6809423422435542,
      "scale_err": 0.3118942208251906,
      "orient_err": 1.5229175873695415,
      "vel_err": 1.0,
      "attr_err": 0.19375855628814895
    },
    "motorcycle": {
      "trans_err": 1.0,
      "scale_err": 1.0,
      "orient_err": 1.0,
      "vel_err": 1.0,
      "attr_err": 1.0
    },
    "bicycle": {
      "trans_err": 1.0,
      "scale_err": 1.0,
      "orient_err": 1.0,
      "vel_err": 1.0,
      "attr_err": 1.0
    },
    "traffic_cone": {
      "trans_err": 0.962367877523711,
      "scale_err": 0.5119006343575009,
      "orient_err": NaN,
      "vel_err": NaN,
      "attr_err": NaN
    },
    "barrier": {
      "trans_err": 0.9057164990393353,
      "scale_err": 0.42560893665745786,
      "orient_err": 0.24404023606771166,
      "vel_err": NaN,
      "attr_err": NaN
    }
  },
  "tp_errors": {
    "trans_err": 0.8870746662771344,
    "scale_err": 0.4653186793370884,
    "orient_err": 1.1487389323601387,
    "vel_err": 1.0,
    "attr_err": 0.5372938110394736
  },
  "tp_scores": {
    "trans_err": 0.11292533372286562,
    "scale_err": 0.5346813206629115,
    "orient_err": 0.0,
    "vel_err": 0.0,
    "attr_err": 0.4627061889605264
  },
  "nd_score": 0.15919143252405402,
  "eval_time": 91.49351835250854,
  "meta": {
    "use_camera": false,
    "use_lidar": false,
    "use_radar": false,
    "use_map": false,
    "use_external": false
  }
}