{
  "label_aps": {
    "car": {
      "0.5": 0.00015732432712181455,
      "1.0": 0.08664393981615764,
      "2.0": 0.3104046919839081,
      "4.0": 0.5076636231153713
    },
    "truck": {
      "0.5": 0.0,
      "1.0": 0.0,
      "2.0": 0.004053888601805834,
      "4.0": 0.01939476958744246
    },
    "bus": {
      "0.5": 0.0,
      "1.0": 0.025630881313552695,
      "2.0": 0.204874625028537,
      "4.0": 0.32113353694076185
    },
    "trailer": {
      "0.5": 0.0,
      "1.0": 0.0,
      "2.0": 0.0,
      "4.0": 0.008735017469892312
    },
    "construction_vehicle": {
      "0.5": 0.0,
      "1.0": 0.0,
      "2.0": 0.0,
      "4.0": 0.0
    },
    "pedestrian": {
      "0.5": 0.0,
      "1.0": 0.005882147183001864,
      "2.0": 0.07267090296688654,
      "4.0": 0.18932165550344093
    },
    "motorcycle": {
      "0.5": 0.0,
      "1.0": 0.0,
      "2.0": 0.0,
      "4.0": 0.0
    },
    "bicycle": {
      "0.5": 0.0,
      "1.0": 0.0,
      "2.0": 0.0,
      "4.0": 0.0
    },
    "traffic_cone": {
      "0.5": 0.0,
      "1.0": 0.0,
      "2.0": 0.019303397672433668,
      "4.0": 0.09675300842124715
    },
    "barrier": {
      "0.5": 0.0,
      "1.0": 0.013354620953175717,
      "2.0": 0.12796123528382564,
      "4.0": 0.35429274542165107
    }
  },
  "mean_dist_aps": {
    "car": 0.2262173948106397,
    "truck": 0.005862164547312073,
    "bus": 0.13790976082071288,
    "trailer": 0.002183754367473078,
    "construction_vehicle": 0.0,
    "pedestrian": 0.06696867641333233,
    "motorcycle": 0.0,
    "bicycle": 0.0,
    "traffic_cone": 0.029014101523420203,
    "barrier": 0.1239021504146631
  },
  "mean_ap": 0.05920580028975534,
  "label_tp_errors": {
    "car": {
      "trans_err": 0.9188746312097218,
      "scale_err": 0.21594841984454494,
      "orient_err": 0.6611136236304477,
      "vel_err": 1.0,
      "attr_err": 0.4028868199348266
    },
    "truck": {
      "trans_err": 1.1082564517040816,
      "scale_err": 0.3320535321351021,
      "orient_err": 0.8012064686886287,
      "vel_err": 1.0,
      "attr_err": 0.33987408993359974
    },
    "bus": {
      "trans_err": 0.9936267987282658,
      "scale_err": 0.21026710933301918,
      "orient_err": 1.0082184808513104,
      "vel_err": 1.0,
      "attr_err": 0.8509149426378183
    },
    "trailer": {
      "trans_err": 1.231584934088828,
      "scale_err": 0.27516449884045824,
      "orient_err": 1.6069132577614544,
      "vel_err": 1.0,
      "attr_err": 0.15048864528847922
    },
    "construction_vehicle": {
      "trans_err": 1.0,
      "scale_err": 1.0,
      "orient_err": 1.0,
      "vel_err": 1.0,
      "attr_err": 1.0
    },
    "pedestrian": {
      "trans_err": 1.1235356595045003,
      "scale_err": 0.3931901914922534,
      "orient_err": 1.5207086117975026,
      "vel_err": 1.0,
      "attr_err": 0.23287861248006272
    },
    "motorcycle": {
      "trans_err": 1.0,
      "scale_err": 1.0,
      "orient_err": 1.0,
      "vel_err": 1.0,
      "attr_err": 1.0
    },
    "bicycle": {
      "trans_err": 1.0,
      "scale_err": 1.0,
      "orient_err": 1.0,
      "vel_err": 1.0,
      "attr_err": 1.0
    },
    "traffic_cone": {
      "trans_err": 1.1976132394714236,
      "scale_err": 0.5483833401674776,
      "orient_err": NaN,
      "vel_err": NaN,
      "attr_err": NaN
    },
    "barrier": {
      "trans_err": 1.1060059684146126,
      "scale_err": 0.39640847875366736,
      "orient_err": 0.2705031004245999,
      "vel_err": NaN,
      "attr_err": NaN
    }
  },
  "tp_errors": {
    "trans_err": 1.0679497683121435,
    "scale_err": 0.5371415570566522,
    "orient_err": 0.9854070603504381,
    "vel_err": 1.0,
    "attr_err": 0.6221303887843483
  },
  "tp_scores": {
    "trans_err": 0.0,
    "scale_err": 0.46285844294334777,
    "orient_err": 0.014592939649561876,
    "vel_err": 0.0,
    "attr_err": 0.37786961121565166
  },
  "nd_score": 0.1151349995257338,
  "eval_time": 94.86763334274292,
  "meta": {
    "use_camera": false,
    "use_lidar": false,
    "use_radar": false,
    "use_map": false,
    "use_external": false
  }
}