{
  "label_aps": {
    "car": {
      "0.5": 0.0,
      "1.0": 0.07634205345373866,
      "2.0": 0.2802338832273485,
      "4.0": 0.4718744748307968
    },
    "truck": {
      "0.5": 0.0,
      "1.0": 0.0,
      "2.0": 0.0016055708203483133,
      "4.0": 0.011357898214750943
    },
    "bus": {
      "0.5": 0.0,
      "1.0": 0.011702134165984947,
      "2.0": 0.11836471775044466,
      "4.0": 0.26097875400655013
    },
    "trailer": {
      "0.5": 0.0,
      "1.0": 0.0,
      "2.0": 0.0,
      "4.0": 0.006452260798761717
    },
    "construction_vehicle": {
      "0.5": 0.0,
      "1.0": 0.0,
      "2.0": 0.0,
      "4.0": 0.0
    },
    "pedestrian": {
      "0.5": 0.0,
      "1.0": 0.0049297511237607165,
      "2.0": 0.06984243601828687,
      "4.0": 0.1891780415846943
    },
    "motorcycle": {
      "0.5": 0.0,
      "1.0": 0.0,
      "2.0": 0.0,
      "4.0": 0.0
    },
    "bicycle": {
      "0.5": 0.0,
      "1.0": 0.0,
      "2.0": 0.0,
      "4.0": 0.0
    },
    "traffic_cone": {
      "0.5": 0.0,
      "1.0": 0.0,
      "2.0": 0.0047002642938478905,
      "4.0": 0.04525895531441707
    },
    "barrier": {
      "0.5": 0.0,
      "1.0": 0.0025915684621454077,
      "2.0": 0.08068425758271905,
      "4.0": 0.26277537344114865
    }
  },
  "mean_dist_aps": {
    "car": 0.207112602877971,
    "truck": 0.003240867258774814,
    "bus": 0.09776140148074494,
    "trailer": 0.0016130651996904292,
    "construction_vehicle": 0.0,
    "pedestrian": 0.06598755718168547,
    "motorcycle": 0.0,
    "bicycle": 0.0,
    "traffic_cone": 0.012489804902066241,
    "barrier": 0.08651279987150327
  },
  "mean_ap": 0.04747180987724362,
  "label_tp_errors": {
    "car": {
      "trans_err": 0.9247859353095161,
      "scale_err": 0.2072317982732742,
      "orient_err": 0.7099324786476167,
      "vel_err": 1.0,
      "attr_err": 0.39335576028569286
    },
    "truck": {
      "trans_err": 1.0460022501442185,
      "scale_err": 0.350391086286408,
      "orient_err": 0.874668601571204,
      "vel_err": 1.0,
      "attr_err": 0.36341347186654466
    },
    "bus": {
      "trans_err": 1.0105238701005796,
      "scale_err": 0.20372557324802926,
      "orient_err": 1.0060364736193494,
      "vel_err": 1.0,
      "attr_err": 0.8428115762195485
    },
    "trailer": {
      "trans_err": 1.2564291852953522,
      "scale_err": 0.29877405141261515,
      "orient_err": 1.4857419609917688,
      "vel_err": 1.0,
      "attr_err": 0.12034702696908037
    },
    "construction_vehicle": {
      "trans_err": 1.0,
      "scale_err": 1.0,
      "orient_err": 1.0,
      "vel_err": 1.0,
      "attr_err": 1.0
    },
    "pedestrian": {
      "trans_err": 1.1142488287849284,
      "scale_err": 0.3827428711727797,
      "orient_err": 1.6015725927762643,
      "vel_err": 1.0,
      "attr_err": 0.23763318736599637
    },
    "motorcycle": {
      "trans_err": 1.0,
      "scale_err": 1.0,
      "orient_err": 1.0,
      "vel_err": 1.0,
      "attr_err": 1.0
    },
    "bicycle": {
      "trans_err": 1.0,
      "scale_err": 1.0,
      "orient_err": 1.0,
      "vel_err": 1.0,
      "attr_err": 1.0
    },
    "traffic_cone": {
      "trans_err": 1.1951847676474752,
      "scale_err": 0.5952648805305288,
      "orient_err": NaN,
      "vel_err": NaN,
      "attr_err": NaN
    },
    "barrier": {
      "trans_err": 1.2008258870984418,
      "scale_err": 0.41663212435346564,
      "orient_err": 0.2652039415854411,
      "vel_err": NaN,
      "attr_err": NaN
    }
  },
  "tp_errors": {
    "trans_err": 1.0748000724380513,
    "scale_err": 0.5454762385277101,
    "orient_err": 0.9936840054657381,
    "vel_err": 1.0,
    "attr_err": 0.6196951278383578
  },
  "tp_scores": {
    "trans_err": 0.0,
    "scale_err": 0.4545237614722899,
    "orient_err": 0.006315994534261904,
    "vel_err": 0.0,
    "attr_err": 0.3803048721616422
  },
  "nd_score": 0.10785036775544121,
  "eval_time": 93.60099053382874,
  "meta": {
    "use_camera": false,
    "use_lidar": false,
    "use_radar": false,
    "use_map": false,
    "use_external": false
  }
}