{
  "label_aps": {
    "car": {
      "0.5": 0.12066452248537794,
      "1.0": 0.3408741792684679,
      "2.0": 0.4923842310763884,
      "4.0": 0.5675607832311391
    },
    "truck": {
      "0.5": 0.001684712318691779,
      "1.0": 0.03712347717676778,
      "2.0": 0.09030729217227318,
      "4.0": 0.1171455104427659
    },
    "bus": {
      "0.5": 0.0,
      "1.0": 0.02923253366625891,
      "2.0": 0.11289435516805985,
      "4.0": 0.26238575535773023
    },
    "trailer": {
      "0.5": 0.0,
      "1.0": 0.0,
      "2.0": 0.0016648965097422477,
      "4.0": 0.008640817532722098
    },
    "construction_vehicle": {
      "0.5": 0.0,
      "1.0": 0.0,
      "2.0": 0.00017272811984544775,
      "4.0": 0.0008915124279575198
    },
    "pedestrian": {
      "0.5": 0.04296580261332677,
      "1.0": 0.19150100334492157,
      "2.0": 0.2677460392753969,
      "4.0": 0.313389082432008
    },
    "motorcycle": {
      "0.5": 0.0,
      "1.0": 0.0,
      "2.0": 0.0,
      "4.0": 0.0
    },
    "bicycle": {
      "0.5": 0.0,
      "1.0": 0.0,
      "2.0": 0.0,
      "4.0": 0.0
    },
    "traffic_cone": {
      "0.5": 0.0,
      "1.0": 0.009231707077359324,
      "2.0": 0.04981605143951413,
      "4.0": 0.11200360430298666
    },
    "barrier": {
      "0.5": 0.0004518693281399307,
      "1.0": 0.08354946741153693,
      "2.0": 0.2859614789739537,
      "4.0": 0.3667799683867206
    }
  },
  "mean_dist_aps": {
    "car": 0.38037092901534336,
    "truck": 0.061565248027624656,
    "bus": 0.10112816104801226,
    "trailer": 0.0025764285106160863,
    "construction_vehicle": 0.0002660601369507419,
    "pedestrian": 0.20390048191641333,
    "motorcycle": 0.0,
    "bicycle": 0.0,
    "traffic_cone": 0.04276284070496503,
    "barrier": 0.18418569602508778
  },
  "mean_ap": 0.09767558453850131,
  "label_tp_errors": {
    "car": {
      "trans_err": 0.5510683054059509,
      "scale_err": 0.1885214807018643,
      "orient_err": 0.6245450169482024,
      "vel_err": 1.0,
      "attr_err": 0.4512320764723453
    },
    "truck": {
      "trans_err": 0.6949951483840449,
      "scale_err": 0.28616988050201014,
      "orient_err": 0.8463139333127807,
      "vel_err": 1.0,
      "attr_err": 0.3070821224660608
    },
    "bus": {
      "trans_err": 0.9164883367129395,
      "scale_err": 0.19596457626243322,
      "orient_err": 1.1177125286833585,
      "vel_err": 1.0,
      "attr_err": 0.8103875743246625
    },
    "trailer": {
      "trans_err": 1.0899520854074287,
      "scale_err": 0.24603560431526372,
      "orient_err": 1.4760051495844775,
      "vel_err": 1.0,
      "attr_err": 0.13537154325349823
    },
    "construction_vehicle": {
      "trans_err": 1.0676378309977976,
      "scale_err": 0.6790808555403514,
      "orient_err": 1.4630465169532965,
      "vel_err": 1.0,
      "attr_err": 0.40793699528574107
    },
    "pedestrian": {
      "trans_err": 0.6704576988431635,
      "scale_err": 0.3126786908237063,
      "orient_err": 1.5279942760318452,
      "vel_err": 1.0,
      "attr_err": 0.144486440569111
    },
    "motorcycle": {
      "trans_err": 1.0,
      "scale_err": 1.0,
      "orient_err": 1.0,
      "vel_err": 1.0,
      "attr_err": 1.0
    },
    "bicycle": {
      "trans_err": 1.0,
      "scale_err": 1.0,
      "orient_err": 1.0,
      "vel_err": 1.0,
      "attr_err": 1.0
    },
    "traffic_cone": {
      "trans_err": 0.9388771019477433,
      "scale_err": 0.5183045317610047,
      "orient_err": NaN,
      "vel_err": NaN,
      "attr_err": NaN
    },
    "barrier": {
      "trans_err": 0.926290111354835,
      "scale_err": 0.38172853230447573,
      "orient_err": 0.2219480747744814,
      "vel_err": NaN,
      "attr_err": NaN
    }
  },
  "tp_errors": {
    "trans_err": 0.8855766619053904,
    "scale_err": 0.48084841522111094,
    "orient_err": 1.0308406106987158,
    "vel_err": 1.0,
    "attr_err": 0.5320620940464273
  },
  "tp_scores": {
    "trans_err": 0.11442333809460958,
    "scale_err": 0.519151584778889,
    "orient_err": 0.0,
    "vel_err": 0.0,
    "attr_err": 0.46793790595357265
  },
  "nd_score": 0.15898907515195776,
  "eval_time": 87.49453282356262,
  "meta": {
    "use_camera": false,
    "use_lidar": false,
    "use_radar": false,
    "use_map": false,
    "use_external": false
  }
}