{
  "label_aps": {
    "car": {
      "0.5": 0.00012866426013105495,
      "1.0": 0.08082600605586068,
      "2.0": 0.2932032374758714,
      "4.0": 0.4934620256076521
    },
    "truck": {
      "0.5": 0.0,
      "1.0": 0.0,
      "2.0": 0.009273984466167567,
      "4.0": 0.034143211612223244
    },
    "bus": {
      "0.5": 0.0,
      "1.0": 0.007798627333900952,
      "2.0": 0.11444521010123473,
      "4.0": 0.22655362630636278
    },
    "trailer": {
      "0.5": 0.0,
      "1.0": 0.0,
      "2.0": 0.0,
      "4.0": 0.005132100546843326
    },
    "construction_vehicle": {
      "0.5": 0.0,
      "1.0": 0.0,
      "2.0": 0.0,
      "4.0": 0.0
    },
    "pedestrian": {
      "0.5": 0.0,
      "1.0": 0.0019187708822779963,
      "2.0": 0.05561013959787056,
      "4.0": 0.16158962226544213
    },
    "motorcycle": {
      "0.5": 0.0,
      "1.0": 0.0,
      "2.0": 0.0,
      "4.0": 0.0
    },
    "bicycle": {
      "0.5": 0.0,
      "1.0": 0.0,
      "2.0": 0.0,
      "4.0": 0.0
    },
    "traffic_cone": {
      "0.5": 0.0,
      "1.0": 0.0,
      "2.0": 0.0111084228459765,
      "4.0": 0.06421011019756169
    },
    "barrier": {
      "0.5": 0.0,
      "1.0": 0.007210190610136306,
      "2.0": 0.10596547662341338,
      "4.0": 0.3025296471353966
    }
  },
  "mean_dist_aps": {
    "car": 0.21690498334987882,
    "truck": 0.010854299019597703,
    "bus": 0.08719936593537461,
    "trailer": 0.0012830251367108316,
    "construction_vehicle": 0.0,
    "pedestrian": 0.05477963318639767,
    "motorcycle": 0.0,
    "bicycle": 0.0,
    "traffic_cone": 0.01882963326088455,
    "barrier": 0.10392632859223658
  },
  "mean_ap": 0.049377726848108074,
  "label_tp_errors": {
    "car": {
      "trans_err": 0.9140683936283635,
      "scale_err": 0.20145291379619734,
      "orient_err": 0.7223762568015766,
      "vel_err": 1.0,
      "attr_err": 0.4211075206016528
    },
    "truck": {
      "trans_err": 1.0235313228830016,
      "scale_err": 0.35688496514353,
      "orient_err": 1.0043410446366972,
      "vel_err": 1.0,
      "attr_err": 0.2635604572750283
    },
    "bus": {
      "trans_err": 1.0134377724182033,
      "scale_err": 0.2502527325773225,
      "orient_err": 0.921831143147212,
      "vel_err": 1.0,
      "attr_err": 0.842340410495159
    },
    "trailer": {
      "trans_err": 1.2531870302017094,
      "scale_err": 0.28904335267654013,
      "orient_err": 1.548160696885999,
      "vel_err": 1.0,
      "attr_err": 0.1305785653471895
    },
    "construction_vehicle": {
      "trans_err": 1.0,
      "scale_err": 1.0,
      "orient_err": 1.0,
      "vel_err": 1.0,
      "attr_err": 1.0
    },
    "pedestrian": {
      "trans_err": 1.1182700421020852,
      "scale_err": 0.38832848783749524,
      "orient_err": 1.5461882163445724,
      "vel_err": 1.0,
      "attr_err": 0.21523544462182456
    },
    "motorcycle": {
      "trans_err": 1.0,
      "scale_err": 1.0,
      "orient_err": 1.0,
      "vel_err": 1.0,
      "attr_err": 1.0
    },
    "bicycle": {
      "trans_err": 1.0,
      "scale_err": 1.0,
      "orient_err": 1.0,
      "vel_err": 1.0,
      "attr_err": 1.0
    },
    "traffic_cone": {
      "trans_err": 1.2124382141430798,
      "scale_err": 0.586460713566872,
      "orient_err": NaN,
      "vel_err": NaN,
      "attr_err": NaN
    },
    "barrier": {
      "trans_err": 1.1262549009731868,
      "scale_err": 0.3988487218588733,
      "orient_err": 0.3424058820675214,
      "vel_err": NaN,
      "attr_err": NaN
    }
  },
  "tp_errors": {
    "trans_err": 1.066118767634963,
    "scale_err": 0.547127188745683,
    "orient_err": 1.009478137764842,
    "vel_err": 1.0,
    "attr_err": 0.6091027997926067
  },
  "tp_scores": {
    "trans_err": 0.0,
    "scale_err": 0.452872811254317,
    "orient_err": 0.0,
    "vel_err": 0.0,
    "attr_err": 0.39089720020739327
  },
  "nd_score": 0.10906586457022507,
  "eval_time": 118.1501362323761,
  "meta": {
    "use_camera": false,
    "use_lidar": false,
    "use_radar": false,
    "use_map": false,
    "use_external": false
  }
}