{
  "label_aps": {
    "car": {
      "0.5": 1.6907307776191526e-06,
      "1.0": 0.0795384924785174,
      "2.0": 0.27449570617457586,
      "4.0": 0.4638699911690193
    },
    "truck": {
      "0.5": 0.0,
      "1.0": 0.0,
      "2.0": 0.005269670638982059,
      "4.0": 0.021040114259706606
    },
    "bus": {
      "0.5": 0.0,
      "1.0": 0.027712187225005666,
      "2.0": 0.16010743009561984,
      "4.0": 0.2776635075164648
    },
    "trailer": {
      "0.5": 0.0,
      "1.0": 0.0,
      "2.0": 0.0,
      "4.0": 0.0017271607352442985
    },
    "construction_vehicle": {
      "0.5": 0.0,
      "1.0": 0.0,
      "2.0": 0.0,
      "4.0": 0.0
    },
    "pedestrian": {
      "0.5": 0.0,
      "1.0": 0.004828730889409976,
      "2.0": 0.06701256501283745,
      "4.0": 0.1745077508886136
    },
    "motorcycle": {
      "0.5": 0.0,
      "1.0": 0.0,
      "2.0": 0.0,
      "4.0": 0.0
    },
    "bicycle": {
      "0.5": 0.0,
      "1.0": 0.0,
      "2.0": 0.0,
      "4.0": 0.0
    },
    "traffic_cone": {
      "0.5": 0.0,
      "1.0": 0.0,
      "2.0": 0.0007930262186280332,
      "4.0": 0.021415528286664293
    },
    "barrier": {
      "0.5": 0.0,
      "1.0": 0.009736574986850205,
      "2.0": 0.11791108183200644,
      "4.0": 0.3431303775173887
    }
  },
  "mean_dist_aps": {
    "car": 0.20447647013822254,
    "truck": 0.006577446224672166,
    "bus": 0.11637078120927258,
    "trailer": 0.00043179018381107464,
    "construction_vehicle": 0.0,
    "pedestrian": 0.06158726169771525,
    "motorcycle": 0.0,
    "bicycle": 0.0,
    "traffic_cone": 0.005552138626323082,
    "barrier": 0.11769450858406133
  },
  "mean_ap": 0.05126903966640781,
  "label_tp_errors": {
    "car": {
      "trans_err": 0.9055826206301625,
      "scale_err": 0.22053689382127378,
      "orient_err": 0.7038754486453688,
      "vel_err": 1.0,
      "attr_err": 0.42725521230211355
    },
    "truck": {
      "trans_err": 1.0103516153538563,
      "scale_err": 0.323508575802129,
      "orient_err": 0.8686210398656002,
      "vel_err": 1.0,
      "attr_err": 0.3101861541752402
    },
    "bus": {
      "trans_err": 0.9534505259345273,
      "scale_err": 0.19963094879150547,
      "orient_err": 1.0122337904932626,
      "vel_err": 1.0,
      "attr_err": 0.8724895493165346
    },
    "trailer": {
      "trans_err": 1.203757518795728,
      "scale_err": 0.2682971252085556,
      "orient_err": 1.425864887413387,
      "vel_err": 1.0,
      "attr_err": 0.14293534076391518
    },
    "construction_vehicle": {
      "trans_err": 1.0,
      "scale_err": 1.0,
      "orient_err": 1.0,
      "vel_err": 1.0,
      "attr_err": 1.0
    },
    "pedestrian": {
      "trans_err": 1.1024605246511485,
      "scale_err": 0.40328942107410176,
      "orient_err": 1.5237019336014883,
      "vel_err": 1.0,
      "attr_err": 0.211358543947961
    },
    "motorcycle": {
      "trans_err": 1.0,
      "scale_err": 1.0,
      "orient_err": 1.0,
      "vel_err": 1.0,
      "attr_err": 1.0
    },
    "bicycle": {
      "trans_err": 1.0,
      "scale_err": 1.0,
      "orient_err": 1.0,
      "vel_err": 1.0,
      "attr_err": 1.0
    },
    "traffic_cone": {
      "trans_err": 1.1875037800836363,
      "scale_err": 0.5913783097926067,
      "orient_err": NaN,
      "vel_err": NaN,
      "attr_err": NaN
    },
    "barrier": {
      "trans_err": 1.13583566112083,
      "scale_err": 0.40381589525899186,
      "orient_err": 0.27782692406756876,
      "vel_err": NaN,
      "attr_err": NaN
    }
  },
  "tp_errors": {
    "trans_err": 1.0498942246569887,
    "scale_err": 0.5410457169749164,
    "orient_err": 0.9791248915651861,
    "vel_err": 1.0,
    "attr_err": 0.6205281000632206
  },
  "tp_scores": {
    "trans_err": 0.0,
    "scale_err": 0.45895428302508356,
    "orient_err": 0.020875108434813883,
    "vel_err": 0.0,
    "attr_err": 0.37947189993677943
  },
  "nd_score": 0.11156464897287159,
  "eval_time": 86.2192018032074,
  "meta": {
    "use_camera": false,
    "use_lidar": false,
    "use_radar": false,
    "use_map": false,
    "use_external": false
  }
}