{
  "label_aps": {
    "car": {
      "0.5": 0.0,
      "1.0": 0.004722966203673941,
      "2.0": 0.10365035900523124,
      "4.0": 0.26771088662831055
    },
    "truck": {
      "0.5": 0.0,
      "1.0": 0.0,
      "2.0": 0.0,
      "4.0": 0.0001773105933790871
    },
    "bus": {
      "0.5": 0.0,
      "1.0": 0.0,
      "2.0": 0.00937026983359065,
      "4.0": 0.08409902775469062
    },
    "trailer": {
      "0.5": 0.0,
      "1.0": 0.0,
      "2.0": 0.0,
      "4.0": 0.0
    },
    "construction_vehicle": {
      "0.5": 0.0,
      "1.0": 0.0,
      "2.0": 0.0,
      "4.0": 0.0
    },
    "pedestrian": {
      "0.5": 0.0,
      "1.0": 0.0,
      "2.0": 0.0,
      "4.0": 0.0007829998718041036
    },
    "motorcycle": {
      "0.5": 0.0,
      "1.0": 0.0,
      "2.0": 0.0,
      "4.0": 0.0
    },
    "bicycle": {
      "0.5": 0.0,
      "1.0": 0.0,
      "2.0": 0.0,
      "4.0": 0.0
    },
    "traffic_cone": {
      "0.5": 0.0,
      "1.0": 0.0,
      "2.0": 0.0,
      "4.0": 0.0
    },
    "barrier": {
      "0.5": 0.0,
      "1.0": 0.0,
      "2.0": 0.012324184128050033,
      "4.0": 0.08568270620569589
    }
  },
  "mean_dist_aps": {
    "car": 0.09402105295930394,
    "truck": 4.4327648344771775e-05,
    "bus": 0.02336732439707032,
    "trailer": 0.0,
    "construction_vehicle": 0.0,
    "pedestrian": 0.0001957499679510259,
    "motorcycle": 0.0,
    "bicycle": 0.0,
    "traffic_cone": 0.0,
    "barrier": 0.02450172258343648
  },
  "mean_ap": 0.014213017755610652,
  "label_tp_errors": {
    "car": {
      "trans_err": 1.129513228433077,
      "scale_err": 0.26340233496527876,
      "orient_err": 1.411733790596149,
      "vel_err": 1.0,
      "attr_err": 0.449001126207119
    },
    "truck": {
      "trans_err": 1.2343191993252742,
      "scale_err": 0.4094141329703384,
      "orient_err": 1.4424681456924855,
      "vel_err": 1.0,
      "attr_err": 0.2872003173207272
    },
    "bus": {
      "trans_err": 1.0843709882794805,
      "scale_err": 0.23358169138935855,
      "orient_err": 1.4824047593157983,
      "vel_err": 1.0,
      "attr_err": 0.8546954740624284
    },
    "trailer": {
      "trans_err": 1.3238917351754271,
      "scale_err": 0.31932017896862136,
      "orient_err": 1.4973587363478338,
      "vel_err": 1.0,
      "attr_err": 0.13011430440685803
    },
    "construction_vehicle": {
      "trans_err": 1.0,
      "scale_err": 1.0,
      "orient_err": 1.0,
      "vel_err": 1.0,
      "attr_err": 1.0
    },
    "pedestrian": {
      "trans_err": 1.2558696137187324,
      "scale_err": 0.6388187375106765,
      "orient_err": 1.447662441417957,
      "vel_err": 1.0,
      "attr_err": 0.30942737509511953
    },
    "motorcycle": {
      "trans_err": 1.0,
      "scale_err": 1.0,
      "orient_err": 1.0,
      "vel_err": 1.0,
      "attr_err": 1.0
    },
    "bicycle": {
      "trans_err": 1.0,
      "scale_err": 1.0,
      "orient_err": 1.0,
      "vel_err": 1.0,
      "attr_err": 1.0
    },
    "traffic_cone": {
      "trans_err": 1.0,
      "scale_err": 1.0,
      "orient_err": NaN,
      "vel_err": NaN,
      "attr_err": NaN
    },
    "barrier": {
      "trans_err": 1.2027524129111857,
      "scale_err": 0.5672429278379988,
      "orient_err": 0.6523642346584129,
      "vel_err": NaN,
      "attr_err": NaN
    }
  },
  "tp_errors": {
    "trans_err": 1.1230717177843177,
    "scale_err": 0.6431780003642272,
    "orient_err": 1.2148880120031817,
    "vel_err": 1.0,
    "attr_err": 0.6288048246365315
  },
  "tp_scores": {
    "trans_err": 0.0,
    "scale_err": 0.35682199963577277,
    "orient_err": 0.0,
    "vel_err": 0.0,
    "attr_err": 0.37119517536346847
  },
  "nd_score": 0.07990822637772946,
  "eval_time": 98.12231135368347,
  "meta": {
    "use_camera": false,
    "use_lidar": false,
    "use_radar": false,
    "use_map": false,
    "use_external": false
  }
}