{
  "label_aps": {
    "car": {
      "0.5": 0.00014411167308558566,
      "1.0": 0.0812851630338646,
      "2.0": 0.28379892638260173,
      "4.0": 0.46971539623911207
    },
    "truck": {
      "0.5": 0.0,
      "1.0": 0.0,
      "2.0": 0.007534486977053237,
      "4.0": 0.02139032482523919
    },
    "bus": {
      "0.5": 0.0,
      "1.0": 0.014173914680973409,
      "2.0": 0.10819588970158406,
      "4.0": 0.1929284721293099
    },
    "trailer": {
      "0.5": 0.0,
      "1.0": 0.0,
      "2.0": 0.0,
      "4.0": 0.007069725313722756
    },
    "construction_vehicle": {
      "0.5": 0.0,
      "1.0": 0.0,
      "2.0": 0.0,
      "4.0": 0.0
    },
    "pedestrian": {
      "0.5": 0.0,
      "1.0": 0.0068144254047321036,
      "2.0": 0.08070362223579731,
      "4.0": 0.20395724441782026
    },
    "motorcycle": {
      "0.5": 0.0,
      "1.0": 0.0,
      "2.0": 0.0,
      "4.0": 0.0
    },
    "bicycle": {
      "0.5": 0.0,
      "1.0": 0.0,
      "2.0": 0.0,
      "4.0": 0.0
    },
    "traffic_cone": {
      "0.5": 0.0,
      "1.0": 0.0,
      "2.0": 0.0014771342565808936,
      "4.0": 0.029691796527770493
    },
    "barrier": {
      "0.5": 0.0,
      "1.0": 0.007886213381544006,
      "2.0": 0.09359294943114192,
      "4.0": 0.2541924998465885
    }
  },
  "mean_dist_aps": {
    "car": 0.208735899332166,
    "truck": 0.007231202950573107,
    "bus": 0.07882456912796684,
    "trailer": 0.001767431328430689,
    "construction_vehicle": 0.0,
    "pedestrian": 0.07286882301458741,
    "motorcycle": 0.0,
    "bicycle": 0.0,
    "traffic_cone": 0.007792232696087847,
    "barrier": 0.0889179156648186
  },
  "mean_ap": 0.04661380741146305,
  "label_tp_errors": {
    "car": {
      "trans_err": 0.9061203598389247,
      "scale_err": 0.2061161417998044,
      "orient_err": 0.6675649036984579,
      "vel_err": 1.0,
      "attr_err": 0.42556274050408227
    },
    "truck": {
      "trans_err": 0.9839021140207542,
      "scale_err": 0.31901904817128723,
      "orient_err": 0.9332727164859173,
      "vel_err": 1.0,
      "attr_err": 0.2887566214600941
    },
    "bus": {
      "trans_err": 0.9464817406302216,
      "scale_err": 0.22537457895222687,
      "orient_err": 1.1539708706702867,
      "vel_err": 1.0,
      "attr_err": 0.8636592411230759
    },
    "trailer": {
      "trans_err": 1.1355310818753277,
      "scale_err": 0.2701220946131612,
      "orient_err": 1.6895017456182606,
      "vel_err": 1.0,
      "attr_err": 0.12965387461807293
    },
    "construction_vehicle": {
      "trans_err": 1.0,
      "scale_err": 1.0,
      "orient_err": 1.0,
      "vel_err": 1.0,
      "attr_err": 1.0
    },
    "pedestrian": {
      "trans_err": 1.0951082806759367,
      "scale_err": 0.40030273786208337,
      "orient_err": 1.554616405646962,
      "vel_err": 1.0,
      "attr_err": 0.2208731227188298
    },
    "motorcycle": {
      "trans_err": 1.0,
      "scale_err": 1.0,
      "orient_err": 1.0,
      "vel_err": 1.0,
      "attr_err": 1.0
    },
    "bicycle": {
      "trans_err": 1.0,
      "scale_err": 1.0,
      "orient_err": 1.0,
      "vel_err": 1.0,
      "attr_err": 1.0
    },
    "traffic_cone": {
      "trans_err": 1.247811408633133,
      "scale_err": 0.5751369403489528,
      "orient_err": NaN,
      "vel_err": NaN,
      "attr_err": NaN
    },
    "barrier": {
      "trans_err": 1.1144289616977712,
      "scale_err": 0.4304382725449404,
      "orient_err": 0.32753969723475396,
      "vel_err": NaN,
      "attr_err": NaN
    }
  },
  "tp_errors": {
    "trans_err": 1.0429383947372068,
    "scale_err": 0.5426509814292456,
    "orient_err": 1.0362740377060708,
    "vel_err": 1.0,
    "attr_err": 0.6160632000530194
  },
  "tp_scores": {
    "trans_err": 0.0,
    "scale_err": 0.4573490185707544,
    "orient_err": 0.0,
    "vel_err": 0.0,
    "attr_err": 0.3839367999469806
  },
  "nd_score": 0.10743548555750501,
  "eval_time": 85.77297258377075,
  "meta": {
    "use_camera": false,
    "use_lidar": false,
    "use_radar": false,
    "use_map": false,
    "use_external": false
  }
}