{
  "label_aps": {
    "car": {
      "0.5": 0.0007082757919022999,
      "1.0": 0.0861517012627774,
      "2.0": 0.3038674224340271,
      "4.0": 0.5061530039082592
    },
    "truck": {
      "0.5": 0.0,
      "1.0": 0.0,
      "2.0": 0.017568065264593844,
      "4.0": 0.04119526521020587
    },
    "bus": {
      "0.5": 0.0,
      "1.0": 0.032028995037804986,
      "2.0": 0.1847201531978381,
      "4.0": 0.3102639244420188
    },
    "trailer": {
      "0.5": 0.0,
      "1.0": 0.0,
      "2.0": 0.00018453398922644313,
      "4.0": 0.007470347089090406
    },
    "construction_vehicle": {
      "0.5": 0.0,
      "1.0": 0.0,
      "2.0": 0.0,
      "4.0": 0.0
    },
    "pedestrian": {
      "0.5": 0.0,
      "1.0": 0.00796517491561423,
      "2.0": 0.08128085655968334,
      "4.0": 0.20063602213698525
    },
    "motorcycle": {
      "0.5": 0.0,
      "1.0": 0.0,
      "2.0": 0.0,
      "4.0": 0.0
    },
    "bicycle": {
      "0.5": 0.0,
      "1.0": 0.0,
      "2.0": 0.0,
      "4.0": 0.0
    },
    "traffic_cone": {
      "0.5": 0.0,
      "1.0": 0.0,
      "2.0": 0.014117684399733502,
      "4.0": 0.08753475822031312
    },
    "barrier": {
      "0.5": 0.0,
      "1.0": 0.006648063724111988,
      "2.0": 0.1001902464152068,
      "4.0": 0.29608650270839165
    }
  },
  "mean_dist_aps": {
    "car": 0.2242201008492415,
    "truck": 0.014690832618699929,
    "bus": 0.13175326816941546,
    "trailer": 0.001913720269579212,
    "construction_vehicle": 0.0,
    "pedestrian": 0.0724705134030707,
    "motorcycle": 0.0,
    "bicycle": 0.0,
    "traffic_cone": 0.025413110655011655,
    "barrier": 0.1007312032119276
  },
  "mean_ap": 0.057119274917694605,
  "label_tp_errors": {
    "car": {
      "trans_err": 0.9073060029937724,
      "scale_err": 0.20430188281328085,
      "orient_err": 0.6082329380208314,
      "vel_err": 1.0,
      "attr_err": 0.42994283398339284
    },
    "truck": {
      "trans_err": 0.9572723045284531,
      "scale_err": 0.30992261293919116,
      "orient_err": 0.9123195592808517,
      "vel_err": 1.0,
      "attr_err": 0.3069708943773256
    },
    "bus": {
      "trans_err": 0.9804925074964872,
      "scale_err": 0.23507952622813044,
      "orient_err": 0.875354211835748,
      "vel_err": 1.0,
      "attr_err": 0.8432303242317676
    },
    "trailer": {
      "trans_err": 1.3059806715869566,
      "scale_err": 0.27899052479473146,
      "orient_err": 1.6939420731571837,
      "vel_err": 1.0,
      "attr_err": 0.12625111389208232
    },
    "construction_vehicle": {
      "trans_err": 1.0,
      "scale_err": 1.0,
      "orient_err": 1.0,
      "vel_err": 1.0,
      "attr_err": 1.0
    },
    "pedestrian": {
      "trans_err": 1.106579612561126,
      "scale_err": 0.3860034372146884,
      "orient_err": 1.6307663298851507,
      "vel_err": 1.0,
      "attr_err": 0.22053490727454664
    },
    "motorcycle": {
      "trans_err": 1.0,
      "scale_err": 1.0,
      "orient_err": 1.0,
      "vel_err": 1.0,
      "attr_err": 1.0
    },
    "bicycle": {
      "trans_err": 1.0,
      "scale_err": 1.0,
      "orient_err": 1.0,
      "vel_err": 1.0,
      "attr_err": 1.0
    },
    "traffic_cone": {
      "trans_err": 1.2727541711704295,
      "scale_err": 0.5637484511971741,
      "orient_err": NaN,
      "vel_err": NaN,
      "attr_err": NaN
    },
    "barrier": {
      "trans_err": 1.1400205511841517,
      "scale_err": 0.40479890262000023,
      "orient_err": 0.3302751238468735,
      "vel_err": NaN,
      "attr_err": NaN
    }
  },
  "tp_errors": {
    "trans_err": 1.0670405821521378,
    "scale_err": 0.5382845337807197,
    "orient_err": 1.0056544706696267,
    "vel_err": 1.0,
    "attr_err": 0.6158662592198894
  },
  "tp_scores": {
    "trans_err": 0.0,
    "scale_err": 0.4617154662192803,
    "orient_err": 0.0,
    "vel_err": 0.0,
    "attr_err": 0.38413374078011064
  },
  "nd_score": 0.11314455815878639,
  "eval_time": 89.19130229949951,
  "meta": {
    "use_camera": false,
    "use_lidar": false,
    "use_radar": false,
    "use_map": false,
    "use_external": false
  }
}