{
  "label_aps": {
    "car": {
      "0.5": 0.0,
      "1.0": 0.06509167162198848,
      "2.0": 0.2681412305926076,
      "4.0": 0.4707349525288185
    },
    "truck": {
      "0.5": 0.0,
      "1.0": 0.0,
      "2.0": 0.0072374874095969335,
      "4.0": 0.030715532710225937
    },
    "bus": {
      "0.5": 0.0,
      "1.0": 0.004711650875332274,
      "2.0": 0.0801740578862025,
      "4.0": 0.20923786098379854
    },
    "trailer": {
      "0.5": 0.0,
      "1.0": 0.0,
      "2.0": 0.0,
      "4.0": 0.00025673524857162147
    },
    "construction_vehicle": {
      "0.5": 0.0,
      "1.0": 0.0,
      "2.0": 0.0,
      "4.0": 0.0
    },
    "pedestrian": {
      "0.5": 0.0,
      "1.0": 0.0004304295608231943,
      "2.0": 0.03379933206955738,
      "4.0": 0.12256873667237532
    },
    "motorcycle": {
      "0.5": 0.0,
      "1.0": 0.0,
      "2.0": 0.0,
      "4.0": 0.0
    },
    "bicycle": {
      "0.5": 0.0,
      "1.0": 0.0,
      "2.0": 0.0,
      "4.0": 0.0
    },
    "traffic_cone": {
      "0.5": 0.0,
      "1.0": 0.0,
      "2.0": 0.0012421490153085273,
      "4.0": 0.025472781835276934
    },
    "barrier": {
      "0.5": 0.0,
      "1.0": 0.009482406383528649,
      "2.0": 0.09932568014241852,
      "4.0": 0.31654095652366626
    }
  },
  "mean_dist_aps": {
    "car": 0.20099196368585365,
    "truck": 0.009488255029955718,
    "bus": 0.07353089243633333,
    "trailer": 6.418381214290537e-05,
    "construction_vehicle": 0.0,
    "pedestrian": 0.03919962457568897,
    "motorcycle": 0.0,
    "bicycle": 0.0,
    "traffic_cone": 0.006678732712646365,
    "barrier": 0.10633726076240335
  },
  "mean_ap": 0.04362909130150243,
  "label_tp_errors": {
    "car": {
      "trans_err": 0.9329059565317449,
      "scale_err": 0.20459241252961505,
      "orient_err": 0.8261611306388943,
      "vel_err": 1.0,
      "attr_err": 0.44401236246330084
    },
    "truck": {
      "trans_err": 1.0242788935995903,
      "scale_err": 0.35819476366861297,
      "orient_err": 0.9576397313955535,
      "vel_err": 1.0,
      "attr_err": 0.24677535825392444
    },
    "bus": {
      "trans_err": 1.0234787213268552,
      "scale_err": 0.23641155480883594,
      "orient_err": 0.9193236240491665,
      "vel_err": 1.0,
      "attr_err": 0.8229090308715524
    },
    "trailer": {
      "trans_err": 1.185396468019957,
      "scale_err": 0.31748840157440333,
      "orient_err": 1.316231249559255,
      "vel_err": 1.0,
      "attr_err": 0.1380018904145984
    },
    "construction_vehicle": {
      "trans_err": 1.0,
      "scale_err": 1.0,
      "orient_err": 1.0,
      "vel_err": 1.0,
      "attr_err": 1.0
    },
    "pedestrian": {
      "trans_err": 1.1431374839599318,
      "scale_err": 0.403638365673815,
      "orient_err": 1.5606832019474826,
      "vel_err": 1.0,
      "attr_err": 0.24571178741662195
    },
    "motorcycle": {
      "trans_err": 1.0,
      "scale_err": 1.0,
      "orient_err": 1.0,
      "vel_err": 1.0,
      "attr_err": 1.0
    },
    "bicycle": {
      "trans_err": 1.0,
      "scale_err": 1.0,
      "orient_err": 1.0,
      "vel_err": 1.0,
      "attr_err": 1.0
    },
    "traffic_cone": {
      "trans_err": 1.2802343586088123,
      "scale_err": 0.5671547969467478,
      "orient_err": NaN,
      "vel_err": NaN,
      "attr_err": NaN
    },
    "barrier": {
      "trans_err": 1.0979656965301108,
      "scale_err": 0.3867328438140886,
      "orient_err": 0.42596163398226755,
      "vel_err": NaN,
      "attr_err": NaN
    }
  },
  "tp_errors": {
    "trans_err": 1.0687397578577003,
    "scale_err": 0.5474213139016119,
    "orient_err": 1.0006667301747354,
    "vel_err": 1.0,
    "attr_err": 0.6121763036774998
  },
  "tp_scores": {
    "trans_err": 0.0,
    "scale_err": 0.45257868609838814,
    "orient_err": 0.0,
    "vel_err": 0.0,
    "attr_err": 0.38782369632250024
  },
  "nd_score": 0.10585478389284005,
  "eval_time": 99.90422487258911,
  "meta": {
    "use_camera": false,
    "use_lidar": false,
    "use_radar": false,
    "use_map": false,
    "use_external": false
  }
}