{
  "label_aps": {
    "car": {
      "0.5": 0.0,
      "1.0": 0.0,
      "2.0": 0.004347317563135821,
      "4.0": 0.06552817150342391
    },
    "truck": {
      "0.5": 0.0,
      "1.0": 0.0,
      "2.0": 0.0,
      "4.0": 0.0
    },
    "bus": {
      "0.5": 0.0,
      "1.0": 0.0,
      "2.0": 0.0,
      "4.0": 0.007226371715199635
    },
    "trailer": {
      "0.5": 0.0,
      "1.0": 0.0,
      "2.0": 0.0,
      "4.0": 0.0
    },
    "construction_vehicle": {
      "0.5": 0.0,
      "1.0": 0.0,
      "2.0": 0.0,
      "4.0": 0.0
    },
    "pedestrian": {
      "0.5": 0.0,
      "1.0": 0.0,
      "2.0": 0.0,
      "4.0": 0.0
    },
    "motorcycle": {
      "0.5": 0.0,
      "1.0": 0.0,
      "2.0": 0.0,
      "4.0": 0.0
    },
    "bicycle": {
      "0.5": 0.0,
      "1.0": 0.0,
      "2.0": 0.0,
      "4.0": 0.0
    },
    "traffic_cone": {
      "0.5": 0.0,
      "1.0": 0.0,
      "2.0": 0.0,
      "4.0": 0.0
    },
    "barrier": {
      "0.5": 0.0,
      "1.0": 0.0,
      "2.0": 0.0,
      "4.0": 0.0
    }
  },
  "mean_dist_aps": {
    "car": 0.017468872266639932,
    "truck": 0.0,
    "bus": 0.0018065929287999088,
    "trailer": 0.0,
    "construction_vehicle": 0.0,
    "pedestrian": 0.0,
    "motorcycle": 0.0,
    "bicycle": 0.0,
    "traffic_cone": 0.0,
    "barrier": 0.0
  },
  "mean_ap": 0.001927546519543984,
  "label_tp_errors": {
    "car": {
      "trans_err": 1.2287471268643892,
      "scale_err": 0.27886588587271544,
      "orient_err": 1.1864278083391386,
      "vel_err": 1.0,
      "attr_err": 0.49576992763660926
    },
    "truck": {
      "trans_err": 1.0,
      "scale_err": 1.0,
      "orient_err": 1.0,
      "vel_err": 1.0,
      "attr_err": 1.0
    },
    "bus": {
      "trans_err": 1.2662134546485078,
      "scale_err": 0.47137544309912194,
      "orient_err": 1.2076564115594495,
      "vel_err": 1.0,
      "attr_err": 0.8714804213157497
    },
    "trailer": {
      "trans_err": 1.0,
      "scale_err": 1.0,
      "orient_err": 1.0,
      "vel_err": 1.0,
      "attr_err": 1.0
    },
    "construction_vehicle": {
      "trans_err": 1.0,
      "scale_err": 1.0,
      "orient_err": 1.0,
      "vel_err": 1.0,
      "attr_err": 1.0
    },
    "pedestrian": {
      "trans_err": 1.2713444792569102,
      "scale_err": 0.6239097312160782,
      "orient_err": 1.5567489563312313,
      "vel_err": 1.0,
      "attr_err": 0.3411720467028193
    },
    "motorcycle": {
      "trans_err": 1.0,
      "scale_err": 1.0,
      "orient_err": 1.0,
      "vel_err": 1.0,
      "attr_err": 1.0
    },
    "bicycle": {
      "trans_err": 1.0,
      "scale_err": 1.0,
      "orient_err": 1.0,
      "vel_err": 1.0,
      "attr_err": 1.0
    },
    "traffic_cone": {
      "trans_err": 1.0,
      "scale_err": 1.0,
      "orient_err": NaN,
      "vel_err": NaN,
      "attr_err": NaN
    },
    "barrier": {
      "trans_err": 1.0,
      "scale_err": 1.0,
      "orient_err": 1.0,
      "vel_err": NaN,
      "attr_err": NaN
    }
  },
  "tp_errors": {
    "trans_err": 1.0766305060769807,
    "scale_err": 0.8374151060187917,
    "orient_err": 1.1056481306922024,
    "vel_err": 1.0,
    "attr_err": 0.8385527994568973
  },
  "tp_scores": {
    "trans_err": 0.0,
    "scale_err": 0.16258489398120834,
    "orient_err": 0.0,
    "vel_err": 0.0,
    "attr_err": 0.1614472005431027
  },
  "nd_score": 0.0333669827122031,
  "eval_time": 111.36192297935486,
  "meta": {
    "use_camera": false,
    "use_lidar": false,
    "use_radar": false,
    "use_map": false,
    "use_external": false
  }
}