{
  "label_aps": {
    "car": {
      "0.5": 0.00011120470479167362,
      "1.0": 0.07841046378891471,
      "2.0": 0.3045010165765502,
      "4.0": 0.5056589654240367
    },
    "truck": {
      "0.5": 0.0,
      "1.0": 0.0,
      "2.0": 0.02070758328022321,
      "4.0": 0.04369424734073154
    },
    "bus": {
      "0.5": 0.0,
      "1.0": 0.05083768386774117,
      "2.0": 0.19231472318549114,
      "4.0": 0.34106544193746025
    },
    "trailer": {
      "0.5": 0.0,
      "1.0": 0.0,
      "2.0": 0.0006971000299224312,
      "4.0": 0.021270542729160163
    },
    "construction_vehicle": {
      "0.5": 0.0,
      "1.0": 0.0,
      "2.0": 0.0,
      "4.0": 0.0
    },
    "pedestrian": {
      "0.5": 0.0,
      "1.0": 0.015565281603351369,
      "2.0": 0.1033027470991385,
      "4.0": 0.22537705391376875
    },
    "motorcycle": {
      "0.5": 0.0,
      "1.0": 0.0,
      "2.0": 0.0,
      "4.0": 0.0
    },
    "bicycle": {
      "0.5": 0.0,
      "1.0": 0.0,
      "2.0": 0.0,
      "4.0": 0.0
    },
    "traffic_cone": {
      "0.5": 0.0,
      "1.0": 0.0,
      "2.0": 0.003995323940616045,
      "4.0": 0.04616896571660652
    },
    "barrier": {
      "0.5": 0.0,
      "1.0": 0.013805862538597957,
      "2.0": 0.1313822823051998,
      "4.0": 0.3626454654770186
    }
  },
  "mean_dist_aps": {
    "car": 0.22217041262357332,
    "truck": 0.01610045765523869,
    "bus": 0.14605446224767316,
    "trailer": 0.005491910689770649,
    "construction_vehicle": 0.0,
    "pedestrian": 0.08606127065406466,
    "motorcycle": 0.0,
    "bicycle": 0.0,
    "traffic_cone": 0.012541072414305642,
    "barrier": 0.12695840258020408
  },
  "mean_ap": 0.06153779888648301,
  "label_tp_errors": {
    "car": {
      "trans_err": 0.92755170530226,
      "scale_err": 0.2003751727255711,
      "orient_err": 0.6748795683707535,
      "vel_err": 1.0,
      "attr_err": 0.43570991609207416
    },
    "truck": {
      "trans_err": 1.1282719175984581,
      "scale_err": 0.32446904889907024,
      "orient_err": 1.096529276029021,
      "vel_err": 1.0,
      "attr_err": 0.2640830210218787
    },
    "bus": {
      "trans_err": 0.8979512966160753,
      "scale_err": 0.19525801689655645,
      "orient_err": 0.7903335776991361,
      "vel_err": 1.0,
      "attr_err": 0.8627700251026567
    },
    "trailer": {
      "trans_err": 1.1891317521782376,
      "scale_err": 0.2488636062763073,
      "orient_err": 1.4508060160145493,
      "vel_err": 1.0,
      "attr_err": 0.12808878884896102
    },
    "construction_vehicle": {
      "trans_err": 1.0,
      "scale_err": 1.0,
      "orient_err": 1.0,
      "vel_err": 1.0,
      "attr_err": 1.0
    },
    "pedestrian": {
      "trans_err": 1.0566654952960346,
      "scale_err": 0.3997725515794487,
      "orient_err": 1.4965534623572274,
      "vel_err": 1.0,
      "attr_err": 0.20790016121809227
    },
    "motorcycle": {
      "trans_err": 1.0,
      "scale_err": 1.0,
      "orient_err": 1.0,
      "vel_err": 1.0,
      "attr_err": 1.0
    },
    "bicycle": {
      "trans_err": 1.0,
      "scale_err": 1.0,
      "orient_err": 1.0,
      "vel_err": 1.0,
      "attr_err": 1.0
    },
    "traffic_cone": {
      "trans_err": 1.2581452942522182,
      "scale_err": 0.5959544232389149,
      "orient_err": NaN,
      "vel_err": NaN,
      "attr_err": NaN
    },
    "barrier": {
      "trans_err": 1.1083143196322656,
      "scale_err": 0.38660554264324076,
      "orient_err": 0.36545442772558123,
      "vel_err": NaN,
      "attr_err": NaN
    }
  },
  "tp_errors": {
    "trans_err": 1.0566031780875549,
    "scale_err": 0.5351298362259109,
    "orient_err": 0.9860618142440298,
    "vel_err": 1.0,
    "attr_err": 0.6123189890354579
  },
  "tp_scores": {
    "trans_err": 0.0,
    "scale_err": 0.4648701637740891,
    "orient_err": 0.013938185755970167,
    "vel_err": 0.0,
    "attr_err": 0.3876810109645421
  },
  "nd_score": 0.11741783549270164,
  "eval_time": 97.53289532661438,
  "meta": {
    "use_camera": false,
    "use_lidar": false,
    "use_radar": false,
    "use_map": false,
    "use_external": false
  }
}