{
  "label_aps": {
    "car": {
      "0.5": 0.0,
      "1.0": 0.05622116828572405,
      "2.0": 0.23247510627814055,
      "4.0": 0.4124776180313344
    },
    "truck": {
      "0.5": 0.0,
      "1.0": 0.0,
      "2.0": 0.00607391169192355,
      "4.0": 0.02340661856137025
    },
    "bus": {
      "0.5": 0.0,
      "1.0": 0.00694519546445127,
      "2.0": 0.08443978846733914,
      "4.0": 0.2220129290391212
    },
    "trailer": {
      "0.5": 0.0,
      "1.0": 0.0,
      "2.0": 0.0,
      "4.0": 0.000423358320408456
    },
    "construction_vehicle": {
      "0.5": 0.0,
      "1.0": 0.0,
      "2.0": 0.0,
      "4.0": 0.0
    },
    "pedestrian": {
      "0.5": 0.0,
      "1.0": 0.00038826394513267906,
      "2.0": 0.0313800086645188,
      "4.0": 0.11000107241083218
    },
    "motorcycle": {
      "0.5": 0.0,
      "1.0": 0.0,
      "2.0": 0.0,
      "4.0": 0.0
    },
    "bicycle": {
      "0.5": 0.0,
      "1.0": 0.0,
      "2.0": 0.0,
      "4.0": 0.0
    },
    "traffic_cone": {
      "0.5": 0.0,
      "1.0": 0.0,
      "2.0": 0.004756643167374727,
      "4.0": 0.055311350939952646
    },
    "barrier": {
      "0.5": 0.0,
      "1.0": 0.007941034689534773,
      "2.0": 0.11279929060348534,
      "4.0": 0.30618148674235246
    }
  },
  "mean_dist_aps": {
    "car": 0.17529347314879976,
    "truck": 0.00737013256332345,
    "bus": 0.07834947824272791,
    "trailer": 0.000105839580102114,
    "construction_vehicle": 0.0,
    "pedestrian": 0.035442336255120915,
    "motorcycle": 0.0,
    "bicycle": 0.0,
    "traffic_cone": 0.015016998526831844,
    "barrier": 0.10673045300884315
  },
  "mean_ap": 0.04183087113257492,
  "label_tp_errors": {
    "car": {
      "trans_err": 0.9333832131920692,
      "scale_err": 0.20424784982344488,
      "orient_err": 0.7646917341873118,
      "vel_err": 1.0,
      "attr_err": 0.4283615287317696
    },
    "truck": {
      "trans_err": 0.9476754044579809,
      "scale_err": 0.341151326347892,
      "orient_err": 1.020423016644492,
      "vel_err": 1.0,
      "attr_err": 0.28064317275392703
    },
    "bus": {
      "trans_err": 0.9884294517284983,
      "scale_err": 0.2523639187431633,
      "orient_err": 0.7357356115014934,
      "vel_err": 1.0,
      "attr_err": 0.8092962397548925
    },
    "trailer": {
      "trans_err": 1.2446993460483908,
      "scale_err": 0.42106522594765616,
      "orient_err": 1.6475989343866277,
      "vel_err": 1.0,
      "attr_err": 0.12502407078061115
    },
    "construction_vehicle": {
      "trans_err": 1.0,
      "scale_err": 1.0,
      "orient_err": 1.0,
      "vel_err": 1.0,
      "attr_err": 1.0
    },
    "pedestrian": {
      "trans_err": 1.135354045005627,
      "scale_err": 0.3994992117042514,
      "orient_err": 1.5703344674847568,
      "vel_err": 1.0,
      "attr_err": 0.21118338565792388
    },
    "motorcycle": {
      "trans_err": 1.0,
      "scale_err": 1.0,
      "orient_err": 1.0,
      "vel_err": 1.0,
      "attr_err": 1.0
    },
    "bicycle": {
      "trans_err": 1.0,
      "scale_err": 1.0,
      "orient_err": 1.0,
      "vel_err": 1.0,
      "attr_err": 1.0
    },
    "traffic_cone": {
      "trans_err": 1.2094988088449738,
      "scale_err": 0.5998634380801737,
      "orient_err": NaN,
      "vel_err": NaN,
      "attr_err": NaN
    },
    "barrier": {
      "trans_err": 1.0979584222665322,
      "scale_err": 0.39827676898006187,
      "orient_err": 0.3741175369060203,
      "vel_err": NaN,
      "attr_err": NaN
    }
  },
  "tp_errors": {
    "trans_err": 1.0556998691544073,
    "scale_err": 0.5616467739626644,
    "orient_err": 1.0125445890123002,
    "vel_err": 1.0,
    "attr_err": 0.6068135497098905
  },
  "tp_scores": {
    "trans_err": 0.0,
    "scale_err": 0.4383532260373356,
    "orient_err": 0.0,
    "vel_err": 0.0,
    "attr_err": 0.39318645029010946
  },
  "nd_score": 0.10406940319903198,
  "eval_time": 112.25447845458984,
  "meta": {
    "use_camera": false,
    "use_lidar": false,
    "use_radar": false,
    "use_map": false,
    "use_external": false
  }
}