{
  "label_aps": {
    "car": {
      "0.5": 0.00022622273475325465,
      "1.0": 0.07844434146826436,
      "2.0": 0.2925116083694889,
      "4.0": 0.5035866723228644
    },
    "truck": {
      "0.5": 0.0,
      "1.0": 0.00010775040257605367,
      "2.0": 0.01725352229113106,
      "4.0": 0.04116420851531322
    },
    "bus": {
      "0.5": 0.0,
      "1.0": 0.029952599475326275,
      "2.0": 0.19246679543775622,
      "4.0": 0.27136479160652577
    },
    "trailer": {
      "0.5": 0.0,
      "1.0": 0.0,
      "2.0": 0.00020984852506591628,
      "4.0": 0.0025911085607751494
    },
    "construction_vehicle": {
      "0.5": 0.0,
      "1.0": 0.0,
      "2.0": 0.0,
      "4.0": 0.0
    },
    "pedestrian": {
      "0.5": 0.0,
      "1.0": 0.009522720521913776,
      "2.0": 0.08782847750915401,
      "4.0": 0.20341838122119912
    },
    "motorcycle": {
      "0.5": 0.0,
      "1.0": 0.0,
      "2.0": 0.0,
      "4.0": 0.0
    },
    "bicycle": {
      "0.5": 0.0,
      "1.0": 0.0,
      "2.0": 0.0,
      "4.0": 0.0
    },
    "traffic_cone": {
      "0.5": 0.0,
      "1.0": 0.0,
      "2.0": 0.011487377231396497,
      "4.0": 0.08394095183961235
    },
    "barrier": {
      "0.5": 0.0,
      "1.0": 0.01091269060855046,
      "2.0": 0.12054090328716764,
      "4.0": 0.33259004653392954
    }
  },
  "mean_dist_aps": {
    "car": 0.21869221122384272,
    "truck": 0.014631370302255083,
    "bus": 0.12344604662990206,
    "trailer": 0.0007002392714602664,
    "construction_vehicle": 0.0,
    "pedestrian": 0.07519239481306672,
    "motorcycle": 0.0,
    "bicycle": 0.0,
    "traffic_cone": 0.02385708226775221,
    "barrier": 0.11601091010741191
  },
  "mean_ap": 0.057253025461569095,
  "label_tp_errors": {
    "car": {
      "trans_err": 0.9185635345393681,
      "scale_err": 0.21373023314269943,
      "orient_err": 0.6905929521115377,
      "vel_err": 1.0,
      "attr_err": 0.42720684525261426
    },
    "truck": {
      "trans_err": 0.9523018173913065,
      "scale_err": 0.3048563635492738,
      "orient_err": 0.8416221510327172,
      "vel_err": 1.0,
      "attr_err": 0.33438508853712384
    },
    "bus": {
      "trans_err": 0.9969223881629676,
      "scale_err": 0.20970259600150126,
      "orient_err": 1.0495584733923025,
      "vel_err": 1.0,
      "attr_err": 0.8689668036986689
    },
    "trailer": {
      "trans_err": 1.1592271447806075,
      "scale_err": 0.2493935627384877,
      "orient_err": 1.7796611124701662,
      "vel_err": 1.0,
      "attr_err": 0.1252536119479597
    },
    "construction_vehicle": {
      "trans_err": 1.0,
      "scale_err": 1.0,
      "orient_err": 1.0,
      "vel_err": 1.0,
      "attr_err": 1.0
    },
    "pedestrian": {
      "trans_err": 1.096257497904331,
      "scale_err": 0.3908943809637414,
      "orient_err": 1.5321024561163943,
      "vel_err": 1.0,
      "attr_err": 0.2076662128384453
    },
    "motorcycle": {
      "trans_err": 1.0,
      "scale_err": 1.0,
      "orient_err": 1.0,
      "vel_err": 1.0,
      "attr_err": 1.0
    },
    "bicycle": {
      "trans_err": 1.0,
      "scale_err": 1.0,
      "orient_err": 1.0,
      "vel_err": 1.0,
      "attr_err": 1.0
    },
    "traffic_cone": {
      "trans_err": 1.2093314256753684,
      "scale_err": 0.5731693423855472,
      "orient_err": NaN,
      "vel_err": NaN,
      "attr_err": NaN
    },
    "barrier": {
      "trans_err": 1.1083293436342443,
      "scale_err": 0.39898272929399997,
      "orient_err": 0.2682828143229598,
      "vel_err": NaN,
      "attr_err": NaN
    }
  },
  "tp_errors": {
    "trans_err": 1.0440933152088194,
    "scale_err": 0.5340729208075251,
    "orient_err": 1.0179799954940087,
    "vel_err": 1.0,
    "attr_err": 0.6204348202843515
  },
  "tp_scores": {
    "trans_err": 0.0,
    "scale_err": 0.4659270791924749,
    "orient_err": 0.0,
    "vel_err": 0.0,
    "attr_err": 0.3795651797156485
  },
  "nd_score": 0.11317573862159688,
  "eval_time": 88.71117520332336,
  "meta": {
    "use_camera": false,
    "use_lidar": false,
    "use_radar": false,
    "use_map": false,
    "use_external": false
  }
}