{
  "label_aps": {
    "car": {
      "0.5": 0.0,
      "1.0": 0.0496116831896458,
      "2.0": 0.23439059387039024,
      "4.0": 0.43317776808945113
    },
    "truck": {
      "0.5": 0.0,
      "1.0": 0.0,
      "2.0": 0.001827542764963627,
      "4.0": 0.01459724526548007
    },
    "bus": {
      "0.5": 0.0,
      "1.0": 0.00018919064308829377,
      "2.0": 0.03612411935177395,
      "4.0": 0.17316100236594076
    },
    "trailer": {
      "0.5": 0.0,
      "1.0": 0.0,
      "2.0": 0.0,
      "4.0": 0.0014828279442830107
    },
    "construction_vehicle": {
      "0.5": 0.0,
      "1.0": 0.0,
      "2.0": 0.0,
      "4.0": 0.0
    },
    "pedestrian": {
      "0.5": 0.0,
      "1.0": 0.0,
      "2.0": 0.0248879974056299,
      "4.0": 0.11807231656510597
    },
    "motorcycle": {
      "0.5": 0.0,
      "1.0": 0.0,
      "2.0": 0.0,
      "4.0": 0.0
    },
    "bicycle": {
      "0.5": 0.0,
      "1.0": 0.0,
      "2.0": 0.0,
      "4.0": 0.0
    },
    "traffic_cone": {
      "0.5": 0.0,
      "1.0": 0.0,
      "2.0": 0.00036524461854794163,
      "4.0": 0.015180596630985713
    },
    "barrier": {
      "0.5": 0.0,
      "1.0": 0.0041570834405592234,
      "2.0": 0.07852527096440655,
      "4.0": 0.27815065123342686
    }
  },
  "mean_dist_aps": {
    "car": 0.1792950112873718,
    "truck": 0.004106197007610925,
    "bus": 0.05236857809020075,
    "trailer": 0.00037070698607075266,
    "construction_vehicle": 0.0,
    "pedestrian": 0.03574007849268397,
    "motorcycle": 0.0,
    "bicycle": 0.0,
    "traffic_cone": 0.0038864603123834134,
    "barrier": 0.09020825140959815
  },
  "mean_ap": 0.03659752835859197,
  "label_tp_errors": {
    "car": {
      "trans_err": 0.9714848675313811,
      "scale_err": 0.22012838625950873,
      "orient_err": 0.9039275633063675,
      "vel_err": 1.0,
      "attr_err": 0.4199066737264991
    },
    "truck": {
      "trans_err": 1.0901637194510454,
      "scale_err": 0.35123923937443235,
      "orient_err": 0.9598202141654654,
      "vel_err": 1.0,
      "attr_err": 0.36847125970129535
    },
    "bus": {
      "trans_err": 1.0825125152006934,
      "scale_err": 0.2570553356244652,
      "orient_err": 0.9440175039890728,
      "vel_err": 1.0,
      "attr_err": 0.8312678353160199
    },
    "trailer": {
      "trans_err": 1.228601410943899,
      "scale_err": 0.3074889627734554,
      "orient_err": 1.6539317753851945,
      "vel_err": 1.0,
      "attr_err": 0.10460650381194082
    },
    "construction_vehicle": {
      "trans_err": 1.0,
      "scale_err": 1.0,
      "orient_err": 1.0,
      "vel_err": 1.0,
      "attr_err": 1.0
    },
    "pedestrian": {
      "trans_err": 1.1708339955833804,
      "scale_err": 0.4323830335668983,
      "orient_err": 1.628490627478101,
      "vel_err": 1.0,
      "attr_err": 0.26878112873921683
    },
    "motorcycle": {
      "trans_err": 1.0,
      "scale_err": 1.0,
      "orient_err": 1.0,
      "vel_err": 1.0,
      "attr_err": 1.0
    },
    "bicycle": {
      "trans_err": 1.0,
      "scale_err": 1.0,
      "orient_err": 1.0,
      "vel_err": 1.0,
      "attr_err": 1.0
    },
    "traffic_cone": {
      "trans_err": 1.2490047959224522,
      "scale_err": 0.5899939503917471,
      "orient_err": NaN,
      "vel_err": NaN,
      "attr_err": NaN
    },
    "barrier": {
      "trans_err": 1.17660012346915,
      "scale_err": 0.4530310502877657,
      "orient_err": 0.3361132198691184,
      "vel_err": NaN,
      "attr_err": NaN
    }
  },
  "tp_errors": {
    "trans_err": 1.0969201428102002,
    "scale_err": 0.5611319958278272,
    "orient_err": 1.047366767132591,
    "vel_err": 1.0,
    "attr_err": 0.6241291751618715
  },
  "tp_scores": {
    "trans_err": 0.0,
    "scale_err": 0.43886800417217275,
    "orient_err": 0.0,
    "vel_err": 0.0,
    "attr_err": 0.3758708248381285
  },
  "nd_score": 0.09977264708032611,
  "eval_time": 100.39635586738586,
  "meta": {
    "use_camera": false,
    "use_lidar": false,
    "use_radar": false,
    "use_map": false,
    "use_external": false
  }
}