{
  "label_aps": {
    "car": {
      "0.5": 0.0,
      "1.0": 0.0439311455571872,
      "2.0": 0.22322059067796757,
      "4.0": 0.4355530652451079
    },
    "truck": {
      "0.5": 0.0,
      "1.0": 0.0,
      "2.0": 0.007652149747089945,
      "4.0": 0.0265596433715279
    },
    "bus": {
      "0.5": 0.0,
      "1.0": 0.004244808265129044,
      "2.0": 0.06877981798855032,
      "4.0": 0.18475747216595004
    },
    "trailer": {
      "0.5": 0.0,
      "1.0": 0.0,
      "2.0": 0.0,
      "4.0": 0.0002859945991422757
    },
    "construction_vehicle": {
      "0.5": 0.0,
      "1.0": 0.0,
      "2.0": 0.0,
      "4.0": 0.0
    },
    "pedestrian": {
      "0.5": 0.0,
      "1.0": 0.0,
      "2.0": 0.003019886183710438,
      "4.0": 0.043155414036185696
    },
    "motorcycle": {
      "0.5": 0.0,
      "1.0": 0.0,
      "2.0": 0.0,
      "4.0": 0.0
    },
    "bicycle": {
      "0.5": 0.0,
      "1.0": 0.0,
      "2.0": 0.0,
      "4.0": 0.0
    },
    "traffic_cone": {
      "0.5": 0.0,
      "1.0": 0.0,
      "2.0": 0.0,
      "4.0": 0.00453783077195528
    },
    "barrier": {
      "0.5": 0.0,
      "1.0": 0.0017313471622303106,
      "2.0": 0.06680584762458791,
      "4.0": 0.2159056850922195
    }
  },
  "mean_dist_aps": {
    "car": 0.17567620037006565,
    "truck": 0.00855294827965446,
    "bus": 0.06444552460490735,
    "trailer": 7.149864978556892e-05,
    "construction_vehicle": 0.0,
    "pedestrian": 0.011543825054974033,
    "motorcycle": 0.0,
    "bicycle": 0.0,
    "traffic_cone": 0.00113445769298882,
    "barrier": 0.07111071996975943
  },
  "mean_ap": 0.033253517462213535,
  "label_tp_errors": {
    "car": {
      "trans_err": 0.9811618241001513,
      "scale_err": 0.20991747329619923,
      "orient_err": 1.1964444224936996,
      "vel_err": 1.0,
      "attr_err": 0.43687729756281657
    },
    "truck": {
      "trans_err": 0.9769733223750547,
      "scale_err": 0.35667936788320886,
      "orient_err": 1.1244706708742656,
      "vel_err": 1.0,
      "attr_err": 0.3421459981215275
    },
    "bus": {
      "trans_err": 0.9861198088478575,
      "scale_err": 0.20715715559354103,
      "orient_err": 1.288422857987785,
      "vel_err": 1.0,
      "attr_err": 0.8352824307918365
    },
    "trailer": {
      "trans_err": 1.2948877949025168,
      "scale_err": 0.2982210185075126,
      "orient_err": 1.4172739646219505,
      "vel_err": 1.0,
      "attr_err": 0.1290399011453384
    },
    "construction_vehicle": {
      "trans_err": 1.0,
      "scale_err": 1.0,
      "orient_err": 1.0,
      "vel_err": 1.0,
      "attr_err": 1.0
    },
    "pedestrian": {
      "trans_err": 1.1969225288794676,
      "scale_err": 0.46305741337749007,
      "orient_err": 1.584513842326584,
      "vel_err": 1.0,
      "attr_err": 0.2825356003709878
    },
    "motorcycle": {
      "trans_err": 1.0,
      "scale_err": 1.0,
      "orient_err": 1.0,
      "vel_err": 1.0,
      "attr_err": 1.0
    },
    "bicycle": {
      "trans_err": 1.0,
      "scale_err": 1.0,
      "orient_err": 1.0,
      "vel_err": 1.0,
      "attr_err": 1.0
    },
    "traffic_cone": {
      "trans_err": 1.0,
      "scale_err": 1.0,
      "orient_err": NaN,
      "vel_err": NaN,
      "attr_err": NaN
    },
    "barrier": {
      "trans_err": 1.1512901714930042,
      "scale_err": 0.4018153052396298,
      "orient_err": 0.449027825989241,
      "vel_err": NaN,
      "attr_err": NaN
    }
  },
  "tp_errors": {
    "trans_err": 1.0587355450598053,
    "scale_err": 0.5936847733897582,
    "orient_err": 1.1177948426992805,
    "vel_err": 1.0,
    "attr_err": 0.6282351534990633
  },
  "tp_scores": {
    "trans_err": 0.0,
    "scale_err": 0.4063152266102418,
    "orient_err": 0.0,
    "vel_err": 0.0,
    "attr_err": 0.37176484650093666
  },
  "nd_score": 0.0944347660422246,
  "eval_time": 114.92253828048706,
  "meta": {
    "use_camera": false,
    "use_lidar": false,
    "use_radar": false,
    "use_map": false,
    "use_external": false
  }
}