{
  "label_aps": {
    "car": {
      "0.5": 0.10581312260233097,
      "1.0": 0.318458658457644,
      "2.0": 0.4926127421084885,
      "4.0": 0.5856218038906987
    },
    "truck": {
      "0.5": 0.0,
      "1.0": 0.015485292871669741,
      "2.0": 0.0564338470575649,
      "4.0": 0.08142898305223235
    },
    "bus": {
      "0.5": 0.0,
      "1.0": 0.040854693207874555,
      "2.0": 0.1681961237514904,
      "4.0": 0.3189776555802321
    },
    "trailer": {
      "0.5": 0.0,
      "1.0": 0.0,
      "2.0": 0.0015888262570481761,
      "4.0": 0.011831939231683552
    },
    "construction_vehicle": {
      "0.5": 0.0,
      "1.0": 0.0,
      "2.0": 0.0,
      "4.0": 0.0
    },
    "pedestrian": {
      "0.5": 0.03700291274133822,
      "1.0": 0.17971113943870484,
      "2.0": 0.2666028662329694,
      "4.0": 0.3162580057712384
    },
    "motorcycle": {
      "0.5": 0.0,
      "1.0": 0.0,
      "2.0": 0.0,
      "4.0": 0.0
    },
    "bicycle": {
      "0.5": 0.0,
      "1.0": 0.0,
      "2.0": 0.0,
      "4.0": 0.0
    },
    "traffic_cone": {
      "0.5": 0.0,
      "1.0": 0.008778834309469529,
      "2.0": 0.04867017792890583,
      "4.0": 0.09672517446988474
    },
    "barrier": {
      "0.5": 0.001238772305426842,
      "1.0": 0.08574487146677325,
      "2.0": 0.2674571933343949,
      "4.0": 0.3418638154650555
    }
  },
  "mean_dist_aps": {
    "car": 0.3756265817647906,
    "truck": 0.03833703074536675,
    "bus": 0.13200711813489927,
    "trailer": 0.003355191372182932,
    "construction_vehicle": 0.0,
    "pedestrian": 0.19989373104606273,
    "motorcycle": 0.0,
    "bicycle": 0.0,
    "traffic_cone": 0.03854354667706503,
    "barrier": 0.17407616314291263
  },
  "mean_ap": 0.09618393628832798,
  "label_tp_errors": {
    "car": {
      "trans_err": 0.5931697340140227,
      "scale_err": 0.18579280698769213,
      "orient_err": 0.9822791230979526,
      "vel_err": 1.0,
      "attr_err": 0.4284358294801289
    },
    "truck": {
      "trans_err": 0.8015258597666727,
      "scale_err": 0.2877801575702588,
      "orient_err": 0.984638319428343,
      "vel_err": 1.0,
      "attr_err": 0.3369314059103432
    },
    "bus": {
      "trans_err": 0.872537769954514,
      "scale_err": 0.18791456167117332,
      "orient_err": 0.9487837732552993,
      "vel_err": 1.0,
      "attr_err": 0.8529597141259189
    },
    "trailer": {
      "trans_err": 1.0865803743759894,
      "scale_err": 0.21750270249594555,
      "orient_err": 1.6226139138317845,
      "vel_err": 1.0,
      "attr_err": 0.13339064199117814
    },
    "construction_vehicle": {
      "trans_err": 1.0,
      "scale_err": 1.0,
      "orient_err": 1.0,
      "vel_err": 1.0,
      "attr_err": 1.0
    },
    "pedestrian": {
      "trans_err": 0.6879170435604154,
      "scale_err": 0.3246560003666219,
      "orient_err": 1.495847347433186,
      "vel_err": 1.0,
      "attr_err": 0.17057824864194623
    },
    "motorcycle": {
      "trans_err": 1.0,
      "scale_err": 1.0,
      "orient_err": 1.0,
      "vel_err": 1.0,
      "attr_err": 1.0
    },
    "bicycle": {
      "trans_err": 1.0,
      "scale_err": 1.0,
      "orient_err": 1.0,
      "vel_err": 1.0,
      "attr_err": 1.0
    },
    "traffic_cone": {
      "trans_err": 0.9396199008069767,
      "scale_err": 0.5185972425725591,
      "orient_err": NaN,
      "vel_err": NaN,
      "attr_err": NaN
    },
    "barrier": {
      "trans_err": 0.8752029511162481,
      "scale_err": 0.3971527417917488,
      "orient_err": 0.20426562925997377,
      "vel_err": NaN,
      "attr_err": NaN
    }
  },
  "tp_errors": {
    "trans_err": 0.8856553633594839,
    "scale_err": 0.5119396213456,
    "orient_err": 1.0264920118118375,
    "vel_err": 1.0,
    "attr_err": 0.6152869800186894
  },
  "tp_scores": {
    "trans_err": 0.11434463664051608,
    "scale_err": 0.4880603786544,
    "orient_err": 0.0,
    "vel_err": 0.0,
    "attr_err": 0.3847130199813106
  },
  "nd_score": 0.14680377167178665,
  "eval_time": 85.93102097511292,
  "meta": {
    "use_camera": false,
    "use_lidar": false,
    "use_radar": false,
    "use_map": false,
    "use_external": false
  }
}