{
  "label_aps": {
    "car": {
      "0.5": 0.0,
      "1.0": 0.06124266437658144,
      "2.0": 0.2563091855558856,
      "4.0": 0.44701577766404466
    },
    "truck": {
      "0.5": 0.0,
      "1.0": 0.0,
      "2.0": 0.00734757494106771,
      "4.0": 0.024684037602228367
    },
    "bus": {
      "0.5": 0.0,
      "1.0": 0.0070569421666492665,
      "2.0": 0.08112969643689819,
      "4.0": 0.1726179254223328
    },
    "trailer": {
      "0.5": 0.0,
      "1.0": 0.0,
      "2.0": 0.0,
      "4.0": 0.004689169551540645
    },
    "construction_vehicle": {
      "0.5": 0.0,
      "1.0": 0.0,
      "2.0": 0.0,
      "4.0": 0.0
    },
    "pedestrian": {
      "0.5": 0.0,
      "1.0": 0.001922856635758216,
      "2.0": 0.048384227336305444,
      "4.0": 0.14161079884414685
    },
    "motorcycle": {
      "0.5": 0.0,
      "1.0": 0.0,
      "2.0": 0.0,
      "4.0": 0.0
    },
    "bicycle": {
      "0.5": 0.0,
      "1.0": 0.0,
      "2.0": 0.0,
      "4.0": 0.0
    },
    "traffic_cone": {
      "0.5": 0.0,
      "1.0": 0.0,
      "2.0": 0.011580216075677809,
      "4.0": 0.07721155388275211
    },
    "barrier": {
      "0.5": 0.0,
      "1.0": 0.00551363176423747,
      "2.0": 0.10162958591480599,
      "4.0": 0.30921961655302693
    }
  },
  "mean_dist_aps": {
    "car": 0.1911419068991279,
    "truck": 0.008007903135824019,
    "bus": 0.06520114100647006,
    "trailer": 0.0011722923878851612,
    "construction_vehicle": 0.0,
    "pedestrian": 0.047979470704052625,
    "motorcycle": 0.0,
    "bicycle": 0.0,
    "traffic_cone": 0.022197942489607478,
    "barrier": 0.1040907085580176
  },
  "mean_ap": 0.04397913651809849,
  "label_tp_errors": {
    "car": {
      "trans_err": 0.9370114753955109,
      "scale_err": 0.2222472627427033,
      "orient_err": 0.7346544463283642,
      "vel_err": 1.0,
      "attr_err": 0.41737504377102846
    },
    "truck": {
      "trans_err": 1.009762455102389,
      "scale_err": 0.31498245175681433,
      "orient_err": 1.1579831793960154,
      "vel_err": 1.0,
      "attr_err": 0.3194489041479266
    },
    "bus": {
      "trans_err": 1.034320929305662,
      "scale_err": 0.22723349175042376,
      "orient_err": 1.0340726324100475,
      "vel_err": 1.0,
      "attr_err": 0.8446717702449388
    },
    "trailer": {
      "trans_err": 1.2180447559401528,
      "scale_err": 0.2712149150915025,
      "orient_err": 1.7001901656895015,
      "vel_err": 1.0,
      "attr_err": 0.1456034857648056
    },
    "construction_vehicle": {
      "trans_err": 1.0,
      "scale_err": 1.0,
      "orient_err": 1.0,
      "vel_err": 1.0,
      "attr_err": 1.0
    },
    "pedestrian": {
      "trans_err": 1.1017895085664284,
      "scale_err": 0.40759451890880255,
      "orient_err": 1.5597184297486875,
      "vel_err": 1.0,
      "attr_err": 0.21547337941493452
    },
    "motorcycle": {
      "trans_err": 1.0,
      "scale_err": 1.0,
      "orient_err": 1.0,
      "vel_err": 1.0,
      "attr_err": 1.0
    },
    "bicycle": {
      "trans_err": 1.0,
      "scale_err": 1.0,
      "orient_err": 1.0,
      "vel_err": 1.0,
      "attr_err": 1.0
    },
    "traffic_cone": {
      "trans_err": 1.2373924528654718,
      "scale_err": 0.6030601640431179,
      "orient_err": NaN,
      "vel_err": NaN,
      "attr_err": NaN
    },
    "barrier": {
      "trans_err": 1.1156670928590324,
      "scale_err": 0.40606778931112814,
      "orient_err": 0.34255883929548925,
      "vel_err": NaN,
      "attr_err": NaN
    }
  },
  "tp_errors": {
    "trans_err": 1.0653988670034646,
    "scale_err": 0.5452400593604492,
    "orient_err": 1.0587975214297893,
    "vel_err": 1.0,
    "attr_err": 0.6178215729179543
  },
  "tp_scores": {
    "trans_err": 0.0,
    "scale_err": 0.45475994063955083,
    "orient_err": 0.0,
    "vel_err": 0.0,
    "attr_err": 0.38217842708204575
  },
  "nd_score": 0.1056834050312089,
  "eval_time": 93.24749660491943,
  "meta": {
    "use_camera": false,
    "use_lidar": false,
    "use_radar": false,
    "use_map": false,
    "use_external": false
  }
}