{
  "label_aps": {
    "car": {
      "0.5": 0.0,
      "1.0": 0.04125821782803162,
      "2.0": 0.21481735942428715,
      "4.0": 0.4062506650984695
    },
    "truck": {
      "0.5": 0.0,
      "1.0": 0.0,
      "2.0": 0.0022139102977105905,
      "4.0": 0.02264512529654241
    },
    "bus": {
      "0.5": 0.0,
      "1.0": 0.009333978686411367,
      "2.0": 0.06639515346117307,
      "4.0": 0.19452557376360272
    },
    "trailer": {
      "0.5": 0.0,
      "1.0": 0.0,
      "2.0": 0.0,
      "4.0": 0.0014368665689237052
    },
    "construction_vehicle": {
      "0.5": 0.0,
      "1.0": 0.0,
      "2.0": 0.0,
      "4.0": 0.0
    },
    "pedestrian": {
      "0.5": 0.0,
      "1.0": 0.0,
      "2.0": 0.002902526031892214,
      "4.0": 0.04030285938446789
    },
    "motorcycle": {
      "0.5": 0.0,
      "1.0": 0.0,
      "2.0": 0.0,
      "4.0": 0.0
    },
    "bicycle": {
      "0.5": 0.0,
      "1.0": 0.0,
      "2.0": 0.0,
      "4.0": 0.0
    },
    "traffic_cone": {
      "0.5": 0.0,
      "1.0": 0.0,
      "2.0": 0.0014713915086456031,
      "4.0": 0.026721274391389917
    },
    "barrier": {
      "0.5": 0.0,
      "1.0": 0.004093232555535781,
      "2.0": 0.07365782260436468,
      "4.0": 0.251375325262478
    }
  },
  "mean_dist_aps": {
    "car": 0.16558156058769707,
    "truck": 0.006214758898563251,
    "bus": 0.06756367647779679,
    "trailer": 0.0003592166422309263,
    "construction_vehicle": 0.0,
    "pedestrian": 0.010801346354090026,
    "motorcycle": 0.0,
    "bicycle": 0.0,
    "traffic_cone": 0.00704816647500888,
    "barrier": 0.08228159510559463
  },
  "mean_ap": 0.033985032054098155,
  "label_tp_errors": {
    "car": {
      "trans_err": 0.982432483208929,
      "scale_err": 0.21216041683007852,
      "orient_err": 0.8817880813807344,
      "vel_err": 1.0,
      "attr_err": 0.44401597199555737
    },
    "truck": {
      "trans_err": 1.0789689807737024,
      "scale_err": 0.35028989162210467,
      "orient_err": 1.1373656346684031,
      "vel_err": 1.0,
      "attr_err": 0.28951930839418005
    },
    "bus": {
      "trans_err": 0.9404928452434425,
      "scale_err": 0.2405115016681582,
      "orient_err": 1.0633426187477093,
      "vel_err": 1.0,
      "attr_err": 0.8407063649182388
    },
    "trailer": {
      "trans_err": 1.2533099328813238,
      "scale_err": 0.3222943805583695,
      "orient_err": 1.5294127253654124,
      "vel_err": 1.0,
      "attr_err": 0.12448782431607303
    },
    "construction_vehicle": {
      "trans_err": 1.0,
      "scale_err": 1.0,
      "orient_err": 1.0,
      "vel_err": 1.0,
      "attr_err": 1.0
    },
    "pedestrian": {
      "trans_err": 1.208282278039981,
      "scale_err": 0.4451223220350606,
      "orient_err": 1.6118731488092644,
      "vel_err": 1.0,
      "attr_err": 0.2799572538009185
    },
    "motorcycle": {
      "trans_err": 1.0,
      "scale_err": 1.0,
      "orient_err": 1.0,
      "vel_err": 1.0,
      "attr_err": 1.0
    },
    "bicycle": {
      "trans_err": 1.0,
      "scale_err": 1.0,
      "orient_err": 1.0,
      "vel_err": 1.0,
      "attr_err": 1.0
    },
    "traffic_cone": {
      "trans_err": 1.1978123317230216,
      "scale_err": 0.6398160119560871,
      "orient_err": NaN,
      "vel_err": NaN,
      "attr_err": NaN
    },
    "barrier": {
      "trans_err": 1.1321555533335055,
      "scale_err": 0.41508761465743477,
      "orient_err": 0.411814651877827,
      "vel_err": NaN,
      "attr_err": NaN
    }
  },
  "tp_errors": {
    "trans_err": 1.0793454405203906,
    "scale_err": 0.5625282139327294,
    "orient_err": 1.0706218734277058,
    "vel_err": 1.0,
    "attr_err": 0.622335840428121
  },
  "tp_scores": {
    "trans_err": 0.0,
    "scale_err": 0.43747178606727055,
    "orient_err": 0.0,
    "vel_err": 0.0,
    "attr_err": 0.37766415957187904
  },
  "nd_score": 0.09850611059096404,
  "eval_time": 105.54499173164368,
  "meta": {
    "use_camera": false,
    "use_lidar": false,
    "use_radar": false,
    "use_map": false,
    "use_external": false
  }
}