{
  "label_aps": {
    "car": {
      "0.5": 0.00027421136650151675,
      "1.0": 0.08596351978599547,
      "2.0": 0.29674198080189806,
      "4.0": 0.48934280816265796
    },
    "truck": {
      "0.5": 0.0,
      "1.0": 0.0,
      "2.0": 0.006278876714499967,
      "4.0": 0.023463920323586608
    },
    "bus": {
      "0.5": 0.0,
      "1.0": 0.021393729915380303,
      "2.0": 0.09469084670549215,
      "4.0": 0.2930413410229231
    },
    "trailer": {
      "0.5": 0.0,
      "1.0": 0.0,
      "2.0": 0.0,
      "4.0": 0.015948812866509295
    },
    "construction_vehicle": {
      "0.5": 0.0,
      "1.0": 0.0,
      "2.0": 0.0,
      "4.0": 0.0
    },
    "pedestrian": {
      "0.5": 0.0,
      "1.0": 0.005315055396382566,
      "2.0": 0.0719837055494298,
      "4.0": 0.192467364774843
    },
    "motorcycle": {
      "0.5": 0.0,
      "1.0": 0.0,
      "2.0": 0.0,
      "4.0": 0.0
    },
    "bicycle": {
      "0.5": 0.0,
      "1.0": 0.0,
      "2.0": 0.0,
      "4.0": 0.0
    },
    "traffic_cone": {
      "0.5": 0.0,
      "1.0": 0.0,
      "2.0": 0.007369915401799446,
      "4.0": 0.05738197359618202
    },
    "barrier": {
      "0.5": 0.0,
      "1.0": 0.007820427892888253,
      "2.0": 0.09443376018655067,
      "4.0": 0.31010832007480255
    }
  },
  "mean_dist_aps": {
    "car": 0.21808063002926326,
    "truck": 0.007435699259521644,
    "bus": 0.1022814794109489,
    "trailer": 0.003987203216627324,
    "construction_vehicle": 0.0,
    "pedestrian": 0.06744153143016385,
    "motorcycle": 0.0,
    "bicycle": 0.0,
    "traffic_cone": 0.016187972249495367,
    "barrier": 0.10309062703856037
  },
  "mean_ap": 0.05185051426345807,
  "label_tp_errors": {
    "car": {
      "trans_err": 0.9008421636770683,
      "scale_err": 0.20925137279302022,
      "orient_err": 0.6631098444369681,
      "vel_err": 1.0,
      "attr_err": 0.43660838825137355
    },
    "truck": {
      "trans_err": 1.016068850287967,
      "scale_err": 0.3317213497107417,
      "orient_err": 0.8439477881879769,
      "vel_err": 1.0,
      "attr_err": 0.34628725159353424
    },
    "bus": {
      "trans_err": 0.9634419661230618,
      "scale_err": 0.20659119258011516,
      "orient_err": 0.9835084750056127,
      "vel_err": 1.0,
      "attr_err": 0.8353526554273023
    },
    "trailer": {
      "trans_err": 1.2430451732355396,
      "scale_err": 0.2779671783114442,
      "orient_err": 1.5651251872745597,
      "vel_err": 1.0,
      "attr_err": 0.0956503246049913
    },
    "construction_vehicle": {
      "trans_err": 1.0,
      "scale_err": 1.0,
      "orient_err": 1.0,
      "vel_err": 1.0,
      "attr_err": 1.0
    },
    "pedestrian": {
      "trans_err": 1.124791773263772,
      "scale_err": 0.3958302480475706,
      "orient_err": 1.537270011986679,
      "vel_err": 1.0,
      "attr_err": 0.20449997459209238
    },
    "motorcycle": {
      "trans_err": 1.0,
      "scale_err": 1.0,
      "orient_err": 1.0,
      "vel_err": 1.0,
      "attr_err": 1.0
    },
    "bicycle": {
      "trans_err": 1.0,
      "scale_err": 1.0,
      "orient_err": 1.0,
      "vel_err": 1.0,
      "attr_err": 1.0
    },
    "traffic_cone": {
      "trans_err": 1.2239192912268253,
      "scale_err": 0.6126555393191387,
      "orient_err": NaN,
      "vel_err": NaN,
      "attr_err": NaN
    },
    "barrier": {
      "trans_err": 1.1550918538929593,
      "scale_err": 0.40339840863343895,
      "orient_err": 0.31137760907725204,
      "vel_err": NaN,
      "attr_err": NaN
    }
  },
  "tp_errors": {
    "trans_err": 1.062720107170719,
    "scale_err": 0.543741528939547,
    "orient_err": 0.9893709906632276,
    "vel_err": 1.0,
    "attr_err": 0.6147998243086618
  },
  "tp_scores": {
    "trans_err": 0.0,
    "scale_err": 0.45625847106045303,
    "orient_err": 0.010629009336772355,
    "vel_err": 0.0,
    "attr_err": 0.38520017569133824
  },
  "nd_score": 0.1111340227405854,
  "eval_time": 98.0785071849823,
  "meta": {
    "use_camera": false,
    "use_lidar": false,
    "use_radar": false,
    "use_map": false,
    "use_external": false
  }
}