{
  "label_aps": {
    "car": {
      "0.5": 0.0,
      "1.0": 0.0642957003960808,
      "2.0": 0.25205333036528876,
      "4.0": 0.45434958063880926
    },
    "truck": {
      "0.5": 0.0,
      "1.0": 0.0,
      "2.0": 0.00810650794533651,
      "4.0": 0.030044121972309636
    },
    "bus": {
      "0.5": 0.0,
      "1.0": 0.023888492527182833,
      "2.0": 0.11611531610092815,
      "4.0": 0.24323495461518352
    },
    "trailer": {
      "0.5": 0.0,
      "1.0": 0.0,
      "2.0": 0.0,
      "4.0": 0.00888279046500955
    },
    "construction_vehicle": {
      "0.5": 0.0,
      "1.0": 0.0,
      "2.0": 0.0,
      "4.0": 0.0
    },
    "pedestrian": {
      "0.5": 0.0,
      "1.0": 0.0016677275351615149,
      "2.0": 0.05021670437430488,
      "4.0": 0.15307896058206782
    },
    "motorcycle": {
      "0.5": 0.0,
      "1.0": 0.0,
      "2.0": 0.0,
      "4.0": 0.0
    },
    "bicycle": {
      "0.5": 0.0,
      "1.0": 0.0,
      "2.0": 0.0,
      "4.0": 0.0
    },
    "traffic_cone": {
      "0.5": 0.0,
      "1.0": 0.0,
      "2.0": 0.0048041275475294316,
      "4.0": 0.03839442322994992
    },
    "barrier": {
      "0.5": 0.0,
      "1.0": 0.008354626496319146,
      "2.0": 0.10384718267825312,
      "4.0": 0.2955233715204618
    }
  },
  "mean_dist_aps": {
    "car": 0.1926746528500447,
    "truck": 0.009537657479411536,
    "bus": 0.09580969081082363,
    "trailer": 0.0022206976162523874,
    "construction_vehicle": 0.0,
    "pedestrian": 0.051240848122883556,
    "motorcycle": 0.0,
    "bicycle": 0.0,
    "traffic_cone": 0.010799637694369837,
    "barrier": 0.10193129517375851
  },
  "mean_ap": 0.046421447974754414,
  "label_tp_errors": {
    "car": {
      "trans_err": 0.9288625964460498,
      "scale_err": 0.21903110412099674,
      "orient_err": 0.7346502525433907,
      "vel_err": 1.0,
      "attr_err": 0.43545124304293203
    },
    "truck": {
      "trans_err": 0.9851141683011048,
      "scale_err": 0.3220205832916093,
      "orient_err": 0.9018132116985347,
      "vel_err": 1.0,
      "attr_err": 0.3129714124240169
    },
    "bus": {
      "trans_err": 0.9306092341848119,
      "scale_err": 0.2218823371546108,
      "orient_err": 0.6608117817496012,
      "vel_err": 1.0,
      "attr_err": 0.8443924567266593
    },
    "trailer": {
      "trans_err": 1.24400389603155,
      "scale_err": 0.28948967533396014,
      "orient_err": 1.409995830074293,
      "vel_err": 1.0,
      "attr_err": 0.1298617552955327
    },
    "construction_vehicle": {
      "trans_err": 1.0,
      "scale_err": 1.0,
      "orient_err": 1.0,
      "vel_err": 1.0,
      "attr_err": 1.0
    },
    "pedestrian": {
      "trans_err": 1.1363801844754986,
      "scale_err": 0.3948309684745439,
      "orient_err": 1.556572580908968,
      "vel_err": 1.0,
      "attr_err": 0.24515542296088566
    },
    "motorcycle": {
      "trans_err": 1.0,
      "scale_err": 1.0,
      "orient_err": 1.0,
      "vel_err": 1.0,
      "attr_err": 1.0
    },
    "bicycle": {
      "trans_err": 1.0,
      "scale_err": 1.0,
      "orient_err": 1.0,
      "vel_err": 1.0,
      "attr_err": 1.0
    },
    "traffic_cone": {
      "trans_err": 1.2423437403553093,
      "scale_err": 0.6262677670322109,
      "orient_err": NaN,
      "vel_err": NaN,
      "attr_err": NaN
    },
    "barrier": {
      "trans_err": 1.1168464268862741,
      "scale_err": 0.42433615668097385,
      "orient_err": 0.2985014954118602,
      "vel_err": NaN,
      "attr_err": NaN
    }
  },
  "tp_errors": {
    "trans_err": 1.0584160246680598,
    "scale_err": 0.5497858592088906,
    "orient_err": 0.9513716835985164,
    "vel_err": 1.0,
    "attr_err": 0.6209790363062533
  },
  "tp_scores": {
    "trans_err": 0.0,
    "scale_err": 0.45021414079110944,
    "orient_err": 0.04862831640148357,
    "vel_err": 0.0,
    "attr_err": 0.3790209636937467
  },
  "nd_score": 0.11099706607601119,
  "eval_time": 96.96197652816772,
  "meta": {
    "use_camera": false,
    "use_lidar": false,
    "use_radar": false,
    "use_map": false,
    "use_external": false
  }
}