{
  "label_aps": {
    "car": {
      "0.5": 0.0,
      "1.0": 0.02306089241882531,
      "2.0": 0.15146524434874115,
      "4.0": 0.31558917138818515
    },
    "truck": {
      "0.5": 0.0,
      "1.0": 0.0,
      "2.0": 0.0009964901016924882,
      "4.0": 0.012736872174381578
    },
    "bus": {
      "0.5": 0.0,
      "1.0": 0.0,
      "2.0": 0.012236692579364335,
      "4.0": 0.052628917120716635
    },
    "trailer": {
      "0.5": 0.0,
      "1.0": 0.0,
      "2.0": 0.0,
      "4.0": 0.0
    },
    "construction_vehicle": {
      "0.5": 0.0,
      "1.0": 0.0,
      "2.0": 0.0,
      "4.0": 0.0
    },
    "pedestrian": {
      "0.5": 0.0,
      "1.0": 0.0,
      "2.0": 0.0,
      "4.0": 0.007725601382689931
    },
    "motorcycle": {
      "0.5": 0.0,
      "1.0": 0.0,
      "2.0": 0.0,
      "4.0": 0.0
    },
    "bicycle": {
      "0.5": 0.0,
      "1.0": 0.0,
      "2.0": 0.0,
      "4.0": 0.0
    },
    "traffic_cone": {
      "0.5": 0.0,
      "1.0": 0.0,
      "2.0": 0.0,
      "4.0": 0.0008089492949101912
    },
    "barrier": {
      "0.5": 0.0,
      "1.0": 0.0014534384342093564,
      "2.0": 0.06902612969705453,
      "4.0": 0.25951327380240263
    }
  },
  "mean_dist_aps": {
    "car": 0.1225288270389379,
    "truck": 0.0034333405690185168,
    "bus": 0.016216402425020243,
    "trailer": 0.0,
    "construction_vehicle": 0.0,
    "pedestrian": 0.0019314003456724828,
    "motorcycle": 0.0,
    "bicycle": 0.0,
    "traffic_cone": 0.0002022373237275478,
    "barrier": 0.08249821048341663
  },
  "mean_ap": 0.022681041818579332,
  "label_tp_errors": {
    "car": {
      "trans_err": 1.0292605388961695,
      "scale_err": 0.21407481513862844,
      "orient_err": 1.1811083984235053,
      "vel_err": 1.0,
      "attr_err": 0.4126318657192603
    },
    "truck": {
      "trans_err": 1.0796737643415057,
      "scale_err": 0.4000573860472979,
      "orient_err": 1.4205592088597552,
      "vel_err": 1.0,
      "attr_err": 0.3188401479797661
    },
    "bus": {
      "trans_err": 1.0595249288678534,
      "scale_err": 0.28231188420636466,
      "orient_err": 1.2523628733774035,
      "vel_err": 1.0,
      "attr_err": 0.8012044757074577
    },
    "trailer": {
      "trans_err": 1.0,
      "scale_err": 1.0,
      "orient_err": 1.0,
      "vel_err": 1.0,
      "attr_err": 1.0
    },
    "construction_vehicle": {
      "trans_err": 1.0,
      "scale_err": 1.0,
      "orient_err": 1.0,
      "vel_err": 1.0,
      "attr_err": 1.0
    },
    "pedestrian": {
      "trans_err": 1.2215328463983446,
      "scale_err": 0.49681470393902366,
      "orient_err": 1.5888179687704451,
      "vel_err": 1.0,
      "attr_err": 0.32700543938547627
    },
    "motorcycle": {
      "trans_err": 1.0,
      "scale_err": 1.0,
      "orient_err": 1.0,
      "vel_err": 1.0,
      "attr_err": 1.0
    },
    "bicycle": {
      "trans_err": 1.0,
      "scale_err": 1.0,
      "orient_err": 1.0,
      "vel_err": 1.0,
      "attr_err": 1.0
    },
    "traffic_cone": {
      "trans_err": 1.0,
      "scale_err": 1.0,
      "orient_err": NaN,
      "vel_err": NaN,
      "attr_err": NaN
    },
    "barrier": {
      "trans_err": 1.2296932045185875,
      "scale_err": 0.4610637046913235,
      "orient_err": 0.7531360079239249,
      "vel_err": NaN,
      "attr_err": NaN
    }
  },
  "tp_errors": {
    "trans_err": 1.0619685283022462,
    "scale_err": 0.6854322494022638,
    "orient_err": 1.132887161928337,
    "vel_err": 1.0,
    "attr_err": 0.7324602410989951
  },
  "tp_scores": {
    "trans_err": 0.0,
    "scale_err": 0.31456775059773623,
    "orient_err": 0.0,
    "vel_err": 0.0,
    "attr_err": 0.2675397589010049
  },
  "nd_score": 0.06955127185916378,
  "eval_time": 119.14674997329712,
  "meta": {
    "use_camera": false,
    "use_lidar": false,
    "use_radar": false,
    "use_map": false,
    "use_external": false
  }
}