{
  "label_aps": {
    "car": {
      "0.5": 0.007782659415609639,
      "1.0": 0.1476201473028005,
      "2.0": 0.371161023433735,
      "4.0": 0.5186489598487206
    },
    "truck": {
      "0.5": 0.0,
      "1.0": 0.003613372745398599,
      "2.0": 0.028598835870449812,
      "4.0": 0.047424074505865825
    },
    "bus": {
      "0.5": 0.0,
      "1.0": 0.019550802856085344,
      "2.0": 0.11695518956197139,
      "4.0": 0.2803335730557383
    },
    "trailer": {
      "0.5": 0.0,
      "1.0": 0.0,
      "2.0": 0.005120944159127013,
      "4.0": 0.03169332493970558
    },
    "construction_vehicle": {
      "0.5": 0.0,
      "1.0": 0.0,
      "2.0": 0.0,
      "4.0": 0.0
    },
    "pedestrian": {
      "0.5": 0.0,
      "1.0": 0.0010586561248960426,
      "2.0": 0.02695971184736326,
      "4.0": 0.07563066012386085
    },
    "motorcycle": {
      "0.5": 0.0,
      "1.0": 0.0,
      "2.0": 0.0,
      "4.0": 0.0
    },
    "bicycle": {
      "0.5": 0.0,
      "1.0": 0.0,
      "2.0": 0.0,
      "4.0": 0.0
    },
    "traffic_cone": {
      "0.5": 0.0,
      "1.0": 0.0,
      "2.0": 0.008743669210917987,
      "4.0": 0.08173631687927957
    },
    "barrier": {
      "0.5": 0.0,
      "1.0": 0.022420716395752528,
      "2.0": 0.17670815326967043,
      "4.0": 0.3542964179186041
    }
  },
  "mean_dist_aps": {
    "car": 0.26130319750021647,
    "truck": 0.01990907078042856,
    "bus": 0.10420989136844876,
    "trailer": 0.009203567274708148,
    "construction_vehicle": 0.0,
    "pedestrian": 0.02591225702403004,
    "motorcycle": 0.0,
    "bicycle": 0.0,
    "traffic_cone": 0.02261999652254939,
    "barrier": 0.13835632189600677
  },
  "mean_ap": 0.05815143023663881,
  "label_tp_errors": {
    "car": {
      "trans_err": 0.8309307789977114,
      "scale_err": 0.19377446874783122,
      "orient_err": 0.6703574837831132,
      "vel_err": 1.0,
      "attr_err": 0.41830307934635835
    },
    "truck": {
      "trans_err": 0.8604847356929919,
      "scale_err": 0.32427292061247964,
      "orient_err": 0.8608306380885203,
      "vel_err": 1.0,
      "attr_err": 0.32503715929132554
    },
    "bus": {
      "trans_err": 0.9389859982801438,
      "scale_err": 0.21829042998629927,
      "orient_err": 0.8073389226416661,
      "vel_err": 1.0,
      "attr_err": 0.8695116226073588
    },
    "trailer": {
      "trans_err": 1.1145886142791424,
      "scale_err": 0.2586775101328788,
      "orient_err": 1.6647128712083004,
      "vel_err": 1.0,
      "attr_err": 0.12082594861016221
    },
    "construction_vehicle": {
      "trans_err": 1.0,
      "scale_err": 1.0,
      "orient_err": 1.0,
      "vel_err": 1.0,
      "attr_err": 1.0
    },
    "pedestrian": {
      "trans_err": 1.1105930211111779,
      "scale_err": 0.37374295226380044,
      "orient_err": 1.5712543482514751,
      "vel_err": 1.0,
      "attr_err": 0.251641378573498
    },
    "motorcycle": {
      "trans_err": 1.0,
      "scale_err": 1.0,
      "orient_err": 1.0,
      "vel_err": 1.0,
      "attr_err": 1.0
    },
    "bicycle": {
      "trans_err": 1.0,
      "scale_err": 1.0,
      "orient_err": 1.0,
      "vel_err": 1.0,
      "attr_err": 1.0
    },
    "traffic_cone": {
      "trans_err": 1.2209269069624737,
      "scale_err": 0.4827939133179581,
      "orient_err": NaN,
      "vel_err": NaN,
      "attr_err": NaN
    },
    "barrier": {
      "trans_err": 1.0876810807792197,
      "scale_err": 0.3791790571899795,
      "orient_err": 0.27435110418755354,
      "vel_err": NaN,
      "attr_err": NaN
    }
  },
  "tp_errors": {
    "trans_err": 1.016419113610286,
    "scale_err": 0.5230731252251226,
    "orient_err": 0.9832050409067367,
    "vel_err": 1.0,
    "attr_err": 0.6231648985535879
  },
  "tp_scores": {
    "trans_err": 0.0,
    "scale_err": 0.4769268747748774,
    "orient_err": 0.01679495909326334,
    "vel_err": 0.0,
    "attr_err": 0.3768351014464121
  },
  "nd_score": 0.1161314086497747,
  "eval_time": 98.85053324699402,
  "meta": {
    "use_camera": false,
    "use_lidar": false,
    "use_radar": false,
    "use_map": false,
    "use_external": false
  }
}