{
  "label_aps": {
    "car": {
      "0.5": 0.0,
      "1.0": 0.001653528249643108,
      "2.0": 0.09390762654785105,
      "4.0": 0.28654933255372783
    },
    "truck": {
      "0.5": 0.0,
      "1.0": 0.0,
      "2.0": 0.0,
      "4.0": 0.0004316426280942982
    },
    "bus": {
      "0.5": 0.0,
      "1.0": 0.0,
      "2.0": 0.0057040679558756375,
      "4.0": 0.09390297086166408
    },
    "trailer": {
      "0.5": 0.0,
      "1.0": 0.0,
      "2.0": 0.0,
      "4.0": 0.0
    },
    "construction_vehicle": {
      "0.5": 0.0,
      "1.0": 0.0,
      "2.0": 0.0,
      "4.0": 0.0
    },
    "pedestrian": {
      "0.5": 0.0,
      "1.0": 0.0,
      "2.0": 0.0,
      "4.0": 0.00331247273022131
    },
    "motorcycle": {
      "0.5": 0.0,
      "1.0": 0.0,
      "2.0": 0.0,
      "4.0": 0.0
    },
    "bicycle": {
      "0.5": 0.0,
      "1.0": 0.0,
      "2.0": 0.0,
      "4.0": 0.0
    },
    "traffic_cone": {
      "0.5": 0.0,
      "1.0": 0.0,
      "2.0": 0.0,
      "4.0": 3.322714577350442e-05
    },
    "barrier": {
      "0.5": 0.0,
      "1.0": 0.0,
      "2.0": 0.005147523406782886,
      "4.0": 0.06238601818173578
    }
  },
  "mean_dist_aps": {
    "car": 0.0955276218378055,
    "truck": 0.00010791065702357455,
    "bus": 0.024901759704384928,
    "trailer": 0.0,
    "construction_vehicle": 0.0,
    "pedestrian": 0.0008281181825553275,
    "motorcycle": 0.0,
    "bicycle": 0.0,
    "traffic_cone": 8.306786443376105e-06,
    "barrier": 0.016883385397129667
  },
  "mean_ap": 0.013825710256534238,
  "label_tp_errors": {
    "car": {
      "trans_err": 1.1926428769217217,
      "scale_err": 0.2411489083131439,
      "orient_err": 1.4241545007358376,
      "vel_err": 1.0,
      "attr_err": 0.46901995835388033
    },
    "truck": {
      "trans_err": 1.2172794039764963,
      "scale_err": 0.44410352801266306,
      "orient_err": 1.5131818787682896,
      "vel_err": 1.0,
      "attr_err": 0.25547030144606886
    },
    "bus": {
      "trans_err": 1.1267402019020323,
      "scale_err": 0.29980496199516476,
      "orient_err": 1.3463297401771632,
      "vel_err": 1.0,
      "attr_err": 0.7999692572265229
    },
    "trailer": {
      "trans_err": 1.3757041922383118,
      "scale_err": 0.3894881362032051,
      "orient_err": 1.7684843711777074,
      "vel_err": 1.0,
      "attr_err": 0.11288555343582837
    },
    "construction_vehicle": {
      "trans_err": 1.0,
      "scale_err": 1.0,
      "orient_err": 1.0,
      "vel_err": 1.0,
      "attr_err": 1.0
    },
    "pedestrian": {
      "trans_err": 1.284742408882904,
      "scale_err": 0.640418171470597,
      "orient_err": 1.5036847914875044,
      "vel_err": 1.0,
      "attr_err": 0.3144290672221063
    },
    "motorcycle": {
      "trans_err": 1.0,
      "scale_err": 1.0,
      "orient_err": 1.0,
      "vel_err": 1.0,
      "attr_err": 1.0
    },
    "bicycle": {
      "trans_err": 1.0,
      "scale_err": 1.0,
      "orient_err": 1.0,
      "vel_err": 1.0,
      "attr_err": 1.0
    },
    "traffic_cone": {
      "trans_err": 1.3085459540141748,
      "scale_err": 0.6964562026053105,
      "orient_err": NaN,
      "vel_err": NaN,
      "attr_err": NaN
    },
    "barrier": {
      "trans_err": 1.2757609780293795,
      "scale_err": 0.5973659883940518,
      "orient_err": 1.1802489094314959,
      "vel_err": NaN,
      "attr_err": NaN
    }
  },
  "tp_errors": {
    "trans_err": 1.178141601596502,
    "scale_err": 0.6308785896994136,
    "orient_err": 1.3040093546419997,
    "vel_err": 1.0,
    "attr_err": 0.6189717672105508
  },
  "tp_scores": {
    "trans_err": 0.0,
    "scale_err": 0.36912141030058643,
    "orient_err": 0.0,
    "vel_err": 0.0,
    "attr_err": 0.3810282327894492
  },
  "nd_score": 0.08192781943727068,
  "eval_time": 115.98944044113159,
  "meta": {
    "use_camera": false,
    "use_lidar": false,
    "use_radar": false,
    "use_map": false,
    "use_external": false
  }
}