{
  "label_aps": {
    "car": {
      "0.5": 0.034252910253061826,
      "1.0": 0.19870220650128442,
      "2.0": 0.3600191606559826,
      "4.0": 0.46889820634267065
    },
    "truck": {
      "0.5": 0.0,
      "1.0": 1.749170161053798e-05,
      "2.0": 0.012280659383030646,
      "4.0": 0.03642411832087868
    },
    "bus": {
      "0.5": 0.0,
      "1.0": 0.0020276639105724914,
      "2.0": 0.06830045388013618,
      "4.0": 0.1720947363023678
    },
    "trailer": {
      "0.5": 0.0,
      "1.0": 0.0,
      "2.0": 0.0,
      "4.0": 0.0
    },
    "construction_vehicle": {
      "0.5": 0.0,
      "1.0": 0.0,
      "2.0": 0.0,
      "4.0": 0.0
    },
    "pedestrian": {
      "0.5": 0.0027342822972740576,
      "1.0": 0.06500547053348976,
      "2.0": 0.1501532514333493,
      "4.0": 0.19753878088861077
    },
    "motorcycle": {
      "0.5": 0.0,
      "1.0": 0.0,
      "2.0": 0.0,
      "4.0": 0.0
    },
    "bicycle": {
      "0.5": 0.0,
      "1.0": 0.0,
      "2.0": 0.0,
      "4.0": 0.0
    },
    "traffic_cone": {
      "0.5": 0.0,
      "1.0": 5.8705751314235904e-05,
      "2.0": 0.019705762665332312,
      "4.0": 0.054819918742035005
    },
    "barrier": {
      "0.5": 0.0,
      "1.0": 0.05175034711935891,
      "2.0": 0.2024224802099299,
      "4.0": 0.27008432941472665
    }
  },
  "mean_dist_aps": {
    "car": 0.2654681209382499,
    "truck": 0.012180567351379967,
    "bus": 0.060605713523269114,
    "trailer": 0.0,
    "construction_vehicle": 0.0,
    "pedestrian": 0.10385794628818097,
    "motorcycle": 0.0,
    "bicycle": 0.0,
    "traffic_cone": 0.01864609678967039,
    "barrier": 0.13106428918600388
  },
  "mean_ap": 0.059182273407675415,
  "label_tp_errors": {
    "car": {
      "trans_err": 0.695116412207053,
      "scale_err": 0.19137577247086296,
      "orient_err": 1.3076568923534526,
      "vel_err": 1.0,
      "attr_err": 0.43627511338671043
    },
    "truck": {
      "trans_err": 0.9312601892401287,
      "scale_err": 0.45665283757165265,
      "orient_err": 1.4029199963753078,
      "vel_err": 1.0,
      "attr_err": 0.3441202471046152
    },
    "bus": {
      "trans_err": 0.9920717102330039,
      "scale_err": 0.21758096378363911,
      "orient_err": 1.1751441899002173,
      "vel_err": 1.0,
      "attr_err": 0.8316202772463516
    },
    "trailer": {
      "trans_err": 1.0943363373579937,
      "scale_err": 0.25539012166180897,
      "orient_err": 1.730572120454223,
      "vel_err": 1.0,
      "attr_err": 0.16892357504607924
    },
    "construction_vehicle": {
      "trans_err": 1.0,
      "scale_err": 1.0,
      "orient_err": 1.0,
      "vel_err": 1.0,
      "attr_err": 1.0
    },
    "pedestrian": {
      "trans_err": 0.8448217669126508,
      "scale_err": 0.3563516950844666,
      "orient_err": 1.539172240958608,
      "vel_err": 1.0,
      "attr_err": 0.1633668381928639
    },
    "motorcycle": {
      "trans_err": 1.0,
      "scale_err": 1.0,
      "orient_err": 1.0,
      "vel_err": 1.0,
      "attr_err": 1.0
    },
    "bicycle": {
      "trans_err": 1.0,
      "scale_err": 1.0,
      "orient_err": 1.0,
      "vel_err": 1.0,
      "attr_err": 1.0
    },
    "traffic_cone": {
      "trans_err": 1.0555249219308855,
      "scale_err": 0.5486154698956566,
      "orient_err": NaN,
      "vel_err": NaN,
      "attr_err": NaN
    },
    "barrier": {
      "trans_err": 0.9310212451961901,
      "scale_err": 0.4204692498800061,
      "orient_err": 0.2837334577689282,
      "vel_err": NaN,
      "attr_err": NaN
    }
  },
  "tp_errors": {
    "trans_err": 0.9544152583077905,
    "scale_err": 0.5446436110348093,
    "orient_err": 1.1599109886456374,
    "vel_err": 1.0,
    "attr_err": 0.6180382563720775
  },
  "tp_scores": {
    "trans_err": 0.045584741692209496,
    "scale_err": 0.4553563889651907,
    "orient_err": 0.0,
    "vel_err": 0.0,
    "attr_err": 0.38196174362792246
  },
  "nd_score": 0.11788142413236997,
  "eval_time": 94.8615312576294,
  "meta": {
    "use_camera": false,
    "use_lidar": false,
    "use_radar": false,
    "use_map": false,
    "use_external": false
  }
}