{
  "label_aps": {
    "car": {
      "0.5": 0.012329893287312049,
      "1.0": 0.07094591170668829,
      "2.0": 0.13829797928843898,
      "4.0": 0.20427236809665844
    },
    "truck": {
      "0.5": 0.0,
      "1.0": 0.0,
      "2.0": 0.00019762977658596605,
      "4.0": 0.006532520137108517
    },
    "bus": {
      "0.5": 0.0,
      "1.0": 0.0,
      "2.0": 0.0035069642048262376,
      "4.0": 0.013119829068811035
    },
    "trailer": {
      "0.5": 0.0,
      "1.0": 0.0,
      "2.0": 0.0,
      "4.0": 0.0
    },
    "construction_vehicle": {
      "0.5": 0.0,
      "1.0": 0.0,
      "2.0": 0.0,
      "4.0": 0.0
    },
    "pedestrian": {
      "0.5": 0.0,
      "1.0": 0.0028503726665676334,
      "2.0": 0.009520555072578383,
      "4.0": 0.02946268698126
    },
    "motorcycle": {
      "0.5": 0.0,
      "1.0": 0.0,
      "2.0": 0.0,
      "4.0": 0.0
    },
    "bicycle": {
      "0.5": 0.0,
      "1.0": 0.0,
      "2.0": 0.0,
      "4.0": 0.0
    },
    "traffic_cone": {
      "0.5": 0.0,
      "1.0": 0.0,
      "2.0": 0.0,
      "4.0": 0.0
    },
    "barrier": {
      "0.5": 0.0,
      "1.0": 0.012003041463889797,
      "2.0": 0.029821170303743684,
      "4.0": 0.046315129045290934
    }
  },
  "mean_dist_aps": {
    "car": 0.10646153809477443,
    "truck": 0.0016825374784236208,
    "bus": 0.004156698318409318,
    "trailer": 0.0,
    "construction_vehicle": 0.0,
    "pedestrian": 0.010458403680101504,
    "motorcycle": 0.0,
    "bicycle": 0.0,
    "traffic_cone": 0.0,
    "barrier": 0.022034835203231105
  },
  "mean_ap": 0.014479401277493998,
  "label_tp_errors": {
    "car": {
      "trans_err": 0.700357287332932,
      "scale_err": 0.21202460942050602,
      "orient_err": 1.3280753968804029,
      "vel_err": 1.0,
      "attr_err": 0.4538863247111197
    },
    "truck": {
      "trans_err": 0.9929646387938946,
      "scale_err": 0.42671025706494886,
      "orient_err": 1.580542687831708,
      "vel_err": 1.0,
      "attr_err": 0.4017873965421924
    },
    "bus": {
      "trans_err": 0.9090470529856869,
      "scale_err": 0.21853304042752125,
      "orient_err": 1.348704699453043,
      "vel_err": 1.0,
      "attr_err": 0.8874367525097615
    },
    "trailer": {
      "trans_err": 1.1383126733710445,
      "scale_err": 0.23488141508704866,
      "orient_err": 0.9201973230393161,
      "vel_err": 1.0,
      "attr_err": 0.06666867189196182
    },
    "construction_vehicle": {
      "trans_err": 1.0,
      "scale_err": 1.0,
      "orient_err": 1.0,
      "vel_err": 1.0,
      "attr_err": 1.0
    },
    "pedestrian": {
      "trans_err": 0.7165450821125179,
      "scale_err": 0.3646053998320929,
      "orient_err": 1.6174952071086357,
      "vel_err": 1.0,
      "attr_err": 0.22650869513490124
    },
    "motorcycle": {
      "trans_err": 1.0,
      "scale_err": 1.0,
      "orient_err": 1.0,
      "vel_err": 1.0,
      "attr_err": 1.0
    },
    "bicycle": {
      "trans_err": 1.0,
      "scale_err": 1.0,
      "orient_err": 1.0,
      "vel_err": 1.0,
      "attr_err": 1.0
    },
    "traffic_cone": {
      "trans_err": 1.0,
      "scale_err": 1.0,
      "orient_err": NaN,
      "vel_err": NaN,
      "attr_err": NaN
    },
    "barrier": {
      "trans_err": 0.8165786755443504,
      "scale_err": 0.4324704593561756,
      "orient_err": 1.4384724307160768,
      "vel_err": NaN,
      "attr_err": NaN
    }
  },
  "tp_errors": {
    "trans_err": 0.9273805410140428,
    "scale_err": 0.5889225181188293,
    "orient_err": 1.2481653050032424,
    "vel_err": 1.0,
    "attr_err": 0.6295359800987421
  },
  "tp_scores": {
    "trans_err": 0.07261945898595723,
    "scale_err": 0.41107748188117066,
    "orient_err": 0.0,
    "vel_err": 0.0,
    "attr_err": 0.3704640199012579
  },
  "nd_score": 0.09265579671558558,
  "eval_time": 105.77560305595398,
  "meta": {
    "use_camera": false,
    "use_lidar": false,
    "use_radar": false,
    "use_map": false,
    "use_external": false
  }
}