{
  "label_aps": {
    "car": {
      "0.5": 0.0,
      "1.0": 0.07296652722971551,
      "2.0": 0.2961975362471637,
      "4.0": 0.4914920342145922
    },
    "truck": {
      "0.5": 0.0,
      "1.0": 0.0005912787783615463,
      "2.0": 0.022344139151239163,
      "4.0": 0.05811324262975013
    },
    "bus": {
      "0.5": 0.0,
      "1.0": 0.027912343842982933,
      "2.0": 0.16654058839015348,
      "4.0": 0.32265909108581053
    },
    "trailer": {
      "0.5": 0.0,
      "1.0": 0.0,
      "2.0": 0.0,
      "4.0": 0.01237848801666019
    },
    "construction_vehicle": {
      "0.5": 0.0,
      "1.0": 0.0,
      "2.0": 0.0,
      "4.0": 0.0
    },
    "pedestrian": {
      "0.5": 0.0,
      "1.0": 0.007818175399723947,
      "2.0": 0.07585034990126412,
      "4.0": 0.1861367982835693
    },
    "motorcycle": {
      "0.5": 0.0,
      "1.0": 0.0,
      "2.0": 0.0,
      "4.0": 0.0
    },
    "bicycle": {
      "0.5": 0.0,
      "1.0": 0.0,
      "2.0": 0.0,
      "4.0": 0.0
    },
    "traffic_cone": {
      "0.5": 0.0,
      "1.0": 0.0,
      "2.0": 0.005893602605827095,
      "4.0": 0.04978869438115187
    },
    "barrier": {
      "0.5": 0.0,
      "1.0": 0.00817974338746717,
      "2.0": 0.12212785054909775,
      "4.0": 0.35441014044421576
    }
  },
  "mean_dist_aps": {
    "car": 0.21516402442286786,
    "truck": 0.02026216513983771,
    "bus": 0.12927800582973675,
    "trailer": 0.0030946220041650476,
    "construction_vehicle": 0.0,
    "pedestrian": 0.06745133089613933,
    "motorcycle": 0.0,
    "bicycle": 0.0,
    "traffic_cone": 0.01392057424674474,
    "barrier": 0.12117943359519517
  },
  "mean_ap": 0.057035015613468666,
  "label_tp_errors": {
    "car": {
      "trans_err": 0.9426849337320474,
      "scale_err": 0.1957082824949828,
      "orient_err": 0.7187833957902561,
      "vel_err": 1.0,
      "attr_err": 0.4334278512048098
    },
    "truck": {
      "trans_err": 0.9226997582877395,
      "scale_err": 0.3195363099849772,
      "orient_err": 0.87381446202856,
      "vel_err": 1.0,
      "attr_err": 0.31091741762790315
    },
    "bus": {
      "trans_err": 0.9040046625856225,
      "scale_err": 0.2092442984437259,
      "orient_err": 0.7671768680262409,
      "vel_err": 1.0,
      "attr_err": 0.8717454785502067
    },
    "trailer": {
      "trans_err": 1.2225712315327146,
      "scale_err": 0.26650797148169514,
      "orient_err": 1.623269414127484,
      "vel_err": 1.0,
      "attr_err": 0.12795875268276236
    },
    "construction_vehicle": {
      "trans_err": 1.0,
      "scale_err": 1.0,
      "orient_err": 1.0,
      "vel_err": 1.0,
      "attr_err": 1.0
    },
    "pedestrian": {
      "trans_err": 1.1009124289639953,
      "scale_err": 0.37032113492516994,
      "orient_err": 1.5589963749816698,
      "vel_err": 1.0,
      "attr_err": 0.20413823262172592
    },
    "motorcycle": {
      "trans_err": 1.0,
      "scale_err": 1.0,
      "orient_err": 1.0,
      "vel_err": 1.0,
      "attr_err": 1.0
    },
    "bicycle": {
      "trans_err": 1.0,
      "scale_err": 1.0,
      "orient_err": 1.0,
      "vel_err": 1.0,
      "attr_err": 1.0
    },
    "traffic_cone": {
      "trans_err": 1.2673897937626972,
      "scale_err": 0.5956412166305832,
      "orient_err": NaN,
      "vel_err": NaN,
      "attr_err": NaN
    },
    "barrier": {
      "trans_err": 1.1738832000476795,
      "scale_err": 0.4181397996459001,
      "orient_err": 0.3684687691707561,
      "vel_err": NaN,
      "attr_err": NaN
    }
  },
  "tp_errors": {
    "trans_err": 1.0534146008912497,
    "scale_err": 0.5375099013607034,
    "orient_err": 0.9900565871249961,
    "vel_err": 1.0,
    "attr_err": 0.618523466585926
  },
  "tp_scores": {
    "trans_err": 0.0,
    "scale_err": 0.4624900986392966,
    "orient_err": 0.009943412875003887,
    "vel_err": 0.0,
    "attr_err": 0.38147653341407395
  },
  "nd_score": 0.11390851229957177,
  "eval_time": 95.48364591598511,
  "meta": {
    "use_camera": false,
    "use_lidar": false,
    "use_radar": false,
    "use_map": false,
    "use_external": false
  }
}