{
  "label_aps": {
    "car": {
      "0.5": 0.0,
      "1.0": 0.00025465616300136964,
      "2.0": 0.058632048227279035,
      "4.0": 0.19758734484695212
    },
    "truck": {
      "0.5": 0.0,
      "1.0": 0.0,
      "2.0": 0.0,
      "4.0": 5.2028064910095566e-05
    },
    "bus": {
      "0.5": 0.0,
      "1.0": 0.0,
      "2.0": 0.00010298531482184903,
      "4.0": 0.026032342530704307
    },
    "trailer": {
      "0.5": 0.0,
      "1.0": 0.0,
      "2.0": 0.0,
      "4.0": 0.0
    },
    "construction_vehicle": {
      "0.5": 0.0,
      "1.0": 0.0,
      "2.0": 0.0,
      "4.0": 0.0
    },
    "pedestrian": {
      "0.5": 0.0,
      "1.0": 0.0,
      "2.0": 0.0,
      "4.0": 0.0006285540328316264
    },
    "motorcycle": {
      "0.5": 0.0,
      "1.0": 0.0,
      "2.0": 0.0,
      "4.0": 0.0
    },
    "bicycle": {
      "0.5": 0.0,
      "1.0": 0.0,
      "2.0": 0.0,
      "4.0": 0.0
    },
    "traffic_cone": {
      "0.5": 0.0,
      "1.0": 0.0,
      "2.0": 0.0,
      "4.0": 0.0
    },
    "barrier": {
      "0.5": 0.0,
      "1.0": 0.0,
      "2.0": 0.006143692847986756,
      "4.0": 0.05331056067037318
    }
  },
  "mean_dist_aps": {
    "car": 0.06411851230930812,
    "truck": 1.3007016227523891e-05,
    "bus": 0.006533831961381539,
    "trailer": 0.0,
    "construction_vehicle": 0.0,
    "pedestrian": 0.0001571385082079066,
    "motorcycle": 0.0,
    "bicycle": 0.0,
    "traffic_cone": 0.0,
    "barrier": 0.014863563379589984
  },
  "mean_ap": 0.008568605317471507,
  "label_tp_errors": {
    "car": {
      "trans_err": 1.1805680515621062,
      "scale_err": 0.345560117099886,
      "orient_err": 1.4049578248181465,
      "vel_err": 1.0,
      "attr_err": 0.4649721302840094
    },
    "truck": {
      "trans_err": 1.231967584112125,
      "scale_err": 0.40457726077926476,
      "orient_err": 1.3714838507278646,
      "vel_err": 1.0,
      "attr_err": 0.2960747063136623
    },
    "bus": {
      "trans_err": 1.1371946200249645,
      "scale_err": 0.2456844780726278,
      "orient_err": 1.4023025054688671,
      "vel_err": 1.0,
      "attr_err": 0.8075346988899125
    },
    "trailer": {
      "trans_err": 1.2869800015350275,
      "scale_err": 0.3104620689471468,
      "orient_err": 1.770826436276409,
      "vel_err": 1.0,
      "attr_err": 0.06934570752999107
    },
    "construction_vehicle": {
      "trans_err": 1.0,
      "scale_err": 1.0,
      "orient_err": 1.0,
      "vel_err": 1.0,
      "attr_err": 1.0
    },
    "pedestrian": {
      "trans_err": 1.2472070321711834,
      "scale_err": 0.704038273755677,
      "orient_err": 1.5260489987890766,
      "vel_err": 1.0,
      "attr_err": 0.27356352396716577
    },
    "motorcycle": {
      "trans_err": 1.0,
      "scale_err": 1.0,
      "orient_err": 1.0,
      "vel_err": 1.0,
      "attr_err": 1.0
    },
    "bicycle": {
      "trans_err": 1.0,
      "scale_err": 1.0,
      "orient_err": 1.0,
      "vel_err": 1.0,
      "attr_err": 1.0
    },
    "traffic_cone": {
      "trans_err": 1.0,
      "scale_err": 1.0,
      "orient_err": NaN,
      "vel_err": NaN,
      "attr_err": NaN
    },
    "barrier": {
      "trans_err": 1.160700888566736,
      "scale_err": 0.6767272842038276,
      "orient_err": 0.7427279982270426,
      "vel_err": NaN,
      "attr_err": NaN
    }
  },
  "tp_errors": {
    "trans_err": 1.1244618177972143,
    "scale_err": 0.6687049482858429,
    "orient_err": 1.2464830682563788,
    "vel_err": 1.0,
    "attr_err": 0.6139363458730926
  },
  "tp_scores": {
    "trans_err": 0.0,
    "scale_err": 0.3312950517141571,
    "orient_err": 0.0,
    "vel_err": 0.0,
    "attr_err": 0.38606365412690735
  },
  "nd_score": 0.07602017324284219,
  "eval_time": 91.45912480354309,
  "meta": {
    "use_camera": false,
    "use_lidar": false,
    "use_radar": false,
    "use_map": false,
    "use_external": false
  }
}