{
  "label_aps": {
    "car": {
      "0.5": 0.0,
      "1.0": 0.030375641496335825,
      "2.0": 0.17989036868193092,
      "4.0": 0.34913692353829096
    },
    "truck": {
      "0.5": 0.0,
      "1.0": 0.0,
      "2.0": 0.00748518740925665,
      "4.0": 0.026515667333685544
    },
    "bus": {
      "0.5": 0.0,
      "1.0": 0.00014945673262950075,
      "2.0": 0.021444239934945587,
      "4.0": 0.10156165372748167
    },
    "trailer": {
      "0.5": 0.0,
      "1.0": 0.0,
      "2.0": 0.0,
      "4.0": 0.00047706092710499
    },
    "construction_vehicle": {
      "0.5": 0.0,
      "1.0": 0.0,
      "2.0": 0.0,
      "4.0": 0.0
    },
    "pedestrian": {
      "0.5": 0.0,
      "1.0": 0.0,
      "2.0": 0.0,
      "4.0": 0.010533481095217415
    },
    "motorcycle": {
      "0.5": 0.0,
      "1.0": 0.0,
      "2.0": 0.0,
      "4.0": 0.0
    },
    "bicycle": {
      "0.5": 0.0,
      "1.0": 0.0,
      "2.0": 0.0,
      "4.0": 0.0
    },
    "traffic_cone": {
      "0.5": 0.0,
      "1.0": 0.0,
      "2.0": 0.0,
      "4.0": 0.004314295548064641
    },
    "barrier": {
      "0.5": 0.0,
      "1.0": 0.003095030349913787,
      "2.0": 0.08024082232661113,
      "4.0": 0.2781916006465276
    }
  },
  "mean_dist_aps": {
    "car": 0.13985073342913942,
    "truck": 0.008500213685735548,
    "bus": 0.03078883759876419,
    "trailer": 0.0001192652317762475,
    "construction_vehicle": 0.0,
    "pedestrian": 0.0026333702738043537,
    "motorcycle": 0.0,
    "bicycle": 0.0,
    "traffic_cone": 0.0010785738870161602,
    "barrier": 0.09038186333076313
  },
  "mean_ap": 0.027335285743699905,
  "label_tp_errors": {
    "car": {
      "trans_err": 1.012947974387558,
      "scale_err": 0.21478763773157036,
      "orient_err": 1.1835239041574213,
      "vel_err": 1.0,
      "attr_err": 0.4083316005728358
    },
    "truck": {
      "trans_err": 1.0696580072840849,
      "scale_err": 0.37402894465288133,
      "orient_err": 1.2865839457015127,
      "vel_err": 1.0,
      "attr_err": 0.2820936794223105
    },
    "bus": {
      "trans_err": 1.0227598165868796,
      "scale_err": 0.23724595562383868,
      "orient_err": 0.8490705520950447,
      "vel_err": 1.0,
      "attr_err": 0.8306528659868119
    },
    "trailer": {
      "trans_err": 1.350485429574875,
      "scale_err": 0.37896881747887834,
      "orient_err": 1.5425754394282436,
      "vel_err": 1.0,
      "attr_err": 0.10439683569728994
    },
    "construction_vehicle": {
      "trans_err": 1.0,
      "scale_err": 1.0,
      "orient_err": 1.0,
      "vel_err": 1.0,
      "attr_err": 1.0
    },
    "pedestrian": {
      "trans_err": 1.2295615702598266,
      "scale_err": 0.46899487825543246,
      "orient_err": 1.5915726586779804,
      "vel_err": 1.0,
      "attr_err": 0.3190385536250046
    },
    "motorcycle": {
      "trans_err": 1.0,
      "scale_err": 1.0,
      "orient_err": 1.0,
      "vel_err": 1.0,
      "attr_err": 1.0
    },
    "bicycle": {
      "trans_err": 1.0,
      "scale_err": 1.0,
      "orient_err": 1.0,
      "vel_err": 1.0,
      "attr_err": 1.0
    },
    "traffic_cone": {
      "trans_err": 1.2035770095252396,
      "scale_err": 0.6390941398812593,
      "orient_err": NaN,
      "vel_err": NaN,
      "attr_err": NaN
    },
    "barrier": {
      "trans_err": 1.1505993032184985,
      "scale_err": 0.4273236747318451,
      "orient_err": 0.5131297286252291,
      "vel_err": NaN,
      "attr_err": NaN
    }
  },
  "tp_errors": {
    "trans_err": 1.1039589110836965,
    "scale_err": 0.5740444048355705,
    "orient_err": 1.1073840254094924,
    "vel_err": 1.0,
    "attr_err": 0.6180641919130316
  },
  "tp_scores": {
    "trans_err": 0.0,
    "scale_err": 0.4259555951644295,
    "orient_err": 0.0,
    "vel_err": 0.0,
    "attr_err": 0.38193580808696836
  },
  "nd_score": 0.09445678319698973,
  "eval_time": 92.52245664596558,
  "meta": {
    "use_camera": false,
    "use_lidar": false,
    "use_radar": false,
    "use_map": false,
    "use_external": false
  }
}