{
  "label_aps": {
    "car": {
      "0.5": 0.4581935881724228,
      "1.0": 0.6240983367924084,
      "2.0": 0.6815796915757426,
      "4.0": 0.7119551122616412
    },
    "truck": {
      "0.5": 0.06789950032077147,
      "1.0": 0.17751048133392813,
      "2.0": 0.22828676343176024,
      "4.0": 0.24752223010658655
    },
    "bus": {
      "0.5": 0.05386936336621141,
      "1.0": 0.2938273929885293,
      "2.0": 0.5165332833667996,
      "4.0": 0.5485931734308118
    },
    "trailer": {
      "0.5": 0.0018926216338869064,
      "1.0": 0.05206081952249504,
      "2.0": 0.10572334386177197,
      "4.0": 0.12899054044714267
    },
    "construction_vehicle": {
      "0.5": 0.0,
      "1.0": 0.0,
      "2.0": 0.031792844750596,
      "4.0": 0.06558204248113195
    },
    "pedestrian": {
      "0.5": 0.28975846016405393,
      "1.0": 0.41160357527304486,
      "2.0": 0.45780594543617464,
      "4.0": 0.5051799482315177
    },
    "motorcycle": {
      "0.5": 0.0007098502090221182,
      "1.0": 0.008940587531625965,
      "2.0": 0.010142743025241485,
      "4.0": 0.011000942864416653
    },
    "bicycle": {
      "0.5": 0.0,
      "1.0": 0.0,
      "2.0": 0.0,
      "4.0": 0.0001816933834068033
    },
    "traffic_cone": {
      "0.5": 0.07137007070756429,
      "1.0": 0.1339116641435604,
      "2.0": 0.17686660040410598,
      "4.0": 0.24320741119229114
    },
    "barrier": {
      "0.5": 0.052935172151388474,
      "1.0": 0.291649599876131,
      "2.0": 0.3789084195218228,
      "4.0": 0.42747426525361887
    }
  },
  "mean_dist_aps": {
    "car": 0.6189566822005538,
    "truck": 0.1803047437982616,
    "bus": 0.35320580328808804,
    "trailer": 0.07216683136632415,
    "construction_vehicle": 0.024343721807931987,
    "pedestrian": 0.4160869822761978,
    "motorcycle": 0.007698530907576555,
    "bicycle": 4.542334585170082e-05,
    "traffic_cone": 0.15633893661188045,
    "barrier": 0.2877418642007403
  },
  "mean_ap": 0.2116889519803406,
  "label_tp_errors": {
    "car": {
      "trans_err": 0.2988224998514454,
      "scale_err": 0.16632350455628442,
      "orient_err": 0.42021711673593704,
      "vel_err": 1.0,
      "attr_err": 0.46244215740797423
    },
    "truck": {
      "trans_err": 0.4621002042616134,
      "scale_err": 0.2139103693018777,
      "orient_err": 0.3509428759677069,
      "vel_err": 1.0,
      "attr_err": 0.28012636484768483
    },
    "bus": {
      "trans_err": 0.6429115757641103,
      "scale_err": 0.1895659600379373,
      "orient_err": 0.6342307087157834,
      "vel_err": 1.0,
      "attr_err": 0.8502692435481636
    },
    "trailer": {
      "trans_err": 0.7341042991789204,
      "scale_err": 0.21604588002242586,
      "orient_err": 1.7097071613459276,
      "vel_err": 1.0,
      "attr_err": 0.1032096079306447
    },
    "construction_vehicle": {
      "trans_err": 1.1049206328972772,
      "scale_err": 0.6344727618933297,
      "orient_err": 1.701683688691288,
      "vel_err": 1.0,
      "attr_err": 0.5199485301186566
    },
    "pedestrian": {
      "trans_err": 0.3786160897310687,
      "scale_err": 0.2917094102855627,
      "orient_err": 0.9023824081918848,
      "vel_err": 1.0,
      "attr_err": 0.19167458546628377
    },
    "motorcycle": {
      "trans_err": 0.4128884596691806,
      "scale_err": 0.38831224351284876,
      "orient_err": 0.8520189033611089,
      "vel_err": 1.0,
      "attr_err": 0.777248574081335
    },
    "bicycle": {
      "trans_err": 0.6778844823888955,
      "scale_err": 0.37615530736837277,
      "orient_err": 1.4967077644875004,
      "vel_err": 1.0,
      "attr_err": 0.08430513043617281
    },
    "traffic_cone": {
      "trans_err": 0.5011877379096625,
      "scale_err": 0.4539669250962387,
      "orient_err": NaN,
      "vel_err": NaN,
      "attr_err": NaN
    },
    "barrier": {
      "trans_err": 0.6732488180829342,
      "scale_err": 0.32550165023815264,
      "orient_err": 0.13997969520227033,
      "vel_err": NaN,
      "attr_err": NaN
    }
  },
  "tp_errors": {
    "trans_err": 0.5886684799735107,
    "scale_err": 0.325596401231303,
    "orient_err": 0.9119855914110454,
    "vel_err": 1.0,
    "attr_err": 0.40865302422961447
  },
  "tp_scores": {
    "trans_err": 0.4113315200264893,
    "scale_err": 0.6744035987686969,
    "orient_err": 0.0880144085889546,
    "vel_err": 0.0,
    "attr_err": 0.5913469757703855
  },
  "nd_score": 0.28235412630562295,
  "eval_time": 79.00317120552063,
  "meta": {
    "use_camera": false,
    "use_lidar": false,
    "use_radar": false,
    "use_map": false,
    "use_external": false
  }
}