{
  "label_aps": {
    "car": {
      "0.5": 0.0,
      "1.0": 0.015567346413850876,
      "2.0": 0.14325104944696437,
      "4.0": 0.32027282832966114
    },
    "truck": {
      "0.5": 0.0,
      "1.0": 0.0,
      "2.0": 0.0,
      "4.0": 0.0061826552701661226
    },
    "bus": {
      "0.5": 0.0,
      "1.0": 0.0,
      "2.0": 0.009888451264067474,
      "4.0": 0.0822074325341959
    },
    "trailer": {
      "0.5": 0.0,
      "1.0": 0.0,
      "2.0": 0.0,
      "4.0": 0.0
    },
    "construction_vehicle": {
      "0.5": 0.0,
      "1.0": 0.0,
      "2.0": 0.0,
      "4.0": 0.0
    },
    "pedestrian": {
      "0.5": 0.0,
      "1.0": 0.0,
      "2.0": 0.0,
      "4.0": 0.013827360948233813
    },
    "motorcycle": {
      "0.5": 0.0,
      "1.0": 0.0,
      "2.0": 0.0,
      "4.0": 0.0
    },
    "bicycle": {
      "0.5": 0.0,
      "1.0": 0.0,
      "2.0": 0.0,
      "4.0": 0.0
    },
    "traffic_cone": {
      "0.5": 0.0,
      "1.0": 0.0,
      "2.0": 0.0,
      "4.0": 0.00875537431464749
    },
    "barrier": {
      "0.5": 0.0,
      "1.0": 0.0001124302388746808,
      "2.0": 0.023188083638463832,
      "4.0": 0.11368058462628947
    }
  },
  "mean_dist_aps": {
    "car": 0.1197728060476191,
    "truck": 0.0015456638175415306,
    "bus": 0.023023970949565844,
    "trailer": 0.0,
    "construction_vehicle": 0.0,
    "pedestrian": 0.0034568402370584532,
    "motorcycle": 0.0,
    "bicycle": 0.0,
    "traffic_cone": 0.0021888435786618725,
    "barrier": 0.03424527462590699
  },
  "mean_ap": 0.018423339925635378,
  "label_tp_errors": {
    "car": {
      "trans_err": 1.0887362090327866,
      "scale_err": 0.2186144362281947,
      "orient_err": 1.4734137156822265,
      "vel_err": 1.0,
      "attr_err": 0.46015267154778156
    },
    "truck": {
      "trans_err": 1.1410764971756762,
      "scale_err": 0.41152954432816113,
      "orient_err": 1.2648319106733388,
      "vel_err": 1.0,
      "attr_err": 0.2918738323940433
    },
    "bus": {
      "trans_err": 1.0542358537511745,
      "scale_err": 0.25119629602667337,
      "orient_err": 1.4240622687883728,
      "vel_err": 1.0,
      "attr_err": 0.8010089179428592
    },
    "trailer": {
      "trans_err": 1.3241199502465193,
      "scale_err": 0.33584608862957793,
      "orient_err": 1.8445901107867804,
      "vel_err": 1.0,
      "attr_err": 0.09917540515978694
    },
    "construction_vehicle": {
      "trans_err": 1.0,
      "scale_err": 1.0,
      "orient_err": 1.0,
      "vel_err": 1.0,
      "attr_err": 1.0
    },
    "pedestrian": {
      "trans_err": 1.223420857624975,
      "scale_err": 0.5449547551687347,
      "orient_err": 1.475335863435982,
      "vel_err": 1.0,
      "attr_err": 0.31484549744882223
    },
    "motorcycle": {
      "trans_err": 1.0,
      "scale_err": 1.0,
      "orient_err": 1.0,
      "vel_err": 1.0,
      "attr_err": 1.0
    },
    "bicycle": {
      "trans_err": 1.0,
      "scale_err": 1.0,
      "orient_err": 1.0,
      "vel_err": 1.0,
      "attr_err": 1.0
    },
    "traffic_cone": {
      "trans_err": 1.0,
      "scale_err": 1.0,
      "orient_err": NaN,
      "vel_err": NaN,
      "attr_err": NaN
    },
    "barrier": {
      "trans_err": 1.2071022024819997,
      "scale_err": 0.5365588247791284,
      "orient_err": 0.6348392806047561,
      "vel_err": NaN,
      "attr_err": NaN
    }
  },
  "tp_errors": {
    "trans_err": 1.1038691570313133,
    "scale_err": 0.629869994516047,
    "orient_err": 1.2352303499968285,
    "vel_err": 1.0,
    "attr_err": 0.6208820405616616
  },
  "tp_scores": {
    "trans_err": 0.0,
    "scale_err": 0.37013000548395303,
    "orient_err": 0.0,
    "vel_err": 0.0,
    "attr_err": 0.37911795943833837
  },
  "nd_score": 0.08413646645504683,
  "eval_time": 108.25677013397217,
  "meta": {
    "use_camera": false,
    "use_lidar": false,
    "use_radar": false,
    "use_map": false,
    "use_external": false
  }
}