{
  "label_aps": {
    "car": {
      "0.5": 0.10685570613699845,
      "1.0": 0.337647369890685,
      "2.0": 0.4966625097671251,
      "4.0": 0.576214906521896
    },
    "truck": {
      "0.5": 0.00022638894528950377,
      "1.0": 0.02237289050287099,
      "2.0": 0.0709822510147176,
      "4.0": 0.10347823274212728
    },
    "bus": {
      "0.5": 0.0,
      "1.0": 0.02369810683918908,
      "2.0": 0.16509466048365276,
      "4.0": 0.23849973614279363
    },
    "trailer": {
      "0.5": 0.0,
      "1.0": 0.0,
      "2.0": 0.02451757174518371,
      "4.0": 0.047441279764434394
    },
    "construction_vehicle": {
      "0.5": 0.0,
      "1.0": 0.0,
      "2.0": 0.0,
      "4.0": 0.0
    },
    "pedestrian": {
      "0.5": 0.02788190663142059,
      "1.0": 0.15404032302441423,
      "2.0": 0.23254859977483777,
      "4.0": 0.27434253817081405
    },
    "motorcycle": {
      "0.5": 0.0,
      "1.0": 0.0,
      "2.0": 0.0,
      "4.0": 0.0
    },
    "bicycle": {
      "0.5": 0.0,
      "1.0": 0.0,
      "2.0": 0.0,
      "4.0": 0.0
    },
    "traffic_cone": {
      "0.5": 0.0,
      "1.0": 0.0055948034214292385,
      "2.0": 0.041854486200355985,
      "4.0": 0.07917545678681275
    },
    "barrier": {
      "0.5": 0.0,
      "1.0": 0.05384145098238996,
      "2.0": 0.2151818479077741,
      "4.0": 0.276599306626275
    }
  },
  "mean_dist_aps": {
    "car": 0.3793451230791761,
    "truck": 0.04926494080125134,
    "bus": 0.10682312586640887,
    "trailer": 0.017989712877404525,
    "construction_vehicle": 0.0,
    "pedestrian": 0.17220334190037168,
    "motorcycle": 0.0,
    "bicycle": 0.0,
    "traffic_cone": 0.03165618660214949,
    "barrier": 0.13640565137910976
  },
  "mean_ap": 0.08936880825058718,
  "label_tp_errors": {
    "car": {
      "trans_err": 0.5754695589190106,
      "scale_err": 0.1936827546728015,
      "orient_err": 0.9975831816186649,
      "vel_err": 1.0,
      "attr_err": 0.41900723442331533
    },
    "truck": {
      "trans_err": 0.7598134983395075,
      "scale_err": 0.29653467886821394,
      "orient_err": 0.9145873621935652,
      "vel_err": 1.0,
      "attr_err": 0.3279741293614326
    },
    "bus": {
      "trans_err": 0.9274594150549724,
      "scale_err": 0.18497751566596674,
      "orient_err": 1.2039259304529255,
      "vel_err": 1.0,
      "attr_err": 0.7843188491327491
    },
    "trailer": {
      "trans_err": 1.0230100196786729,
      "scale_err": 0.22915302600117265,
      "orient_err": 1.7817210450120642,
      "vel_err": 1.0,
      "attr_err": 0.15775422079644805
    },
    "construction_vehicle": {
      "trans_err": 1.0,
      "scale_err": 1.0,
      "orient_err": 1.0,
      "vel_err": 1.0,
      "attr_err": 1.0
    },
    "pedestrian": {
      "trans_err": 0.693826743295392,
      "scale_err": 0.3271941231666874,
      "orient_err": 1.602097412795015,
      "vel_err": 1.0,
      "attr_err": 0.15726014437950908
    },
    "motorcycle": {
      "trans_err": 1.0,
      "scale_err": 1.0,
      "orient_err": 1.0,
      "vel_err": 1.0,
      "attr_err": 1.0
    },
    "bicycle": {
      "trans_err": 1.0,
      "scale_err": 1.0,
      "orient_err": 1.0,
      "vel_err": 1.0,
      "attr_err": 1.0
    },
    "traffic_cone": {
      "trans_err": 0.9523671349850011,
      "scale_err": 0.49079479541961063,
      "orient_err": NaN,
      "vel_err": NaN,
      "attr_err": NaN
    },
    "barrier": {
      "trans_err": 0.9391288675247665,
      "scale_err": 0.39287890066480474,
      "orient_err": 0.20880841974590258,
      "vel_err": NaN,
      "attr_err": NaN
    }
  },
  "tp_errors": {
    "trans_err": 0.8871075237797325,
    "scale_err": 0.5115215794459258,
    "orient_err": 1.0787470390909042,
    "vel_err": 1.0,
    "attr_err": 0.6057893222616818
  },
  "tp_scores": {
    "trans_err": 0.11289247622026755,
    "scale_err": 0.4884784205540742,
    "orient_err": 0.0,
    "vel_err": 0.0,
    "attr_err": 0.3942106777383182
  },
  "nd_score": 0.1442425615765596,
  "eval_time": 77.16662979125977,
  "meta": {
    "use_camera": false,
    "use_lidar": false,
    "use_radar": false,
    "use_map": false,
    "use_external": false
  }
}